id,text,event_date,location,event,start_loc,end_loc,parent_road,cleaned_location,start_lat,start_lng,start_postal_code,start_pa_id,start_sz_id,start_rn_id,origin_lat,origin_lng,origin_pa_id,origin_sz_id,origin_rn_id,end100_a_lat,end100_a_lng,end100_b_lat,end100_b_lng,end_lat,end_lng,end_postal_code,end_pa_id,end_sz_id,end_rn_id,geom,updated_at
1,,2014-03-20,YISHUN MRT,flash_flood,,,,,1.429525,103.834995,769093.0,55,316,15332,1.42950745809723,103.835268051234,55,316,15332,1.42860478425208,103.835213282852,1.4303601,103.8352969,,,,0,0,0,0101000020E610000067DC200875F55940B4A65E3643DFF63F,2025-11-18 19:14:19.68637+00
2,,2014-04-04,2 KAKI BUKIT ROAD 3,flash_flood,,,,,1.337334,103.901943,416161.0,1,211,14344,1.33755315616812,103.901362903152,1,211,14344,1.33673174219954,103.900989883029,1.3382578,103.9016342,,,,0,0,0,0101000020E610000044B707EEAFF95940697566239E66F53F,2025-11-18 19:14:19.68637+00
3,,2014-04-23,PSC BUILDING,flash_flood,,,,,1.328863,103.706189,629813.0,13,105,15785,1.32781663548065,103.70621266657,13,105,15785,1.3278105,103.7059414,1.32792656630007,103.707101539113,,,,0,0,0,0101000020E610000018BC9C9632ED5940159607A8BC3EF53F,2025-11-18 19:14:19.68637+00
4,,2014-04-23,21229 (BUS STOP),flash_flood,,,,,1.342064,103.71602,648923.0,13,208,25318,1.34206769783616,103.715962086052,13,208,25318,1.3425859,103.7159924,1.34116533521272,103.715957080488,,,,0,0,0,0101000020E61000003731A452D2ED5940E19673FA1B79F53F,2025-11-18 19:14:19.68637+00
5,,2014-05-16,TENGAH FLYOVER,flash_flood,,,,,1.363822,103.707043,648170.0,49,335,13184,1.36441015752847,103.706540832526,49,335,13184,1.36497634757628,103.707240629188,1.36382371020346,103.70585692363,,,,0,0,0,0101000020E6100000313F0AF737ED5940C8A3CEBE9FD4F53F,2025-11-18 19:14:19.68637+00
6,,2014-05-16,PSC BUILDING,flash_flood,,,,,1.328863,103.706189,629813.0,13,105,15785,1.32781663548065,103.70621266657,13,105,15785,1.3278105,103.7059414,1.32792656630007,103.707101539113,,,,0,0,0,0101000020E610000018BC9C9632ED5940159607A8BC3EF53F,2025-11-18 19:14:19.68637+00
7,,2014-05-16,21229 (BUS STOP),flash_flood,,,,,1.342064,103.71602,648923.0,13,208,25318,1.34206769783616,103.715962086052,13,208,25318,1.3425859,103.7159924,1.34116533521272,103.715957080488,,,,0,0,0,0101000020E61000003731A452D2ED5940E19673FA1B79F53F,2025-11-18 19:14:19.68637+00
8,,2014-06-25,45019 (BUS STOP),flash_flood,,,,,1.388299,103.755539,682036.0,5,247,23242,1.38827192382079,103.75548243772,5,247,23242,1.3889035,103.7551831,1.38748787179409,103.755929267111,,,,0,0,0,0101000020E610000064AD02D359F05940B43EEC9E5C36F63F,2025-11-18 19:14:19.68637+00
9,,2014-06-25,45061 (BUS STOP),flash_flood,,,,,1.407181,103.756063,729678.0,28,277,33566,1.4071826186033,103.756082861926,28,277,33566,1.40627910083369,103.756101078895,1.407749,103.7560145,,,,0,0,0,0101000020E610000093425FA963F05940B369E6EBD183F63F,2025-11-18 19:14:19.68637+00
10,,2014-09-07,45019 (BUS STOP),flash_flood,,,,,1.388299,103.755539,682036.0,5,247,23242,1.38827192382079,103.75548243772,5,247,23242,1.3889035,103.7551831,1.38748787179409,103.755929267111,,,,0,0,0,0101000020E610000064AD02D359F05940B43EEC9E5C36F63F,2025-11-18 19:14:19.68637+00
11,,2014-09-07,COMMONWEALTH LANE,flash_flood,,,,,1.304553,103.797475,149547.0,17,227,4923,1.30438198250224,103.797323955349,17,227,4923,1.30498825631359,103.796657424817,1.303885,103.7978921,,,,0,0,0,0101000020E610000090220E5B07F35940976B45A4BFDEF43F,2025-11-18 19:14:19.68637+00
12,,2014-07-29,BASSEIN ROAD,flash_flood,,,,,1.323316,103.848088,309838.0,25,175,35689,1.3233343804398,103.848097822606,25,175,35689,1.32360750848896,103.847310912607,1.3232138,103.8483234,,,,0,0,0,0101000020E6100000B4F9163C47F65940DB94DAAB602CF53F,2025-11-18 19:14:19.68637+00
13,,2014-07-29,MACKENZIE ROAD,flash_flood,,,,,1.305873,103.848002,228708.0,44,74,4908,1.30587494136754,103.848003350685,44,74,4908,1.30639162590896,103.847265891559,1.3055518,103.8484492,,,,0,0,0,0101000020E6100000D485D8AF45F659408F6E5D1FDDE4F43F,2025-11-18 19:14:19.68637+00
14,,2014-07-29,KRAMAT LANE,flash_flood,,,,,1.300979,103.842274,228750.0,45,79,5090,1.30147666709726,103.842411964379,45,79,5090,1.3014583,103.8424817,1.3017287675712,103.841549097694,,,,0,0,0,0101000020E6100000FB30DF13EAF559406D099B32D9D2F43F,2025-11-18 19:14:19.68637+00
15,,2014-03-09,14379 (BUS STOP),flash_flood,,,,,1.272438,103.823794,90109.0,4,36,9236,1.27249823778956,103.823860479295,4,36,9236,1.272378,103.823973,1.27318555518898,103.823279256075,,,,0,0,0,0101000020E61000009FC24D21BAF459408961B81C275CF43F,2025-11-18 19:14:19.68637+00
16,,2014-09-24,2 MANDAI ROAD,flash_flood,,,,,1.402422,103.815417,779403.0,55,327,17347,1.40261650784855,103.815369394144,55,327,17347,1.4025913,103.8152664,1.40274088369778,103.816250209546,,,,0,0,0,0101000020E610000080801C032FF45940C0A0E0011E71F63F,2025-11-18 19:14:19.68637+00
17,,2014-04-10,21329 (BUS STOP),flash_flood,,,,,1.326915,103.709018,619625.0,2,147,29672,1.32689164653669,103.708928448921,2,147,29672,1.3274337,103.7087879,1.32601766278774,103.7091593641,,,,0,0,0,0101000020E61000007DD46D155FED5940D95E33BCF23AF53F,2025-11-18 19:14:19.68637+00
18,,2014-04-10,LORONG BUANGKOK,flash_flood,,,,,1.383418,103.877972,805910.0,11,243,33498,1.3832525600684,103.87797508034,11,243,33498,1.38329809602699,103.878872439743,1.3832472,103.8776872,,,,0,0,0,0101000020E6100000DF3064BE30F85940EFA1B96FCD21F63F,2025-11-18 19:14:19.68637+00
19,,2014-10-31,45061 (BUS STOP),flash_flood,,,,,1.407181,103.756063,729678.0,28,277,33566,1.4071826186033,103.756082861926,28,277,33566,1.40627910083369,103.756101078895,1.407749,103.7560145,,,,0,0,0,0101000020E610000093425FA963F05940B369E6EBD183F63F,2025-11-18 19:14:19.68637+00
20,,2014-06-11,58161 (BUS STOP),flash_flood,,,,,1.460528,103.820374,757443.0,19,296,33878,1.46048138564846,103.820343560748,19,296,33878,1.46097609612562,103.819591353706,1.45999687147193,103.821102188937,,,,0,0,0,0101000020E61000008839478280F459402D6EBCBA215EF73F,2025-11-18 19:14:19.68637+00
21,,2014-08-11,42241 (BUS STOP),flash_flood,,,,,1.337118,103.767085,598112.0,6,152,21090,1.33705977734034,103.767098554801,6,152,21090,1.3371033,103.7672855,1.3368681,103.7662926,,,,0,0,0,0101000020E6100000836B892418F15940C09407CB9864F53F,2025-11-18 19:14:19.68637+00
22,,2014-08-11,40099 (BUS STOP),flash_flood,,,,,1.321852,103.82344,259372.0,25,150,24175,1.32175598418639,103.82341147342,25,150,24175,1.3218451,103.8229044,1.3215241,103.8241009,,,,0,0,0,0101000020E6100000465F09C6B2F459401CF7559AE925F53F,2025-11-18 19:14:19.68637+00
23,,2014-11-13,YISHUN MRT,flash_flood,,,,,1.429525,103.834995,769093.0,55,316,15332,1.42950745809723,103.835268051234,55,316,15332,1.42860478425208,103.835213282852,1.4303601,103.8352969,,,,0,0,0,0101000020E610000067DC200875F55940B4A65E3643DFF63F,2025-11-18 19:14:19.68637+00
24,,2014-11-13,SEMBAWANG SHOPPING CENTRE,flash_flood,,,,,1.441853,103.82497,758459.0,19,323,22894,1.44140699730816,103.825121491417,19,323,22894,1.4414052,103.8251162,1.4416112,103.825632,,,,0,0,0,0101000020E61000003F375FCACEF4594028A09AC80010F73F,2025-11-18 19:14:19.68637+00
25,,2014-11-13,TAN HENG LEE BUILDING,flash_flood,,,,,1.332819,103.884451,369610.0,29,192,13554,1.33285165738591,103.884611099376,29,192,13554,1.3326585,103.8846505,1.33373753126467,103.884430328154,,,,0,0,0,0101000020E6100000F65FDF779DF8594018456E425C53F53F,2025-11-18 19:14:19.68637+00
26,,2014-11-13,LORONG GAMBIR,flash_flood,,,,,1.345476,103.875567,556140.0,21,201,26568,1.34549013443406,103.875588657045,21,201,26568,1.3459374,103.8753266,1.3452186,103.875769,,,,0,0,0,0101000020E61000005EB001A509F859404DC2C7A92087F53F,2025-11-18 19:14:19.68637+00
27,,2014-11-13,LORONG ONG LYE,flash_flood,,,,,1.347784,103.879043,534965.0,21,201,18578,1.34778549434607,103.879050238667,21,201,18578,1.34689009541165,103.879149962887,1.3478317,103.8790407,,,,0,0,0,0101000020E610000076A7EE5B42F8594037D5C3858790F53F,2025-11-18 19:14:19.68637+00
28,,2014-11-17,LORONG GAMBIR,flash_flood,,,,,1.345476,103.875567,556140.0,21,201,26568,1.34549013443406,103.875588657045,21,201,26568,1.3459374,103.8753266,1.3452186,103.875769,,,,0,0,0,0101000020E61000005EB001A509F859404DC2C7A92087F53F,2025-11-18 19:14:19.68637+00
29,,2014-11-17,LORONG ONG LYE,flash_flood,,,,,1.347784,103.879043,534965.0,21,201,18578,1.34778549434607,103.879050238667,21,201,18578,1.34689009541165,103.879149962887,1.3478317,103.8790407,,,,0,0,0,0101000020E610000076A7EE5B42F8594037D5C3858790F53F,2025-11-18 19:14:19.68637+00
30,,2014-11-17,63139 (BUS STOP),flash_flood,,,,,1.361202,103.891412,532373.0,11,186,27379,1.36119376003174,103.891412971222,11,186,27379,1.36129967097304,103.892305351066,1.3611535,103.891072,,,,0,0,0,0101000020E610000028A8FDE80CF9594099B0AD1B73C7F53F,2025-11-18 19:14:19.68637+00
31,,2014-11-17,HOUGANG AVE 1,flash_flood,,,,,1.353703,103.890681,530106.0,11,186,27717,1.3535425841854,103.891053357213,11,186,27717,1.35271285845054,103.890695901659,1.35437231006984,103.891410812519,,,,0,0,0,0101000020E6100000210EA90407F95940331DCD441CA8F53F,2025-11-18 19:14:19.68637+00
32,,2014-11-17,MACPHERSON ROAD,flash_flood,,,,,1.328704,103.872121,348741.0,53,145,16166,1.32886428841279,103.872066688855,53,145,16166,1.3290461,103.8726032,1.328652,103.8714405,,,,0,0,0,0101000020E6100000F323CDF0CFF759404FE238330743F53F,2025-11-18 19:14:19.68637+00
33,,2014-11-26,16 SUNSET DRIVE,flash_flood,,,,,1.325782,103.766715,597092.0,10,151,17638,1.32583136332501,103.766630556375,10,151,17638,1.32661082616737,103.767086207818,1.325607,103.7664994,,,,0,0,0,0101000020E6100000C3EF9B7910F1594049DF97F29A36F53F,2025-11-18 19:14:19.68637+00
34,,2014-12-17,11429 (BUS STOP),flash_flood,,,,,1.30454,103.798363,149597.0,17,53,4910,1.30449488562901,103.798412383396,17,53,4910,1.3047705,103.7986751,1.303885,103.7978921,,,,0,0,0,0101000020E610000017DA403019F35940C836790736DFF43F,2025-11-18 19:14:19.68637+00
35,,2014-12-17,ENTERPRISE ROAD,flash_flood,,,,,1.333312,103.705117,629840.0,13,105,15786,1.33331766292306,103.705116976365,13,105,15786,1.3333169,103.7055118,1.33331609432756,103.704218424358,,,,0,0,0,0101000020E6100000EB55F4A220ED594068F0D6E64455F53F,2025-11-18 19:14:19.68637+00
36,,2014-12-24,NATIONAL SHOOTING CENTRE,flash_flood,,,,,1.372792,103.682976,698910.0,32,307,15643,1.3724093,103.6834659,32,307,15643,1.3724093,103.6834659,1.3723825,103.6835028,,,,0,0,0,0101000020E6100000991BC2E7BDEB5940BB9E437463F5F53F,2025-11-18 19:14:19.68637+00
37,,2015-04-24,LORNIE VIADUCT,flash_flood,,,,,1.344614,103.8435,579847.0,51,331,24336,1.34450846609019,103.843447144732,51,331,24336,1.34489841249531,103.842636638034,1.3444256,103.8436126,,,,0,0,0,0101000020E6100000E2A1BB09FBF55940FAD6304F1B83F53F,2025-11-18 19:14:19.68637+00
38,,2015-03-05,NATIONAL SHOOTING CENTRE,flash_flood,,,,,1.372792,103.682976,698910.0,32,307,15643,1.3724093,103.6834659,32,307,15643,1.3724093,103.6834659,1.3723825,103.6835028,,,,0,0,0,0101000020E6100000991BC2E7BDEB5940BB9E437463F5F53F,2025-11-18 19:14:19.68637+00
39,,2015-08-06,CHIN BEE AVE,flash_flood,,,,,1.333502,103.712787,619941.0,13,193,15751,1.33350312660157,103.712786663324,13,193,15751,1.33376043174386,103.713648082404,1.33324535841991,103.71192538293,,,,0,0,0,0101000020E61000000100F44B9EED59402DE1DD5F0756F53F,2025-11-18 19:14:19.68637+00
40,,2015-08-06,21229 (BUS STOP),flash_flood,,,,,1.342064,103.71602,648923.0,13,208,25318,1.34206769783616,103.715962086052,13,208,25318,1.3425859,103.7159924,1.34116533521272,103.715957080488,,,,0,0,0,0101000020E61000003731A452D2ED5940E19673FA1B79F53F,2025-11-18 19:14:19.68637+00
41,,2015-11-08,NANYANG TECHNOLOGICAL UNIVERSITY NORTH SPINE,flash_flood,,,,,1.346176,103.682049,639798.0,32,307,35086,1.3455242,103.6824111,32,307,35086,1.34594861901379,103.683201002904,1.34483453955942,103.681837218456,,,,0,0,0,0101000020E61000005A3B9B9FACEB594001A02F624487F53F,2025-11-18 19:14:19.68637+00
42,,2015-12-08,TAMPINES STREET 32,flash_flood,,,,,1.353779,103.957994,520384.0,47,185,42774,1.35377490086629,103.957994009569,47,185,42774,1.35377719632445,103.958892549495,1.3537748,103.9579508,,,,0,0,0,0101000020E61000002B371BC64FFD5940AFDCD5DE0FA9F53F,2025-11-18 19:14:19.68637+00
43,,2015-09-09,JURONG WEST STREET 51,flash_flood,,,,,1.347889,103.720531,640511.0,13,261,21253,1.34787448383149,103.720506074374,13,261,21253,1.34709316862404,103.720958294185,1.34865630418303,103.720054429596,,,,0,0,0,0101000020E6100000558082C51CEE5940BAB4B2D5E490F53F,2025-11-18 19:14:19.68637+00
44,,2015-02-12,12111 (BUS STOP),flash_flood,,,,,1.319118,103.77223,120343.0,6,132,939,1.31917505176328,103.772211941723,6,132,939,1.3193858,103.7727165,1.3191199,103.7719738,,,,0,0,0,0101000020E6100000E7D1A2EB6BF15940AE5B904C571BF53F,2025-11-18 19:14:19.68637+00
45,,2015-05-12,ANG MO KIO STREET 31,flash_flood,,,,,1.365873,103.848056,560320.0,52,330,28981,1.36584742283272,103.848056717283,52,330,28981,1.36586635096885,103.848955084577,1.36586402842875,103.84715962776,,,,0,0,0,0101000020E6100000A878AE8F46F659404647C6D382DAF53F,2025-11-18 19:14:19.68637+00
46,,2015-05-12,CHURCH OF ST VINCENT DE PAUL,flash_flood,,,,,1.382224,103.876411,805910.0,21,249,23779,1.38224840328063,103.876145970204,21,249,23779,1.3820174,103.8761247,1.3829704,103.8762125,,,,0,0,0,0101000020E61000002A238CC612F85940DF9D7080B01DF63F,2025-11-18 19:14:19.68637+00
47,,2015-05-12,LORONG BUANGKOK,flash_flood,,,,,1.383418,103.877972,805910.0,11,243,33498,1.3832525600684,103.87797508034,11,243,33498,1.38329809602699,103.878872439743,1.3832472,103.8776872,,,,0,0,0,0101000020E6100000DF3064BE30F85940EFA1B96FCD21F63F,2025-11-18 19:14:19.68637+00
48,,2015-10-12,21229 (BUS STOP),flash_flood,,,,,1.342064,103.71602,648923.0,13,208,25318,1.34206769783616,103.715962086052,13,208,25318,1.3425859,103.7159924,1.34116533521272,103.715957080488,,,,0,0,0,0101000020E61000003731A452D2ED5940E19673FA1B79F53F,2025-11-18 19:14:19.68637+00
49,,2015-10-12,69 BOON KENG ROAD,flash_flood,,,,,1.317147,103.862497,339772.0,22,174,304,1.31704094864462,103.862411498231,22,174,304,1.31760089727216,103.861705937965,1.316887,103.8626036,,,,0,0,0,0101000020E61000000E26FFBF31F7594041BE9E879912F53F,2025-11-18 19:14:19.68637+00
50,,2015-10-12,MAXWELL FOOD CENTRE,flash_flood,,,,,1.280331,103.844747,88437.0,40,40,8473,1.2801019125819,103.844463592003,40,40,8473,1.2803997,103.8441945,1.2797682,103.8447494,,,,0,0,0,0101000020E61000002D9405B10BF659409D61A1244C7BF43F,2025-11-18 19:14:19.68637+00
51,,2015-10-12,CHANGI FLYOVER,flash_flood,,,,,1.345806,103.982914,819658.0,8,298,40169,1.34558327794243,103.983429161913,8,298,40169,1.3447708,103.9830779,1.34641253655732,103.9837876784,,,,0,0,0,0101000020E61000005716DE80F0FE59404EEACC548287F53F,2025-11-18 19:14:19.68637+00
52,,2015-11-12,21229 (BUS STOP),flash_flood,,,,,1.342064,103.71602,648923.0,13,208,25318,1.34206769783616,103.715962086052,13,208,25318,1.3425859,103.7159924,1.34116533521272,103.715957080488,,,,0,0,0,0101000020E61000003731A452D2ED5940E19673FA1B79F53F,2025-11-18 19:14:19.68637+00
53,,2015-11-12,69 BOON KENG ROAD,flash_flood,,,,,1.317147,103.862497,339772.0,22,174,304,1.31704094864462,103.862411498231,22,174,304,1.31760089727216,103.861705937965,1.316887,103.8626036,,,,0,0,0,0101000020E61000000E26FFBF31F7594041BE9E879912F53F,2025-11-18 19:14:19.68637+00
54,,2015-11-12,NEO PEE TECK LANE,flash_flood,,,,,1.292623,103.769021,118759.0,17,25,10160,1.29260430872269,103.769043369308,17,25,10160,1.292127,103.7686515,1.2930744,103.7694361,,,,0,0,0,0101000020E61000007718AE0138F15940471F0ADB81AEF43F,2025-11-18 19:14:19.68637+00
55,,2015-11-12,BALESTIER POINT,flash_flood,,,,,1.322812,103.852026,329735.0,25,175,23491,1.32310674408748,103.852388706264,25,175,23491,1.322556,103.8527134,1.3234184,103.8521354,,,,0,0,0,0101000020E61000009E385C898DF6594075902FFA712BF53F,2025-11-18 19:14:19.68637+00
56,,2015-11-12,PEK KIO CC,flash_flood,,,,,1.313059,103.851374,219458.0,22,129,9689,1.31327757124051,103.851617415537,22,129,9689,1.3128704,103.8519979,1.3139217,103.8510619,,,,0,0,0,0101000020E6100000FA1B55E680F65940DEC5B0572F03F53F,2025-11-18 19:14:19.68637+00
57,,2015-11-12,50199 (BUS STOP),flash_flood,,,,,1.324968,103.850509,308231.0,25,175,31787,1.32501565447039,103.850546335133,25,175,31787,1.3248955,103.8506997,1.3253207,103.8501015,,,,0,0,0,0101000020E61000001E48E5596FF65940B8366A9D4333F53F,2025-11-18 19:14:19.68637+00
58,,2016-01-22,NEO PEE TECK LANE,flash_flood,,,,,1.292623,103.769021,118759.0,17,25,10160,1.29260430872269,103.769043369308,17,25,10160,1.292127,103.7686515,1.2930744,103.7694361,,,,0,0,0,0101000020E61000007718AE0138F15940471F0ADB81AEF43F,2025-11-18 19:14:19.68637+00
59,,2016-09-04,MARKET & HAWKER CENTRE (BLK 20 GHIM MOH ROAD),flash_flood,,,,,1.277368,103.818652,90011.0,4,39,3666,1.27785128086866,103.818483036285,4,39,3666,1.27814128144793,103.819334085661,1.2776297,103.8178458,,,,0,0,0,0101000020E61000004D4BAC0662F45940AFB8472F1472F43F,2025-11-18 19:14:19.68637+00
60,,2016-04-20,2 ENTERPRISE ROAD,flash_flood,,,,,1.333642,103.707847,629814.0,13,105,15788,1.33295491452018,103.70766939297,13,105,15788,1.33318308798338,103.70680000139,1.3327776,103.7083941,,,,0,0,0,0101000020E61000000FCC90744AED5940AB814E88C853F53F,2025-11-18 19:14:19.68637+00
61,,2016-11-05,45061 (BUS STOP),flash_flood,,,,,1.407181,103.756063,729678.0,28,277,33566,1.4071826186033,103.756082861926,28,277,33566,1.40627910083369,103.756101078895,1.407749,103.7560145,,,,0,0,0,0101000020E610000093425FA963F05940B369E6EBD183F63F,2025-11-18 19:14:19.68637+00
62,,2016-11-05,YISHUN MRT,flash_flood,,,,,1.429525,103.834995,769093.0,55,316,15332,1.42950745809723,103.835268051234,55,316,15332,1.42860478425208,103.835213282852,1.4303601,103.8352969,,,,0,0,0,0101000020E610000067DC200875F55940B4A65E3643DFF63F,2025-11-18 19:14:19.68637+00
63,,2016-05-18,PSC BUILDING,flash_flood,,,,,1.328863,103.706189,629813.0,13,105,15785,1.32781663548065,103.70621266657,13,105,15785,1.3278105,103.7059414,1.32792656630007,103.707101539113,,,,0,0,0,0101000020E610000018BC9C9632ED5940159607A8BC3EF53F,2025-11-18 19:14:19.68637+00
64,,2016-06-17,TUAS UNDERPASS,flash_flood,,,,,1.321705,103.663691,638481.0,15,138,20590,1.32213078120682,103.663873930571,15,138,20590,1.32211,103.6639223,1.3221782,103.6632774,,,,0,0,0,0101000020E6100000F01D15E97CEA59405E17259B7227F53F,2025-11-18 19:14:19.68637+00
65,,2016-06-17,ENTERPRISE ROAD,flash_flood,,,,,1.333312,103.705117,629840.0,13,105,15786,1.33331766292306,103.705116976365,13,105,15786,1.3333169,103.7055118,1.33331609432756,103.704218424358,,,,0,0,0,0101000020E6100000EB55F4A220ED594068F0D6E64455F53F,2025-11-18 19:14:19.68637+00
66,,2016-06-17,21229 (BUS STOP),flash_flood,,,,,1.342064,103.71602,648923.0,13,208,25318,1.34206769783616,103.715962086052,13,208,25318,1.3425859,103.7159924,1.34116533521272,103.715957080488,,,,0,0,0,0101000020E61000003731A452D2ED5940E19673FA1B79F53F,2025-11-18 19:14:19.68637+00
67,,2016-08-07,21229 (BUS STOP),flash_flood,,,,,1.342064,103.71602,648923.0,13,208,25318,1.34206769783616,103.715962086052,13,208,25318,1.3425859,103.7159924,1.34116533521272,103.715957080488,,,,0,0,0,0101000020E61000003731A452D2ED5940E19673FA1B79F53F,2025-11-18 19:14:19.68637+00
68,,2016-07-13,21229 (BUS STOP),flash_flood,,,,,1.342064,103.71602,648923.0,13,208,25318,1.34206769783616,103.715962086052,13,208,25318,1.3425859,103.7159924,1.34116533521272,103.715957080488,,,,0,0,0,0101000020E61000003731A452D2ED5940E19673FA1B79F53F,2025-11-18 19:14:19.68637+00
69,,2016-07-26,NEO PEE TECK LANE,flash_flood,,,,,1.292623,103.769021,118759.0,17,25,10160,1.29260430872269,103.769043369308,17,25,10160,1.292127,103.7686515,1.2930744,103.7694361,,,,0,0,0,0101000020E61000007718AE0138F15940471F0ADB81AEF43F,2025-11-18 19:14:19.68637+00
70,,2016-09-14,50 HOUGANG AVE 1,flash_flood,,,,,1.360305,103.888083,530211.0,11,186,30585,1.36033478832068,103.888412898692,11,186,30585,1.3601609,103.8884286,1.3606533,103.8883796,,,,0,0,0,0101000020E61000006F4EC6C1DBF85940A72C3769EEC3F53F,2025-11-18 19:14:19.68637+00
71,,2016-12-24,NEWTON CIRCUS,flash_flood,,,,,1.313224,103.838945,307943.0,44,108,7358,1.31324739659033,103.838928497589,44,108,7358,1.3130024,103.8387115,1.3134317,103.8392881,,,,0,0,0,0101000020E6100000E2342701B1F55940199ABEB30F03F53F,2025-11-18 19:14:19.68637+00
72,,2016-12-24,BALMORAL ROAD,flash_flood,,,,,1.313244,103.830181,257878.0,44,125,11934,1.31324557734603,103.830179547647,44,125,11934,1.3131611,103.8300878,1.3135738,103.830536,,,,0,0,0,0101000020E6100000D0BC65A921F55940E51565CB0D03F53F,2025-11-18 19:14:19.68637+00
73,,2016-12-24,CAIRNHILL ROAD,flash_flood,,,,,1.308031,103.836841,228512.0,44,56,856,1.30803758306157,103.836859676663,44,56,856,1.30888900366673,103.836556809032,1.30718551083983,103.83716071834,,,,0,0,0,0101000020E610000015A7E31B8FF55940660313D1B8EDF43F,2025-11-18 19:14:19.68637+00
74,,2016-12-24,STEVENS ROAD,flash_flood,,,,,1.31317,103.828976,257878.0,48,134,1326,1.31312861859768,103.828965349271,48,134,1326,1.3130822,103.8291457,1.31335472027182,103.828095337082,,,,0,0,0,0101000020E6100000D228AEC40DF55940611985279302F53F,2025-11-18 19:14:19.68637+00
75,,2016-12-24,UPPER THOMSON ROAD,flash_flood,,,,,1.373054,103.828958,574419.0,52,171,31145,1.37303490898825,103.828665271153,52,171,31145,1.37393789643732,103.828616503065,1.372944,103.8286712,,,,0,0,0,0101000020E6100000B4BB0FDA08F559400BEFE573F3F7F53F,2025-11-18 19:14:19.68637+00
76,,2016-12-24,ORCHARD ROAD,flash_flood,,,,,1.303228,103.83668,229921.0,45,79,851,1.30345246988684,103.836794911105,45,79,851,1.3036983,103.8363243,1.30303890221428,103.837593658344,,,,0,0,0,0101000020E6100000F5293E0C8EF55940C8DE20FAF0DAF43F,2025-11-18 19:14:19.68637+00
77,,2017-01-19,53041 (BUS STOP),flash_flood,,,,,1.353078,103.834364,574359.0,51,328,27356,1.35302671904155,103.834320118519,51,328,27356,1.35241863956889,103.834984118487,1.3530769,103.8337355,,,,0,0,0,0101000020E6100000E2DB358065F55940C55C4E58FFA5F53F,2025-11-18 19:14:19.68637+00
78,,2017-01-23,MAXWELL FOOD CENTRE,flash_flood,,,,,1.280331,103.844747,88437.0,40,40,8473,1.2801019125819,103.844463592003,40,40,8473,1.2803997,103.8441945,1.2797682,103.8447494,,,,0,0,0,0101000020E61000002D9405B10BF659409D61A1244C7BF43F,2025-11-18 19:14:19.68637+00
79,,2017-01-23,134 TANJONG PAGAR ROAD,flash_flood,,,,,1.277471,103.843403,88534.0,46,3,1568,1.27737934663374,103.843386627687,46,3,1568,1.2774862,103.8429239,1.2773463,103.8435365,,,,0,0,0,0101000020E61000002AF3E70BFAF559404C0B66532570F43F,2025-11-18 19:14:19.68637+00
80,,2017-03-02,TAMPINES STREET 22,flash_flood,,,,,1.349038,103.951095,520272.0,47,185,42554,1.3490371063534,103.951089877063,47,185,42554,1.349459,103.9509683,1.34814673255611,103.951177110604,,,,0,0,0,0101000020E6100000CD6213A8DEFC5940AC0DCEEEA795F53F,2025-11-18 19:14:19.68637+00
81,,2017-03-02,LORONG HALUS,flash_flood,,,,,1.386169,103.923226,533850.0,14,242,42801,1.38616807270498,103.923230398782,14,242,42801,1.3870578836192,103.923385777039,1.38528340179544,103.923043903711,,,,0,0,0,0101000020E61000005F5CF43416FB5940A66FB092BE2DF63F,2025-11-18 19:14:19.68637+00
82,,2017-04-02,TAMPINES FLYOVER,flash_flood,,,,,1.381657,103.917491,520175.0,54,229,42891,1.3813614,103.9173899,54,229,42891,1.380880771421,103.918141682156,1.38104304948824,103.916595033238,,,,0,0,0,0101000020E6100000918B2084B6FA5940F34E4F690E1AF63F,2025-11-18 19:14:19.68637+00
83,,2017-04-02,BEDOK NORTH FLYOVER,flash_flood,,,,,1.332028,103.920369,460540.0,1,95,37644,1.33170894095993,103.920131589927,1,95,37644,1.3321206,103.9197716,1.33177323593703,103.920938105951,,,,0,0,0,0101000020E610000026B09B6FE3FA59405B6BD308AE4EF53F,2025-11-18 19:14:19.68637+00
84,,2017-08-02,TOA PAYOH LORONG 1,flash_flood,,,,,1.338046,103.844734,310127.0,29,210,26287,1.33825705442483,103.843826769649,29,210,26287,1.338644,103.8439116,1.33737153527761,103.843648988233,,,,0,0,0,0101000020E610000054C8FE4101F65940AD55A63A8069F53F,2025-11-18 19:14:19.68637+00
85,,2017-08-02,TOA PAYOH LORONG 2,flash_flood,,,,,1.336287,103.846514,319640.0,29,96,22531,1.3362284673765,103.846251530181,29,96,22531,1.3370096,103.8461347,1.3354007293473,103.846605660123,,,,0,0,0,0101000020E61000006D942DFC28F659402CDCF5193161F53F,2025-11-18 19:14:19.68637+00
86,,2017-08-02,ORCHARD MRT EXIT 10,flash_flood,,,,,1.304048,103.831124,238878.0,45,73,89,1.30411506343362,103.831044230575,45,73,89,1.30480228907408,103.831627817372,1.3038595,103.8308472,,,,0,0,0,0101000020E61000004AF623D42FF559409EB1BAC1A7DDF43F,2025-11-18 19:14:19.68637+00
87,,2017-08-02,STAMFORD HOUSE,flash_flood,,,,,1.294162,103.850711,179949.0,40,88,355,1.29434021688905,103.85082403763,40,88,355,1.29385806492253,103.851584229877,1.2944574,103.8506392,,,,0,0,0,0101000020E61000004511AAE673F6594002FA56169EB5F43F,2025-11-18 19:14:19.68637+00
88,,2017-04-18,09191 (BUS STOP),flash_flood,,,,,1.304887,103.825498,247918.0,45,142,510,1.30490975274547,103.825548670116,45,142,510,1.3046751,103.825654,1.3056011,103.8251977,,,,0,0,0,0101000020E6100000CED916CAD5F45940345F840CE9E0F43F,2025-11-18 19:14:19.68637+00
89,,2017-04-18,40191 (BUS STOP),flash_flood,,,,,1.312686,103.830427,259978.0,44,63,1328,1.3127389482946,103.830440177562,44,63,1328,1.3125548,103.8311602,1.3129034,103.8297794,,,,0,0,0,0101000020E610000078FA8EEE25F559409EC5318EFA00F53F,2025-11-18 19:14:19.68637+00
90,,2017-04-18,UNIVERSITY FLYOVER,flash_flood,,,,,1.303247,103.771674,120611.0,17,51,3389,1.30316587833587,103.771285267354,17,51,3389,1.3036653,103.7712803,1.30279647876273,103.77194372411,,,,0,0,0,0101000020E61000000CCBE1BC5CF159407573CB76C4D9F43F,2025-11-18 19:14:19.68637+00
91,,2017-04-18,69 BOON KENG ROAD,flash_flood,,,,,1.317147,103.862497,339772.0,22,174,304,1.31704094864462,103.862411498231,22,174,304,1.31760089727216,103.861705937965,1.316887,103.8626036,,,,0,0,0,0101000020E61000000E26FFBF31F7594041BE9E879912F53F,2025-11-18 19:14:19.68637+00
92,,2017-04-18,MOUNT ELIZABETH MEDICAL CENTRE,flash_flood,,,,,1.322137,103.844361,329562.0,25,175,32831,1.32177347634412,103.844733321421,25,175,32831,1.3214892,103.8443224,1.3219801,103.8449657,,,,0,0,0,0101000020E61000001356591C10F659404CE4D9F1FB25F53F,2025-11-18 19:14:19.68637+00
93,,2017-04-21,UPPER CROSS STREET,flash_flood,,,,,1.285862,103.842811,58288.0,46,18,666,1.28586941928759,103.842817202792,46,18,666,1.2857854,103.8429177,1.28660745200038,103.842341048073,,,,0,0,0,0101000020E6100000CD9F90B7F0F559406B44ECCFEB92F43F,2025-11-18 19:14:19.68637+00
94,,2017-04-27,KOVAN ROAD,flash_flood,,,,,1.358496,103.881234,548534.0,11,162,28005,1.35849274528811,103.881237229445,11,162,28005,1.3581369,103.8808786,1.3586098,103.8813552,,,,0,0,0,0101000020E6100000D71ED63066F85940D0D98DE362BCF53F,2025-11-18 19:14:19.68637+00
95,,2017-04-27,TAI SENG DRIVE,flash_flood,,,,,1.337758,103.893213,535222.0,11,202,28033,1.33774926649659,103.893231451826,11,202,28033,1.33809752471769,103.893860889755,1.33694017745147,103.892830532293,,,,0,0,0,0101000020E6100000635640B42AF95940219D5DC66B67F53F,2025-11-18 19:14:19.68637+00
96,,2017-04-27,63139 (BUS STOP),flash_flood,,,,,1.361202,103.891412,532373.0,11,186,27379,1.36119376003174,103.891412971222,11,186,27379,1.36129967097304,103.892305351066,1.3611535,103.891072,,,,0,0,0,0101000020E610000028A8FDE80CF9594099B0AD1B73C7F53F,2025-11-18 19:14:19.68637+00
97,,2017-06-18,DAIRY FARM ROAD,flash_flood,,,,,1.353493,103.787868,289759.0,7,294,13708,1.35350636602632,103.787875939323,7,294,13708,1.35399444274428,103.787119589457,1.35302509990664,103.788636499595,,,,0,0,0,0101000020E6100000922C348F6CF25940762C904AF6A7F53F,2025-11-18 19:14:19.68637+00
98,,2017-07-14,63139 (BUS STOP),flash_flood,,,,,1.361202,103.891412,532373.0,11,186,27379,1.36119376003174,103.891412971222,11,186,27379,1.36129967097304,103.892305351066,1.3611535,103.891072,,,,0,0,0,0101000020E610000028A8FDE80CF9594099B0AD1B73C7F53F,2025-11-18 19:14:19.68637+00
99,,2017-07-14,09191 (BUS STOP),flash_flood,,,,,1.304887,103.825498,247918.0,45,142,510,1.30490975274547,103.825548670116,45,142,510,1.3046751,103.825654,1.3056011,103.8251977,,,,0,0,0,0101000020E6100000CED916CAD5F45940345F840CE9E0F43F,2025-11-18 19:14:19.68637+00
100,,2017-07-10,BISHAN MRT STATION,flash_flood,,,,,1.350706,103.848079,579827.0,51,178,28324,1.35075807911382,103.847826068192,51,178,28324,1.35164425221551,103.848005118528,1.349872529689,103.847643731918,,,,0,0,0,0101000020E610000021E544C842F659403CA0E980B49CF53F,2025-11-18 19:14:19.68637+00
101,,2017-07-10,BRADDEL MRT STATION,flash_flood,,,,,1.340605,103.847231,319758.0,29,205,13856,1.34061016958417,103.847128032053,29,205,13856,1.3408368,103.847138,1.33974050635023,103.846914627542,,,,0,0,0,0101000020E61000005F4C7E5837F65940BDC830A62373F53F,2025-11-18 19:14:19.68637+00
102,,2017-10-30,MOUNT ELIZABETH,flash_flood,,,,,1.32211,103.844317,329562.0,25,175,32831,1.32171007201235,103.844669098514,25,175,32831,1.3214892,103.8443224,1.3219801,103.8449657,,,,0,0,0,0101000020E6100000AB83FA0E0FF65940C363E175B925F53F,2025-11-18 19:14:19.68637+00
103,,2017-10-30,STAMFORD ROAD,flash_flood,,,,,1.294094,103.850124,178892.0,43,78,12227,1.2940226725347,103.850265489449,43,78,12227,1.2935834,103.8500426,1.2945111,103.8505331,,,,0,0,0,0101000020E61000007E86F1BF6AF65940D61A2D1E51B4F43F,2025-11-18 19:14:19.68637+00
104,,2017-10-30,VICTORIA STREET,flash_flood,,,,,1.300563,103.855781,188045.0,35,48,3591,1.3006039909288,103.85573371641,35,48,3591,1.2999178292715,103.855148476254,1.3006936,103.8558114,,,,0,0,0,0101000020E61000001B845957C4F659406161612146CFF43F,2025-11-18 19:14:19.68637+00
105,,2017-09-11,63139 (BUS STOP),flash_flood,,,,,1.361202,103.891412,532373.0,11,186,27379,1.36119376003174,103.891412971222,11,186,27379,1.36129967097304,103.892305351066,1.3611535,103.891072,,,,0,0,0,0101000020E610000028A8FDE80CF9594099B0AD1B73C7F53F,2025-11-18 19:14:19.68637+00
106,,2017-11-18,MANDAI ROAD,flash_flood,,,,,1.40743,103.783828,729979.0,7,294,36871,1.40728629189405,103.783797569212,7,294,36871,1.40747013962504,103.782917751342,1.40696012495322,103.784615033177,,,,0,0,0,0101000020E6100000D89C47BD29F259407DB47CA13E84F63F,2025-11-18 19:14:19.68637+00
107,,2017-11-18,YISHUN MRT,flash_flood,,,,,1.429525,103.834995,769093.0,55,316,15332,1.42950745809723,103.835268051234,55,316,15332,1.42860478425208,103.835213282852,1.4303601,103.8352969,,,,0,0,0,0101000020E610000067DC200875F55940B4A65E3643DFF63F,2025-11-18 19:14:19.68637+00
108,,2017-11-22,40191 (BUS STOP),flash_flood,,,,,1.312686,103.830427,259978.0,44,63,1328,1.3127389482946,103.830440177562,44,63,1328,1.3125548,103.8311602,1.3129034,103.8297794,,,,0,0,0,0101000020E610000078FA8EEE25F559409EC5318EFA00F53F,2025-11-18 19:14:19.68637+00
109,,2017-11-22,09191 (BUS STOP),flash_flood,,,,,1.304887,103.825498,247918.0,45,142,510,1.30490975274547,103.825548670116,45,142,510,1.3046751,103.825654,1.3056011,103.8251977,,,,0,0,0,0101000020E6100000CED916CAD5F45940345F840CE9E0F43F,2025-11-18 19:14:19.68637+00
110,,2017-12-15,PASIR RIS FARMWAY,flash_flood,,,,,1.385908,103.934912,518221.0,14,242,39860,1.38356560103806,103.936360397871,14,233,39860,1.38280156778754,103.93588933499,1.38344040760211,103.937178617909,,,,0,0,0,0101000020E610000014882954EDFB5940C94305AF1523F63F,2025-11-18 19:14:19.68637+00
111,,2018-08-01,CHANGI FIRE STATION,flash_flood,,,,,1.33488,103.951353,486123.0,47,196,41067,1.33471408657622,103.951422505947,47,196,41067,1.3344645,103.9509211,1.3348698,103.9517942,,,,0,0,0,0101000020E61000003CEE381BE4FC59409DAF7528FD5AF53F,2025-11-18 19:14:19.68637+00
112,,2018-08-01,TAMPINES AVENUE 12,flash_flood,,,,,1.363297,103.944612,521637.0,47,169,43225,1.36327944317328,103.944623322296,47,169,43225,1.3634695,103.9449929,1.36286112485802,103.943834396225,,,,0,0,0,0101000020E6100000281361B574FC594040D0FB1AFECFF53F,2025-11-18 19:14:19.68637+00
113,,2018-08-01,ARUMUGAM ROAD,flash_flood,,,,,1.325178,103.891377,409961.0,53,99,25246,1.32584174053042,103.891228102211,53,99,25246,1.3256917,103.8905503,1.3260027,103.8919693,,,,0,0,0,0101000020E6100000531198E109F9594081FF33D4A536F53F,2025-11-18 19:14:19.68637+00
114,,2018-08-01,THE GLADES,flash_flood,,,,,1.327081,103.947772,469601.0,1,157,41072,1.32739847288839,103.947646706407,1,157,41072,1.32773065904352,103.948482440234,1.32709020638245,103.946802038581,,,,0,0,0,0101000020E6100000680B5F3EA6FC5940410E5D2E063DF53F,2025-11-18 19:14:19.68637+00
115,,2018-08-01,JALAN NIPAH,flash_flood,,,,,1.325939,103.95278,468585.0,1,157,39110,1.32595344840637,103.952771035851,1,157,39110,1.3258451,103.9525964,1.3265073,103.9534591,,,,0,0,0,0101000020E610000091E35D33FAFC5940CBC78EF61A37F53F,2025-11-18 19:14:19.68637+00
116,,2018-08-01,TAMPINES ROAD,flash_flood,,,,,1.362843,103.966929,509733.0,14,187,38718,1.36285993806983,103.966919814662,14,187,38718,1.36243096296474,103.966128770222,1.36326667607236,103.967722205036,,,,0,0,0,0101000020E61000000D75A503E2FD5940AD9DF03846CEF53F,2025-11-18 19:14:19.68637+00
117,,2018-08-01,PAYA LEBAR QUARTER,flash_flood,,,,,1.316174,103.893139,437161.0,53,121,3835,1.31620635591475,103.892443177539,53,121,3835,1.3169357,103.8923629,1.31531385603332,103.892305135328,,,,0,0,0,0101000020E61000005644FDC91DF95940240F57652E0FF53F,2025-11-18 19:14:19.68637+00
118,,2018-09-01,134 TANJONG PAGAR ROAD,flash_flood,,,,,1.277471,103.843403,88534.0,46,3,1568,1.27737934663374,103.843386627687,46,3,1568,1.2774862,103.8429239,1.2773463,103.8435365,,,,0,0,0,0101000020E61000002AF3E70BFAF559404C0B66532570F43F,2025-11-18 19:14:19.68637+00
119,,2018-01-24,CRAIG ROAD,flash_flood,,,,,1.277854,103.842278,89688.0,46,3,12123,1.27786269694156,103.842293649287,46,3,12123,1.2776434,103.8424956,1.2781618,103.8420984,,,,0,0,0,0101000020E610000040549F23E8F559401847C2272072F43F,2025-11-18 19:14:19.68637+00
120,,2018-01-24,PSC BUILDING,flash_flood,,,,,1.328863,103.706189,629813.0,13,105,15785,1.32781663548065,103.70621266657,13,105,15785,1.3278105,103.7059414,1.32792656630007,103.707101539113,,,,0,0,0,0101000020E610000018BC9C9632ED5940159607A8BC3EF53F,2025-11-18 19:14:19.68637+00
121,,2018-01-30,SELETAR NORTH LINK,flash_flood,,,,,1.424892,103.883643,797359.0,18,340,26672,1.42488130652975,103.883636803472,18,340,26672,1.4244300423843,103.884415531656,1.42533255889539,103.882858068386,,,,0,0,0,0101000020E61000002C1D61818DF85940EDA1435750CCF63F,2025-11-18 19:14:19.68637+00
122,,2018-01-31,ANG MO KIO INDUSTRIAL PARK 2,flash_flood,,,,,1.371047,103.862851,569500.0,21,112,32712,1.37129346306424,103.863621801152,21,112,32712,1.3706108,103.86384,1.3717576,103.8634735,,,,0,0,0,0101000020E6100000D603609445F759409345116AD1F0F53F,2025-11-18 19:14:19.68637+00
123,,2018-03-17,21229,flash_flood,,,,,1.342064,103.71602,648923.0,13,208,25318,1.34206769783616,103.715962086052,13,208,25318,1.3425859,103.7159924,1.34116533521272,103.715957080488,,,,0,0,0,0101000020E61000003731A452D2ED5940E19673FA1B79F53F,2025-11-18 19:14:19.68637+00
124,,2018-03-30,LIM CHU KANG FARMWAY,flash_flood,,,,,1.428068,103.704222,718921.0,23,311,14821,1.42736362411592,103.705927236516,23,311,14821,1.4278075,103.7060926,1.42654460787613,103.705546495985,,,,0,0,0,0101000020E6100000368C6EE92DED5940383F513D7BD6F63F,2025-11-18 19:14:19.68637+00
125,,2018-03-30,CHUA CHU KANG CEMETERY OFFICE,flash_flood,,,,,1.374358,103.693645,698910.0,32,307,35197,1.37402444140117,103.693613515338,32,307,35197,1.37410775539589,103.69271876794,1.3739433,103.6944036,,,,0,0,0,0101000020E6100000341CF12964EC594037907B0D01FCF53F,2025-11-18 19:14:19.68637+00
126,,2018-03-30,BUKIT BATOK ROAD,flash_flood,,,,,1.363244,103.742569,659203.0,49,285,29777,1.36325537606469,103.742554803031,49,285,29777,1.362793,103.7421843,1.36395933755511,103.74311888877,,,,0,0,0,0101000020E610000065A0940486EF594044B484DEE4CFF53F,2025-11-18 19:14:19.68637+00
127,,2018-03-30,CHOA CHU KANG AVENUE 1,flash_flood,,,,,1.37744,103.744383,680253.0,9,173,14481,1.3771579,103.744792,9,173,14481,1.37740862608003,103.745655348554,1.3771579,103.744792,,,,0,0,0,0101000020E6100000A39410ACAAEF59403FD9DEB8D608F63F,2025-11-18 19:14:19.68637+00
128,,2018-07-04,MARYMOUNT MRT STATION,flash_flood,,,,,1.348707,103.839423,570302.0,51,328,13955,1.3487150915176,103.839369304689,51,328,13955,1.3484311,103.8393285,1.3491695,103.8394377,,,,0,0,0,0101000020E6100000033A083AB8F559402A099B465694F53F,2025-11-18 19:14:19.68637+00
129,,2018-04-20,TENGAH FLYOVER,flash_flood,,,,,1.363822,103.707043,648170.0,49,335,13184,1.36441015752847,103.706540832526,49,335,13184,1.36497634757628,103.707240629188,1.36382371020346,103.70585692363,,,,0,0,0,0101000020E6100000313F0AF737ED5940C8A3CEBE9FD4F53F,2025-11-18 19:14:19.68637+00
130,,2018-04-23,40191,flash_flood,,,,,1.312686,103.830427,259978.0,44,63,1328,1.3127389482946,103.830440177562,44,63,1328,1.3125548,103.8311602,1.3129034,103.8297794,,,,0,0,0,0101000020E610000078FA8EEE25F559409EC5318EFA00F53F,2025-11-18 19:14:19.68637+00
131,,2018-04-23,GILSTEAD 2,flash_flood,,,,,1.31496,103.838459,307997.0,25,140,2862,1.31518112820367,103.838237495728,25,140,2862,1.3157187,103.8387265,1.3150218,103.8380808,,,,0,0,0,0101000020E6100000AE9BE1AEA5F55940EF37DF5DFB0AF53F,2025-11-18 19:14:19.68637+00
132,,2018-04-27,SELETAR NORTH LINK,flash_flood,,,,,1.424892,103.883643,797359.0,18,340,26672,1.42488130652975,103.883636803472,18,340,26672,1.4244300423843,103.884415531656,1.42533255889539,103.882858068386,,,,0,0,0,0101000020E61000002C1D61818DF85940EDA1435750CCF63F,2025-11-18 19:14:19.68637+00
133,,2018-01-05,BLK 448 CLEMENTI AVENUE 3,flash_flood,,,,,1.31332,103.764517,120448.0,10,128,11137,1.31272644419575,103.763926503762,10,128,11137,1.31349450628852,103.763515127161,1.3120909504752,103.764565811689,,,,0,0,0,0101000020E6100000168DFD2BE4F0594042A4A671ED00F53F,2025-11-18 19:14:19.68637+00
134,,2018-05-26,CAVENAGH ROAD,flash_flood,,,,,1.308095,103.84214,229491.0,44,74,3438,1.30809786232442,103.842137288662,44,74,3438,1.30742443795845,103.841543542652,1.30869004592537,103.842816341848,,,,0,0,0,0101000020E61000000363CC93E5F55940076A2A06F8EDF43F,2025-11-18 19:14:19.68637+00
135,,2018-05-26,KRAMAT LANE,flash_flood,,,,,1.300979,103.842274,228750.0,45,79,5090,1.30147666709726,103.842411964379,45,79,5090,1.3014583,103.8424817,1.3017287675712,103.841549097694,,,,0,0,0,0101000020E6100000FB30DF13EAF559406D099B32D9D2F43F,2025-11-18 19:14:19.68637+00
136,,2018-06-20,21229,flash_flood,,,,,1.342064,103.71602,648923.0,13,208,25318,1.34206769783616,103.715962086052,13,208,25318,1.3425859,103.7159924,1.34116533521272,103.715957080488,,,,0,0,0,0101000020E61000003731A452D2ED5940E19673FA1B79F53F,2025-11-18 19:14:19.68637+00
137,,2018-06-26,KISMIS ROAD,flash_flood,,,,,1.335544,103.771203,599430.0,6,152,20971,1.33554279535957,103.771210959293,6,152,20971,1.3350799,103.7711409,1.3359983,103.7712799,,,,0,0,0,0101000020E6100000D21E36855BF15940F7A4471F625EF53F,2025-11-18 19:14:19.68637+00
138,,2018-06-26,TOH TUCK AVENUE,flash_flood,,,,,1.33054,103.758726,596226.0,10,189,23141,1.3305024897171,103.758786063934,10,189,23141,1.3306449,103.758875,1.32974580942001,103.758293967658,,,,0,0,0,0101000020E610000075506CF38FF05940F14D89FABC49F53F,2025-11-18 19:14:19.68637+00
139,,2018-06-26,ENG NEO FLYOVER,flash_flood,,,,,1.339976,103.806539,288303.0,6,191,34644,1.3397535895554,103.806267452364,6,191,34644,1.34050261412661,103.806385477626,1.33913828909688,103.806925194545,,,,0,0,0,0101000020E6100000EEEECCE299F35940CF6CBD75A16FF53F,2025-11-18 19:14:19.68637+00
140,,2018-06-29,LORONG KISMIS,flash_flood,,,,,1.336996,103.766805,598112.0,6,152,21090,1.33699166963617,103.766806008151,6,152,21090,1.3371033,103.7672855,1.3368681,103.7662926,,,,0,0,0,0101000020E610000093D8815913F15940F6C981605164F53F,2025-11-18 19:14:19.68637+00
141,,2018-06-29,BUKIT TIMAH,flash_flood,,,,,1.333937,103.792132,276308.0,6,153,23272,1.33318870218015,103.79189032742,6,153,23272,1.3334475,103.7910787,1.33291237976219,103.792745913438,,,,0,0,0,0101000020E61000006F92C454AEF25940CB2A34ADBD54F53F,2025-11-18 19:14:19.68637+00
142,,2018-06-29,DUNEARN ROAD,flash_flood,,,,,1.321188,103.825058,297753.0,25,150,10269,1.32120498267233,103.825063209975,25,150,10269,1.3212572,103.824893,1.321085,103.8254464,,,,0,0,0,0101000020E610000082FEEBD5CDF45940063DFED5A723F53F,2025-11-18 19:14:19.68637+00
143,,2018-09-19,55189 (BUS STOP),flash_flood,,,,,1.382953,103.844225,569845.0,52,252,28516,1.3829450823911,103.844155552462,52,252,28516,1.38382509634215,103.843961848229,1.38204118022916,103.844177639612,,,,0,0,0,0101000020E610000004A402A506F65940808AD0058B20F63F,2025-11-18 19:14:19.68637+00
144,,2018-10-16,21229 (BUS STOP),flash_flood,,,,,1.342064,103.71602,648923.0,13,208,25318,1.34206769783616,103.715962086052,13,208,25318,1.3425859,103.7159924,1.34116533521272,103.715957080488,,,,0,0,0,0101000020E61000003731A452D2ED5940E19673FA1B79F53F,2025-11-18 19:14:19.68637+00
145,,2018-10-23,21229 (BUS STOP),flash_flood,,,,,1.342064,103.71602,648923.0,13,208,25318,1.34206769783616,103.715962086052,13,208,25318,1.3425859,103.7159924,1.34116533521272,103.715957080488,,,,0,0,0,0101000020E61000003731A452D2ED5940E19673FA1B79F53F,2025-11-18 19:14:19.68637+00
146,,2018-10-11,CHOA CHU KANG WAY,flash_flood,,,,,1.377584,103.750314,688786.0,9,173,29948,1.3777501954123,103.750389066851,9,173,29948,1.37738071718149,103.751209225764,1.37812057330833,103.749569308481,,,,0,0,0,0101000020E6100000C959DD5F06F0594098A7F5C9430BF63F,2025-11-18 19:14:19.68637+00
147,,2018-10-11,CHOA CHU KANG AVENUE 1,flash_flood,,,,,1.37744,103.744383,680253.0,9,173,14481,1.3771579,103.744792,9,173,14481,1.37740862608003,103.745655348554,1.3771579,103.744792,,,,0,0,0,0101000020E6100000A39410ACAAEF59403FD9DEB8D608F63F,2025-11-18 19:14:19.68637+00
148,,2018-10-11,BUKIT BATOK DRIVING CENTRE,flash_flood,,,,,1.3668,103.750142,659003.0,3,161,14570,1.36717250879371,103.75061138837,3,221,14570,1.36639682347404,103.751067467832,1.36779317212993,103.749963936437,,,,0,0,0,0101000020E6100000814359040AF05940EC25D447F0DFF53F,2025-11-18 19:14:19.68637+00
149,,2018-11-11,LORONG 23 GEYLANG,flash_flood,,,,,1.315461,103.881255,388379.0,53,301,2142,1.31546008424166,103.881244499067,53,301,2142,1.31636098520112,103.881165935514,1.314854,103.8813076,,,,0,0,0,0101000020E610000066D1534F66F859406E2E90DF1F0CF53F,2025-11-18 19:14:19.68637+00
150,,2018-11-11,ALJUNIED WEST FLYOVER,flash_flood,,,,,1.319295,103.87634,387381.0,53,301,2775,1.31955271483207,103.87626380605,53,301,2775,1.319597,103.8766341,1.31903453942285,103.87555262855,,,,0,0,0,0101000020E6100000B669C9B414F85940FCD3B84EE31CF53F,2025-11-18 19:14:19.68637+00
151,,2018-12-12,42059 (BUS STOP),flash_flood,,,,,1.336445,103.782762,596288.0,6,153,20951,1.33635885998429,103.782731417567,6,153,20951,1.33663692426609,103.781876397767,1.3361313,103.7833633,,,,0,0,0,0101000020E61000000100844518F259403DA3F5D3B961F53F,2025-11-18 19:14:19.68637+00
152,,2018-12-12,41069,flash_flood,,,,,1.326528,103.807586,269733.0,6,191,19513,1.32646070404663,103.807540036694,6,191,19513,1.32696852821913,103.806796519624,1.32595184983026,103.808282854675,,,,0,0,0,0101000020E6100000E3F367BCAEF3594064F3F4DB2E39F53F,2025-11-18 19:14:19.68637+00
153,,2018-12-12,ORCHID VILLAGE,flash_flood,,,,,1.333111,103.800138,288735.0,6,191,19266,1.3332965442761,103.799994230219,6,191,19266,1.3335936,103.8003776,1.33274485212429,103.799282235481,,,,0,0,0,0101000020E6100000FCF1FF1A33F359400992D8C12E55F53F,2025-11-18 19:14:19.68637+00
154,,2018-12-15,YUAN CHING ROAD,flash_flood,,,,,1.325468,103.725222,618642.0,13,208,22270,1.32504022541367,103.725323147015,13,208,22270,1.32484088470313,103.724446720217,1.3251312,103.7257079,,,,0,0,0,0101000020E61000009ADDC6B16BEE5940449420615D33F53F,2025-11-18 19:14:19.68637+00
155,,2018-12-15,PSC BUILDING,flash_flood,,,,,1.328863,103.706189,629813.0,13,105,15785,1.32781663548065,103.70621266657,13,105,15785,1.3278105,103.7059414,1.32792656630007,103.707101539113,,,,0,0,0,0101000020E610000018BC9C9632ED5940159607A8BC3EF53F,2025-11-18 19:14:19.68637+00
156,,2018-12-20,SEMBAWANG PARK,flash_flood,,,,,1.461362,103.8365,757600.0,19,295,25421,1.4612351,103.8374412,19,295,25421,1.4608248,103.8374248,1.46199487046476,103.837910795482,,,,0,0,0,0101000020E6100000AC94F9A298F55940D146640E3861F73F,2025-11-18 19:14:19.68637+00
157,,2019-05-19,NEO PEE TECK LANE,flash_flood,,,,,1.292623,103.769021,118759.0,17,25,10160,1.29260430872269,103.769043369308,17,25,10160,1.292127,103.7686515,1.2930744,103.7694361,,,,0,0,0,0101000020E61000007718AE0138F15940471F0ADB81AEF43F,2025-11-18 19:14:19.68637+00
158,,2019-03-06,OPHIR ROAD,flash_flood,,,,,1.299961,103.859066,307584.0,40,47,345,1.30004880005886,103.859168627345,40,47,345,1.30070817397448,103.85855519334,1.2998229,103.8593614,,,,0,0,0,0101000020E6100000A80C699EFCF659402F4F77F8FFCCF43F,2025-11-18 19:14:19.68637+00
159,,2019-03-06,COMMONWEALTH LANE,flash_flood,,,,,1.304553,103.797475,149547.0,17,227,4923,1.30438198250224,103.797323955349,17,227,4923,1.30498825631359,103.796657424817,1.303885,103.7978921,,,,0,0,0,0101000020E610000090220E5B07F35940976B45A4BFDEF43F,2025-11-18 19:14:19.68637+00
160,,2019-03-06,CRAIG ROAD,flash_flood,,,,,1.277854,103.842278,89688.0,46,3,12123,1.27786269694156,103.842293649287,46,3,12123,1.2776434,103.8424956,1.2781618,103.8420984,,,,0,0,0,0101000020E610000040549F23E8F559401847C2272072F43F,2025-11-18 19:14:19.68637+00
161,,2019-02-12,JURONG EAST STREET 32,flash_flood,,,,,1.346948,103.733825,600314.0,12,204,34955,1.34694393040378,103.733818776174,12,204,34955,1.34611543766213,103.73414873797,1.34765317637098,103.73326349015,,,,0,0,0,0101000020E6100000FF3607E3F6EE594028142A14158DF53F,2025-11-18 19:14:19.68637+00
162,,2019-02-12,CHOA CHU KANG AVE 1,flash_flood,,,,,1.37744,103.744383,680253.0,9,173,14481,1.3771579,103.744792,9,173,14481,1.37740862608003,103.745655348554,1.3771579,103.744792,,,,0,0,0,0101000020E6100000A39410ACAAEF59403FD9DEB8D608F63F,2025-11-18 19:14:19.68637+00
163,,2020-04-30,LORONG GAMBIR,flash_flood,,,,,1.345476,103.875567,556140.0,21,201,26568,1.34549013443406,103.875588657045,21,201,26568,1.3459374,103.8753266,1.3452186,103.875769,,,,0,0,0,0101000020E61000005EB001A509F859404DC2C7A92087F53F,2025-11-18 19:14:19.68637+00
164,,2020-04-30,JALAN TELITI,flash_flood,,,,,1.360393,103.890228,532373.0,11,186,17941,1.36038101284403,103.890229440774,11,186,17941,1.3604831,103.8910788,1.36027377353495,103.889337214192,,,,0,0,0,0101000020E6100000E083E784F9F859402A3B84E11EC4F53F,2025-11-18 19:14:19.68637+00
165,,2020-04-30,LICHI AVENUE,flash_flood,,,,,1.33316,103.876492,367874.0,29,100,22413,1.33314193694694,103.876497744516,29,100,22413,1.3331791,103.8766146,1.3329673,103.8759694,,,,0,0,0,0101000020E6100000B3EDFE8918F85940A8CFC1A38C54F53F,2025-11-18 19:14:19.68637+00
166,,2020-04-30,UPPER PAYA LEBAR ROAD,flash_flood,,,,,1.335184,103.888238,534803.0,29,192,2715,1.33518098293561,103.888230501853,29,192,2715,1.33433620270677,103.888551239448,1.33600943024488,103.887870176604,,,,0,0,0,0101000020E61000003231BFC4D8F859406E31FFBBE65CF53F,2025-11-18 19:14:19.68637+00
167,,2020-04-30,50 HOUGANG AVENUE 1,flash_flood,,,,,1.360305,103.888083,530211.0,11,186,30585,1.36033478832068,103.888412898692,11,186,30585,1.3601609,103.8884286,1.3606533,103.8883796,,,,0,0,0,0101000020E61000006F4EC6C1DBF85940A72C3769EEC3F53F,2025-11-18 19:14:19.68637+00
168,,2020-04-30,SERANGOON AVENUE 2,flash_flood,,,,,1.353626,103.867705,550304.0,21,177,15615,1.3537103016162,103.868014315319,21,177,15615,1.35283352478023,103.86823442224,1.35459867380852,103.867851257869,,,,0,0,0,0101000020E61000005530EA8B8DF759409D321B22CCA8F53F,2025-11-18 19:14:19.68637+00
169,,2020-05-22,CRAIG ROAD,flash_flood,,,,,1.277854,103.842278,89688.0,46,3,12123,1.27786269694156,103.842293649287,46,3,12123,1.2776434,103.8424956,1.2781618,103.8420984,,,,0,0,0,0101000020E610000040549F23E8F559401847C2272072F43F,2025-11-18 19:14:19.68637+00
170,,2020-06-23,CHANGI FIRE STATION,flash_flood,,,,,1.33488,103.951353,486123.0,47,196,41067,1.33471408657622,103.951422505947,47,196,41067,1.3344645,103.9509211,1.3348698,103.9517942,,,,0,0,0,0101000020E61000003CEE381BE4FC59409DAF7528FD5AF53F,2025-11-18 19:14:19.68637+00
171,,2020-06-23,JURONG TOWN HALL ROAD,flash_flood,,,,,1.331977,103.739634,608516.0,12,97,21593,1.33191092539553,103.739589615472,12,283,21593,1.3315065,103.7401917,1.33241281208742,103.738842148528,,,,0,0,0,0101000020E61000006FBAAE6F55EF594084249CD4814FF53F,2025-11-18 19:14:19.68637+00
172,,2020-06-23,NEW UPPER CHANGI ROAD,flash_flood,,,,,1.324064,103.940749,461059.0,1,157,40140,1.3252106,103.9405245,1,157,40140,1.3252465,103.9407022,1.32507869760369,103.939635605692,,,,0,0,0,0101000020E61000008D25AC8D31FC59402700B5071034F53F,2025-11-18 19:14:19.68637+00
173,,2020-09-07,PSC BUILDING,flash_flood,,,,,1.328863,103.706189,629813.0,13,105,15785,1.32781663548065,103.70621266657,13,105,15785,1.3278105,103.7059414,1.32792656630007,103.707101539113,,,,0,0,0,0101000020E610000018BC9C9632ED5940159607A8BC3EF53F,2025-11-18 19:14:19.68637+00
174,,2020-08-13,ALJUNIED ROAD,flash_flood,,,,,1.322313,103.881475,370023.0,53,93,2713,1.32233395444978,103.881466978927,53,93,2713,1.32265544219391,103.882306840035,1.32201246747061,103.880627117626,,,,0,0,0,0101000020E6100000B7BF79F469F85940E2080CA64728F53F,2025-11-18 19:14:19.68637+00
175,,2020-08-14,TANJONG PAGAR ROAD,flash_flood,,,,,1.273715,103.842919,88542.0,40,33,658,1.27350784883523,103.842919242495,40,33,658,1.27349896206108,103.842020799006,1.2735081,103.8431338,,,,0,0,0,0101000020E6100000C9EB8C63F2F559405D251FC44960F43F,2025-11-18 19:14:19.68637+00
176,,2020-08-14,CRAIG ROAD,flash_flood,,,,,1.277854,103.842278,89688.0,46,3,12123,1.27786269694156,103.842293649287,46,3,12123,1.2776434,103.8424956,1.2781618,103.8420984,,,,0,0,0,0101000020E610000040549F23E8F559401847C2272072F43F,2025-11-18 19:14:19.68637+00
177,,2020-02-11,LORONG GAMBIR,flash_flood,,,,,1.345476,103.875567,556140.0,21,201,26568,1.34549013443406,103.875588657045,21,201,26568,1.3459374,103.8753266,1.3452186,103.875769,,,,0,0,0,0101000020E61000005EB001A509F859404DC2C7A92087F53F,2025-11-18 19:14:19.68637+00
178,,2020-02-11,MOUNT VERNON ROAD,flash_flood,,,,,1.34041,103.879577,361222.0,29,192,13822,1.3404081570696,103.879578125847,29,192,13822,1.34091444643972,103.880322562302,1.34017408948884,103.878718893981,,,,0,0,0,0101000020E610000091320D024BF859401F7DDED24F72F53F,2025-11-18 19:14:19.68637+00
179,,2020-02-11,UPPER PAYA LEBAR ROAD,flash_flood,,,,,1.335184,103.888238,534803.0,29,192,2715,1.33518098293561,103.888230501853,29,192,2715,1.33433620270677,103.888551239448,1.33600943024488,103.887870176604,,,,0,0,0,0101000020E61000003231BFC4D8F859406E31FFBBE65CF53F,2025-11-18 19:14:19.68637+00
180,,2020-07-11,ALJUNIED ROAD,flash_flood,,,,,1.322313,103.881475,370023.0,53,93,2713,1.32233395444978,103.881466978927,53,93,2713,1.32265544219391,103.882306840035,1.32201246747061,103.880627117626,,,,0,0,0,0101000020E6100000B7BF79F469F85940E2080CA64728F53F,2025-11-18 19:14:19.68637+00
181,,2021-01-01,LORONG HALUS,flash_flood,,,,,1.386169,103.923226,533850.0,14,242,42801,1.38616807270498,103.923230398782,14,242,42801,1.3870578836192,103.923385777039,1.38528340179544,103.923043903711,,,,0,0,0,0101000020E61000005F5CF43416FB5940A66FB092BE2DF63F,2025-11-18 19:14:19.68637+00
182,,2021-02-01,PASIR RIS STREET 11,flash_flood,,,,,1.364996,103.958511,510136.0,14,168,39878,1.36497144315647,103.958495216625,14,168,39878,1.36444765973276,103.959227603527,1.3653236,103.9579391,,,,0,0,0,0101000020E6100000973152FC57FD59408D4BC54BECD6F53F,2025-11-18 19:14:19.68637+00
183,,2021-03-23,BOON LAY WAY,flash_flood,,,,,1.344351,103.727438,648164.0,12,209,33836,1.34440573862691,103.727440206418,13,261,33836,1.34453244324781,103.726552423989,1.34439574924938,103.728338543613,,,,0,0,0,0101000020E610000001175E618EEE59401C517F97AF82F53F,2025-11-18 19:14:19.68637+00
184,,2021-03-23,CORPORATION ROAD,flash_flood,,,,,1.338077,103.71708,618310.0,13,193,21823,1.33806334116238,103.717052485593,13,193,21823,1.3373806,103.7174645,1.3383686,103.716901,,,,0,0,0,0101000020E6100000ABC81B30E4ED5940794D241BB568F53F,2025-11-18 19:14:19.68637+00
185,,2021-03-23,ENTERPRISE ROAD,flash_flood,,,,,1.333312,103.705117,629840.0,13,105,15786,1.33331766292306,103.705116976365,13,105,15786,1.3333169,103.7055118,1.33331609432756,103.704218424358,,,,0,0,0,0101000020E6100000EB55F4A220ED594068F0D6E64455F53F,2025-11-18 19:14:19.68637+00
186,,2021-03-29,VICTORIA STREET,flash_flood,,,,,1.300563,103.855781,188030.0,35,48,3591,1.3006039909288,103.85573371641,35,48,3591,1.2999178292715,103.855148476254,1.3006936,103.8558114,,,,0,0,0,0101000020E61000001B845957C4F659406161612146CFF43F,2025-11-18 19:14:19.68637+00
187,,2021-04-17,DUNEARN ROAD,flash_flood,,,,,1.321188,103.825058,297753.0,25,150,10269,1.32120498267233,103.825063209975,25,150,10269,1.3212572,103.824893,1.321085,103.8254464,,,,0,0,0,0101000020E610000082FEEBD5CDF45940063DFED5A723F53F,2025-11-18 19:14:19.68637+00
188,,2021-04-17,SUNGEI ULU PANDAN,flash_flood,,,,,1.317109,103.773462,597596.0,6,132,11015,1.3168219,103.7719081,17,127,11015,1.31770150466623,103.771699311728,1.31593002827785,103.772056525778,,,,0,0,0,0101000020E61000001F413BF166F159405D8132D7B311F53F,2025-11-18 19:14:19.68637+00
189,,2021-12-07,CALTEX BINJAI PARK,flash_flood,,,,,1.335235,103.786793,589821.0,6,153,21013,1.33510526169048,103.786745303134,6,153,21013,1.3347948015693,103.787589253999,1.3350008,103.7865566,,,,0,0,0,0101000020E610000096CFF8085AF25940B1D9BA55975CF53F,2025-11-18 19:14:19.68637+00
190,,2021-08-20,75359 (BUS STOP),flash_flood,,,,,1.374387,103.931479,528764.0,47,169,38796,1.37444583963524,103.931352091479,47,169,38796,1.3747407,103.9314888,1.37362595584119,103.930972903598,,,,0,0,0,0101000020E61000008F7DCD459BFB59409DB4B5EBBAFDF53F,2025-11-18 19:14:19.68637+00
191,,2021-08-24,DUNEARN ROAD,flash_flood,,,,,1.321188,103.825058,297753.0,25,150,10269,1.32120498267233,103.825063209975,25,150,10269,1.3212572,103.824893,1.321085,103.8254464,,,,0,0,0,0101000020E610000082FEEBD5CDF45940063DFED5A723F53F,2025-11-18 19:14:19.68637+00
192,,2021-08-30,HOUGANG AVENUE 8,flash_flood,,,,,1.373321,103.886366,530583.0,11,228,27700,1.37312244114915,103.886633963758,11,228,27700,1.3724361,103.8861061,1.37380965885511,103.88721672983,,,,0,0,0,0101000020E61000004D77619CBEF859407E3AA23C4FF8F53F,2025-11-18 19:14:19.68637+00
193,,2021-08-30,PUNGGOL WEST FLYOVER,flash_flood,,,,,1.398885,103.896382,543287.0,20,236,18172,1.39927805538018,103.89647590616,20,236,18172,1.39907522696543,103.897351519732,1.3993143,103.8963242,,,,0,0,0,0101000020E6100000DDA67ADC5FF95940C0E4DD627163F63F,2025-11-18 19:14:19.68637+00
194,,2021-02-09,PUNGGOL WEST FLYOVER,flash_flood,,,,,1.398885,103.896382,543287.0,20,236,18172,1.39927805538018,103.89647590616,20,236,18172,1.39907522696543,103.897351519732,1.3993143,103.8963242,,,,0,0,0,0101000020E6100000DDA67ADC5FF95940C0E4DD627163F63F,2025-11-18 19:14:19.68637+00
195,,2021-06-09,JURONG EAST STREET 32,flash_flood,,,,,1.346948,103.733825,600314.0,12,204,34955,1.34694393040378,103.733818776174,12,204,34955,1.34611543766213,103.73414873797,1.34765317637098,103.73326349015,,,,0,0,0,0101000020E6100000FF3607E3F6EE594028142A14158DF53F,2025-11-18 19:14:19.68637+00
196,,2021-11-23,JURONG EAST STREET 32,flash_flood,,,,,1.346948,103.733825,600314.0,12,204,34955,1.34694393040378,103.733818776174,12,204,34955,1.34611543766213,103.73414873797,1.34765317637098,103.73326349015,,,,0,0,0,0101000020E6100000FF3607E3F6EE594028142A14158DF53F,2025-11-18 19:14:19.68637+00
197,,2022-02-27,BEDOK NORTH FLYOVER,flash_flood,,,,,1.332028,103.920369,460540.0,1,95,37644,1.33170894095993,103.920131589927,1,95,37644,1.3321206,103.9197716,1.33177323593703,103.920938105951,,,,0,0,0,0101000020E610000026B09B6FE3FA59405B6BD308AE4EF53F,2025-11-18 19:14:19.68637+00
198,,2022-02-27,REGENT CENTRE,flash_flood,,,,,1.334035,103.899317,408609.0,53,99,14182,1.33380549524733,103.898993906336,53,99,14182,1.33307581977302,103.899524644452,1.3340795,103.8987993,,,,0,0,0,0101000020E61000002DC1BC1D89F9594077FF546E4457F53F,2025-11-18 19:14:19.68637+00
199,,2022-02-03,209 PUNGGOL PLACE PUNGGOL CREST,flash_flood,,,,,1.398977,103.900937,820209.0,16,275,18175,1.3987710924354,103.900840632322,16,275,18175,1.3991104,103.9000306,1.39837864125554,103.901649907377,,,,0,0,0,0101000020E6100000B5AE775FA7F959407B9A09CC5D61F63F,2025-11-18 19:14:19.68637+00
200,,2022-02-03,BUANGKOK FLYOVER,flash_flood,,,,,1.37684,103.910119,533952.0,20,338,38268,1.37654218002128,103.910459646984,20,338,38268,1.37581206871701,103.909932047115,1.37716526022042,103.911108842992,,,,0,0,0,0101000020E6100000EA078AF844FA59404618CC175106F63F,2025-11-18 19:14:19.68637+00
201,,2022-07-03,JURONG EAST ST 32,flash_flood,,,,,1.346948,103.733825,600314.0,12,204,34955,1.34694393040378,103.733818776174,12,204,34955,1.34611543766213,103.73414873797,1.34765317637098,103.73326349015,,,,0,0,0,0101000020E6100000FF3607E3F6EE594028142A14158DF53F,2025-11-18 19:14:19.68637+00
202,,2022-07-03,ENTERPRISE ROAD,flash_flood,,,,,1.333312,103.705117,629840.0,13,105,15786,1.33331766292306,103.705116976365,13,105,15786,1.3333169,103.7055118,1.33331609432756,103.704218424358,,,,0,0,0,0101000020E6100000EB55F4A220ED594068F0D6E64455F53F,2025-11-18 19:14:19.68637+00
203,,2022-07-03,SUNGEI TENGAH,flash_flood,,,,,1.398992,103.725111,698986.0,32,307,36863,1.3999602,103.7278042,32,307,36863,1.399985,103.7282445,1.399985,103.7282445,,,,0,0,0,0101000020E61000000D39115894EE5940D539ABAA3C66F63F,2025-11-18 19:14:19.68637+00
204,,2022-05-10,LAVENDER MRT,flash_flood,,,,,1.307507,103.862938,208699.0,22,117,8630,1.30746181449679,103.862980690514,22,117,8630,1.3079698,103.8635138,1.30684710804124,103.862321734667,,,,0,0,0,0101000020E610000074B55C133BF75940398560145DEBF43F,2025-11-18 19:14:19.68637+00
205,,2022-07-11,BKE EXIT 8,flash_flood,,,,,1.416285,103.770721,738078.0,28,303,13147,1.41628779432877,103.771281107678,28,303,13147,1.41538345395858,103.771287501197,1.4171921463215,103.771276595947,,,,0,0,0,0101000020E6100000F85F6FAB5CF1594063DBE5631DA9F63F,2025-11-18 19:14:19.68637+00
206,,2022-12-11,TANAH MERAH MRT,flash_flood,,,,,1.327311,103.946452,465514.0,1,95,42851,1.3275462451096,103.946362526305,1,95,42851,1.3272412,103.9455529,1.3278684803461,103.947202087048,,,,0,0,0,0101000020E61000000029213491FC594004C6AA21A13DF53F,2025-11-18 19:14:19.68637+00
207,,2022-11-12,BUANGKOK FLYOVER,flash_flood,,,,,1.37684,103.910119,533952.0,20,338,38268,1.37654218002128,103.910459646984,20,338,38268,1.37581206871701,103.909932047115,1.37716526022042,103.911108842992,,,,0,0,0,0101000020E6100000EA078AF844FA59404618CC175106F63F,2025-11-18 19:14:19.68637+00
208,,2023-03-30,KRAMAT LANE,flash_flood,,,,,1.300979,103.842274,228750.0,45,79,5090,1.30147666709726,103.842411964379,45,79,5090,1.3014583,103.8424817,1.3017287675712,103.841549097694,,,,0,0,0,0101000020E6100000FB30DF13EAF559406D099B32D9D2F43F,2025-11-18 19:14:19.68637+00
209,,2023-03-30,CAVENAGH ROAD,flash_flood,,,,,1.308095,103.84214,229491.0,44,74,3438,1.30809786232442,103.842137288662,44,74,3438,1.30742443795845,103.841543542652,1.30869004592537,103.842816341848,,,,0,0,0,0101000020E61000000363CC93E5F55940076A2A06F8EDF43F,2025-11-18 19:14:19.68637+00
210,,2023-07-20,42059 (BUS STOP),flash_flood,,,,,1.336445,103.782762,596288.0,6,153,20951,1.33635885998429,103.782731417567,6,153,20951,1.33663692426609,103.781876397767,1.3361313,103.7833633,,,,0,0,0,0101000020E61000000100844518F259403DA3F5D3B961F53F,2025-11-18 19:14:19.68637+00
211,,2023-11-28,21229 (BUS STOP),flash_flood,,,,,1.342064,103.71602,648923.0,13,208,25318,1.34206769783616,103.715962086052,13,208,25318,1.3425859,103.7159924,1.34116533521272,103.715957080488,,,,0,0,0,0101000020E61000003731A452D2ED5940E19673FA1B79F53F,2025-11-18 19:14:19.68637+00
212,,2024-03-02,DUNEARN ROAD,flash_flood,,,,,1.321188,103.825058,297753.0,25,150,10269,1.32120498267233,103.825063209975,25,150,10269,1.3212572,103.824893,1.321085,103.8254464,,,,0,0,0,0101000020E610000082FEEBD5CDF45940063DFED5A723F53F,2025-11-18 19:14:19.68637+00
213,,2024-10-14,DUNEARN ROAD,flash_flood,,,,,1.321188,103.825058,297753.0,25,150,10269,1.32120498267233,103.825063209975,25,150,10269,1.3212572,103.824893,1.321085,103.8254464,,,,0,0,0,0101000020E610000082FEEBD5CDF45940063DFED5A723F53F,2025-11-18 19:14:19.68637+00
214,"[Risk of Flash Floods]

Due to heavy rain, please avoid this location for the next 1 hour: Kings Road (from Prince Road to Lutheran Rd) [Issued 13:20 hours]",2025-07-09,Prince Road,flash_flood_risk,Prince Road,Lutheran Rd,,,1.3217209,103.8087608,269441.0,6,148,1967,1.3217209,103.8087608,6,148,1967,,,,,1.3216867,103.8102209,267746.0,6,148,1965,0101000020E61000005B92A8BCC2F35940F5087FD0C425F53F,2025-11-18 19:14:19.68637+00
215,"[Risk of Flash Floods]

Due to heavy rain, please avoid this location for the next 1 hour: Margaret Drive [Issued 13:12 hours]",2025-07-09,Margaret Drive,flash_flood_risk,Margaret Drive,,,,1.2966582,103.8087396,149305.0,17,86,12317,1.2966582,103.8087396,17,86,12317,1.2966609,103.8087959,1.2967843,103.8084573,,,,0,0,0,0101000020E6100000BA3EBD63C2F35940927131AB1CBFF43F,2025-11-18 19:14:19.68637+00
216,"[Risk of Flash Floods]

Due to heavy rain, please avoid this location for the next 1 hour: Upp Paya Lebar Service Rd (Lim Teck Boo Rd to Rochdale Rd);
Jln Lokam (near Upp Paya Lebar Rd);
Thrift Dr (near Jln Usaha); [08:12 hours]",2025-07-09,Lim Teck Boo Rd,flash_flood_risk,Lim Teck Boo Rd,Rochdale Rd,,,1.3432694,103.8848743,536209.0,11,202,28203,1.3432694,103.8848743,11,202,28203,,,,,1.3433183,103.8835973,535823.0,11,202,18534,0101000020E61000008AE4D0C7A1F859400E7BEB0D087EF53F,2025-11-18 19:14:19.68637+00
217,"[Risk of Flash Floods]

Due to heavy rain, please avoid this location for the next 1 hour: Lor Gambir
 [16:08 hours]",2025-07-09,Lor Gambir,flash_flood_risk,Lor Gambir,,,,1.280284,103.78864,,17,44,3931,1.28028396411318,103.788639990388,17,44,3931,1.28012,103.7892668,1.2804606,103.7880166,,,,0,0,0,0101000020E610000014C2DD1379F259406859B7090B7CF43F,2025-11-18 19:14:19.68637+00
218,"[Risk of Flash Floods]

Due to heavy rain, please avoid this location for the next 1 hour: Junction of Toa Payoh Lor 1 and Toa Payoh Lor 2
 [15:52 hours]",2025-07-09,Toa Payoh Lor 1,flash_flood_risk,Toa Payoh Lor 1,Toa Payoh Lor 2,,,1.332829,103.847143,,29,96,13883,1.33293878465821,103.846681311005,29,96,13883,,,,,1.332829,103.847143,,29,96,13883,0101000020E61000009D39CF0630F65940F5D47A9EB753F53F,2025-11-18 19:14:19.68637+00
219,"[Risk of Flash Floods]

Due to heavy rain, please avoid this location for the next 1 hour: Junction of Toa Payoh Lor 1 and Toa Payoh Lor 2
 [17:15 hours]",2025-07-09,Toa Payoh Lor 1,flash_flood_risk,Toa Payoh Lor 1,Toa Payoh Lor 2,,,1.332829,103.847143,,29,96,13883,1.33293878465821,103.846681311005,29,96,13883,,,,,1.332829,103.847143,,29,96,13883,0101000020E61000009D39CF0630F65940F5D47A9EB753F53F,2025-11-18 19:14:19.68637+00
220,"[Risk of Flash Floods]

Due to heavy rain, please avoid this location for the next 1 hour: KJE Slip Rd (KJE to Woodlands Rd, towards Senja Way) [17:48 hours]",2025-07-09,Kje,flash_flood_risk,Kje,"Woodlands Rd, Towards Senja Way",,,1.3648115,103.7070109,648170.0,49,335,13184,1.3648115,103.7070109,49,335,13184,,,,,1.366923,103.801292,,7,294,23594,0101000020E6100000985AA5AA3FED594078465B9544D6F53F,2025-11-18 19:14:19.68637+00
221,"[Risk of Flash Floods]

Due to heavy rain, please avoid this location for the next 1 hour: Choa Chu Kang Ave 1 (towards Choa Chu Kang Way, Choa Chu kang Dr to Teck Whye Lane) [17:47 hours]",2025-07-09,Choa Chu Kang Ave 1,flash_flood_risk,Choa Chu Kang Ave 1,"Choa Chu Kang Way, Choa Chu Kang Dr To Teck Whye Lane",,,1.3777335,103.7397116,680292.0,9,232,14477,1.3777335,103.7397116,9,232,14477,,,,,1.38208,103.750147,,9,244,30027,0101000020E6100000339E526F57EF594069A85148320BF63F,2025-11-18 19:14:19.68637+00
222,"[Risk of Flash Floods]

Due to heavy rain, please avoid this location for the next 1 hour: Kings Road (from Prince Road to Lutheran Rd) [Issued 13:20 hours]",2025-07-09,Prince Road,flash_flood_risk,Prince Road,Lutheran Rd,,,1.3217209,103.8087608,269441.0,6,148,1967,1.3217209,103.8087608,6,148,1967,,,,,1.3216867,103.8102209,267746.0,6,148,1965,0101000020E61000005B92A8BCC2F35940F5087FD0C425F53F,2025-11-18 18:49:10.808887+00
223,"[FLASH FLOOD OCCURRED]  

Flash flood at Yishun Ave 7 (near intersection of Yishun St 22). Please avoid the area. PUB officers have been deployed to render assistance. Issued 15:30 hours.",2025-07-09,Yishun Ave 7,flash_flood,Yishun Ave 7,Near Intersection Of Yishun St 22,,,1.4413717,103.8398592,768924.0,55,320,29358,1.4413717,103.8398592,55,320,29358,,,,,1.366923,103.801292,,7,294,23594,0101000020E6100000AA4FCD40C0F559402A148EC5DB0FF73F,2025-11-18 19:14:19.68637+00
224,"[Risk of Flash Floods]

Due to heavy rain, please avoid this location for the next 1 hour: Yishun Ave 7 (near intersection of Yishun St 22) [15:18 hours]",2025-07-09,Yishun Ave 7,flash_flood_risk,Yishun Ave 7,Near Intersection Of Yishun St 22,,,1.4413717,103.8398592,768924.0,55,320,29358,1.4413717,103.8398592,55,320,29358,,,,,1.366923,103.801292,,7,294,23594,0101000020E6100000AA4FCD40C0F559402A148EC5DB0FF73F,2025-11-18 19:14:19.68637+00
225,"[Risk of Flash Floods]

Due to heavy rain, please avoid this location for the next 1 hour: Aljunied Rd under PIE Flyover [03:56 hours]",2025-07-09,Aljunied Rd Under PIE Flyover,flash_flood_risk,Aljunied Rd Under PIE Flyover,,,,1.366923,103.801292,,7,294,23594,1.3741884,103.8114183,7,294,23594,1.3741884,103.8114183,1.37505222563064,103.811152819118,,,,0,0,0,0101000020E61000000F780547EEF359405AAEC8F9ACFCF53F,2025-11-18 19:14:19.68637+00
226,"[Risk of Flash Floods]

Due to heavy rain, please avoid this location for the next 1 hour: Lor Gambir
 [03:54 hours]",2025-07-09,Lor Gambir,flash_flood_risk,Lor Gambir,,,,1.280284,103.78864,,17,44,3931,1.28028396411318,103.788639990388,17,44,3931,1.28012,103.7892668,1.2804606,103.7880166,,,,0,0,0,0101000020E610000014C2DD1379F259406859B7090B7CF43F,2025-11-18 19:14:19.68637+00
227,"The heavy rain has eased. [Issued by NEA, 16:31 hours]",2025-07-09,,,,,,,,,,0,0,0,,,0,0,0,,,,,,,,0,0,0,,2025-11-18 19:14:19.68637+00
228,"[Risk of Flash Floods]

Due to heavy rain, please avoid this location for the next 1 hour: Junction of Neo Pee Teck Lane and Pasir Panjang Rd [03:51 hours]",2025-07-09,Neo Pee Teck Lane,flash_flood_risk,Neo Pee Teck Lane,Pasir Panjang Rd,,,1.2921593,103.7686785,118769.0,17,25,4539,1.2921593,103.7686785,17,25,4539,,,,,1.2784095,103.7859948,118135.0,17,44,10564,0101000020E6100000DAA84E0732F15940598EEB3AAFACF43F,2025-11-18 19:14:19.68637+00
229,"[Risk of Flash Floods]

Due to heavy rain, please avoid this location for the next 1 hour: Thomson Rd (Balestier Rd to Novena Rise) [03:50 hours]",2025-07-09,Balestier Rd,flash_flood_risk,Balestier Rd,Novena Rise,,,1.3261996,103.8483058,329826.0,25,175,23496,1.3261996,103.8483058,25,175,23496,,,,,1.3242731,103.8429008,308504.0,25,175,26059,0101000020E6100000750069A44AF65940157E5F121D38F53F,2025-11-18 19:14:19.68637+00
230,"[Risk of Flash Floods]

Due to heavy rain, please avoid this location for the next 1 hour: Jln Boon Lay (Enterprise Rd to International Rd) [03:43 hours]",2025-07-09,Enterprise Rd,flash_flood_risk,Enterprise Rd,International Rd,,,1.3327484,103.7084845,629813.0,13,105,15770,1.3327484,103.7084845,13,105,15770,,,,,1.3278187,103.6878477,629711.0,13,105,15956,0101000020E6100000444E5FCF57ED5940C1BD7CFCEF52F53F,2025-11-18 19:14:19.68637+00
231,"[Risk of Flash Floods]

Due to heavy rain, please avoid this location for the next 1 hour: Lor Gambir
 [03:42 hours]",2025-07-09,Lor Gambir,flash_flood_risk,Lor Gambir,,,,1.280284,103.78864,,17,44,3931,1.28028396411318,103.788639990388,17,44,3931,1.28012,103.7892668,1.2804606,103.7880166,,,,0,0,0,0101000020E610000014C2DD1379F259406859B7090B7CF43F,2025-11-18 19:14:19.68637+00
232,"[Risk of Flash Floods] 

Due to heavy rain, please avoid this location for the next 1 hour: Jln Boon Lay (Enterprise Rd to International Rd) [Issued 07:30 hours]",2025-07-09,Enterprise Rd,flash_flood_risk,Enterprise Rd,International Rd,,,1.3327484,103.7084845,629813.0,13,105,15770,1.3327484,103.7084845,13,105,15770,,,,,1.3278187,103.6878477,629711.0,13,105,15956,0101000020E6100000444E5FCF57ED5940C1BD7CFCEF52F53F,2025-11-18 19:14:19.68637+00
233,"The heavy rain has eased. [Issued by NEA, 14:55 hours]",2025-07-09,,,,,,,,,,0,0,0,,,0,0,0,,,,,,,,0,0,0,,2025-11-18 19:14:19.68637+00
234,"The heavy rain has eased. [Issued by NEA, 16:45]",2025-07-09,,,,,,,,,,0,0,0,,,0,0,0,,,,,,,,0,0,0,,2025-11-18 19:14:19.68637+00
235,"[FLASH FLOOD OCCURRED]  

Flash flood at Yishun Ave 7 (near intersection of Yishun St 22). Please avoid the area. PUB officers have been deployed to render assistance. Issued 15:30 hours.",2025-07-09,Yishun Ave 7,flash_flood,Yishun Ave 7,Near Intersection Of Yishun St 22,,,1.4413717,103.8398592,768924.0,55,320,29358,1.4413717,103.8398592,55,320,29358,,,,,1.366923,103.801292,,7,294,23594,0101000020E6100000AA4FCD40C0F559402A148EC5DB0FF73F,2025-11-18 18:49:10.808887+00
236,"[Risk of Flash Floods]

Due to heavy rain, please avoid this location for the next 1 hour: Yishun Ave 7 (near intersection of Yishun St 22) [15:18 hours]",2025-07-09,Yishun Ave 7,flash_flood_risk,Yishun Ave 7,Near Intersection Of Yishun St 22,,,1.4413717,103.8398592,768924.0,55,320,29358,1.4413717,103.8398592,55,320,29358,,,,,1.366923,103.801292,,7,294,23594,0101000020E6100000AA4FCD40C0F559402A148EC5DB0FF73F,2025-11-18 18:49:10.808887+00
237,"[FLASH FLOOD OCCURRED]  

Flash flood at Woollerton Drive. Please avoid the area. PUB officers have been deployed to render assistance. Issued 1405 hours.",2025-07-09,Woollerton Drive,flash_flood,Woollerton Drive,,,,1.317208,103.8102148,257557.0,48,139,3788,1.317208,103.8102148,48,139,3788,1.3174547,103.8099872,1.3176603042534,103.810984220559,,,,0,0,0,0101000020E61000000D2F2D8FDAF359401C7920B24813F53F,2025-11-18 19:14:19.68637+00
238,"[Risk of Flash Floods]

Due to heavy rain, please avoid this location for the next 1 hour: Woollerton Drive [Issued 13:58 hours]",2025-07-09,Woollerton Drive,flash_flood_risk,Woollerton Drive,,,,1.317208,103.8102148,257557.0,48,139,3788,1.317208,103.8102148,48,139,3788,1.3174547,103.8099872,1.3176603042534,103.810984220559,,,,0,0,0,0101000020E61000000D2F2D8FDAF359401C7920B24813F53F,2025-11-18 19:14:19.68637+00
239,"The heavy rain has eased. [Issued by NEA, 09:14 hours]",2025-07-09,,,,,,,,,,0,0,0,,,0,0,0,,,,,,,,0,0,0,,2025-11-18 19:14:19.68637+00
240,"[Risk of Flash Floods]

Due to heavy rain, please avoid this location for the next 1 hour: Queen's Rd [13:56 hours]",2025-07-09,Queen'S Rd,flash_flood_risk,Queen'S Rd,,,,1.3209954,103.8096391,266746.0,6,133,1959,1.3209954,103.8096391,6,133,1959,1.3209639,103.8096105,1.32166445026732,103.810243656555,,,,0,0,0,0101000020E610000006048420D1F35940BBA99212CC22F53F,2025-11-18 19:14:19.68637+00
241,"[Risk of Flash Floods]

Due to heavy rain, please avoid this location for the next 1 hour: Cambridge Rd;
Carlisle Rd; [17:12 hours]",2025-07-09,Cambridge Rd,flash_flood_risk,Cambridge Rd,,,,1.3155962,103.8490772,219749.0,22,129,11758,1.3155962,103.8490772,22,129,11758,1.31629539033495,103.849646978744,1.3149754,103.8485391,,,,0,0,0,0101000020E6100000DF71E54757F65940B9DEDB99AE0CF53F,2025-11-18 19:14:19.68637+00
242,"[Risk of Flash Floods]

Due to heavy rain, please avoid this location for the next 1 hour: Junction of Sunset Dr and Sunset Way Rd [17:06 hours]",2025-07-09,Sunset Dr,flash_flood_risk,Sunset Dr,Sunset Way Rd,,,1.3257574,103.7661596,597130.0,10,151,17639,1.3257574,103.7661596,10,151,17639,,,,,1.3139784,103.8871279,389509.0,53,301,2178,0101000020E61000000D6146C208F159403EE136644D36F53F,2025-11-18 19:14:19.68637+00
243,"[Risk of Flash Floods]

Due to heavy rain, please avoid this location for the next 1 hour: Hillcrest Rd (Watten Rise to Dunearn Rd) [17:02 hours]",2025-07-09,Watten Rise,flash_flood_risk,Watten Rise,Dunearn Rd,,,1.329532,103.8080553,287702.0,6,191,19354,1.329532,103.8080553,6,191,19354,,,,,1.3260719,103.8081093,287408.0,6,191,19513,0101000020E610000002B7932DB7F359407EC4AF58C345F53F,2025-11-18 19:14:19.68637+00
244,"[Risk of Flash Floods]

Due to heavy rain, please avoid this location for the next 1 hour: Thomson Rd (Balestier Rd to Novena Rise) [17:02 hours]",2025-07-09,Balestier Rd,flash_flood_risk,Balestier Rd,Novena Rise,,,1.3261996,103.8483058,329826.0,25,175,23496,1.3261996,103.8483058,25,175,23496,,,,,1.3242731,103.8429008,308504.0,25,175,26059,0101000020E6100000750069A44AF65940157E5F121D38F53F,2025-11-18 19:14:19.68637+00
245,"[Risk of Flash Floods]

Due to heavy rain, please avoid this location for the next 1 hour: Junction of Toa Payoh Lor 1 and Toa Payoh Lor 2
 [17:00 hours]",2025-07-09,Toa Payoh Lor 1,flash_flood_risk,Toa Payoh Lor 1,Toa Payoh Lor 2,,,1.332829,103.847143,,29,96,13883,1.33293878465821,103.846681311005,29,96,13883,,,,,1.332829,103.847143,,29,96,13883,0101000020E61000009D39CF0630F65940F5D47A9EB753F53F,2025-11-18 19:14:19.68637+00
246,"[Risk of Flash Floods]

Due to heavy rain, please avoid this location for the next 1 hour: Junction of Lor Kismis and Toh Tuck Rise [17:00 hours]",2025-07-09,Lor Kismis,flash_flood_risk,Lor Kismis,Toh Tuck Rise,,,1.366923,103.801292,,7,294,23594,1.3741884,103.8114183,7,294,23594,,,,,1.3366283,103.7645733,598098.0,6,152,22761,0101000020E61000000F780547EEF359405AAEC8F9ACFCF53F,2025-11-18 19:14:19.68637+00
247,"[Risk of Flash Floods]

Due to heavy rain, please avoid this location for the next 1 hour: Eng Kong Pl (Greenridge Cres to Eng Kong Gdn) [16:56 hours]",2025-07-09,Greenridge Cres,flash_flood_risk,Greenridge Cres,Eng Kong Gdn,,,1.3347903,103.7659229,598954.0,6,152,21124,1.3347903,103.7659229,6,152,21124,,,,,1.33712705,103.769042680772,,6,152,33677,0101000020E61000007BB07BE104F15940D949D8124D5BF53F,2025-11-18 19:14:19.68637+00
248,"[Risk of Flash Floods]

Due to heavy rain, please avoid this location for the next 1 hour: KPE(ECP) after Buangkok East Dr Exit [16:36 hours]",2025-07-09,Buangkok East Dr Exit,flash_flood_risk,Buangkok East Dr Exit,ecp,,,1.371346,103.907861,,11,224,38263,1.37134631238352,103.907860192771,11,224,38263,,,,,1.2925115,103.8619746,39193.0,40,77,11599,0101000020E6100000A852A3611AFA5940BBD6B2D408F1F53F,2025-11-18 19:14:19.68637+00
249,"[FLASH FLOOD OCCURRED]  

Flash flood at Bt Timah Rd (between Clementi Rd and Blackmore Dr). Please avoid the area. PUB officers have been deployed to render assistance. Issued 17:05 hours.",2025-07-09,Clementi Rd,flash_flood,Clementi Rd,Blackmore Dr,,,1.2961463,103.7695702,126840.0,10,60,5525,1.2961463,103.7695702,10,60,5525,,,,,1.335481,103.7833645,599987.0,6,98,35434,0101000020E61000007A3E5EA340F159406F4D15E703BDF43F,2025-11-18 18:49:10.808887+00
250,"[Risk of Flash Floods]

Due to heavy rain, please avoid this location for the next 1 hour: TPE (Punggol West Flyover) [16:55 hours]",2025-07-09,Punggol West Flyover,flash_flood_risk,Punggol West Flyover,punggol west flyover,,,1.400063,103.8959395,820221.0,16,275,27006,1.400063,103.8959395,16,275,27006,,,,,1.400063,103.8959395,820221.0,16,275,27006,0101000020E610000074ECA01257F95940336FD575A866F63F,2025-11-18 19:14:19.68637+00
251,"[FLASH FLOOD OCCURRED]  

Flash flood at Yishun Avenue 7 (near intersection of Yishun St 22). Please avoid the area. PUB officers have been deployed to render assistance. Issued 1635 hours.",2025-07-09,Yishun Avenue 7,flash_flood,Yishun Avenue 7,Near Intersection Of Yishun St 22,,,1.366923,103.801292,,7,294,23594,1.3741884,103.8114183,7,294,23594,,,,,1.366923,103.801292,,7,294,23594,0101000020E61000000F780547EEF359405AAEC8F9ACFCF53F,2025-11-18 19:14:19.68637+00
252,"[Risk of Flash Floods]

Due to heavy rain, please avoid this location for the next 1 hour: Yishun Ave 7 (near intersection of Yishun St 22) [16:28 hours]",2025-07-09,Yishun Ave 7,flash_flood_risk,Yishun Ave 7,Near Intersection Of Yishun St 22,,,1.4413717,103.8398592,768924.0,55,320,29358,1.4413717,103.8398592,55,320,29358,,,,,1.366923,103.801292,,7,294,23594,0101000020E6100000AA4FCD40C0F559402A148EC5DB0FF73F,2025-11-18 19:14:19.68637+00
253,"[Risk of Flash Floods]

Due to heavy rain, please avoid this location for the next 1 hour: Hillcrest Rd (Watten Rise to Dunearn Rd) [17:02 hours]",2025-07-09,Watten Rise,flash_flood_risk,Watten Rise,Dunearn Rd,,,1.329532,103.8080553,287702.0,6,191,19354,1.329532,103.8080553,6,191,19354,,,,,1.3260719,103.8081093,287408.0,6,191,19513,0101000020E610000002B7932DB7F359407EC4AF58C345F53F,2025-11-18 18:49:10.808887+00
254,"[Risk of Flash Floods]

Due to heavy rain, please avoid this location for the next 1 hour: Thomson Rd (Balestier Rd to Novena Rise) [17:02 hours]",2025-07-09,Balestier Rd,flash_flood_risk,Balestier Rd,Novena Rise,,,1.3261996,103.8483058,329826.0,25,175,23496,1.3261996,103.8483058,25,175,23496,,,,,1.3242731,103.8429008,308504.0,25,175,26059,0101000020E6100000750069A44AF65940157E5F121D38F53F,2025-11-18 18:49:10.808887+00
255,"[Risk of Flash Floods] 

Due to heavy rain, please avoid this location for the next 1 hour: Riverside Road (near Junction of Riverside Road and Admiralty Road) [Issued 14:40 hours]",2025-07-09,Riverside Road,flash_flood_risk,Riverside Road,Near Junction Of Riverside Road And Admiralty Road,,,1.4416226,103.7844894,739193.0,33,272,21531,1.4416226,103.7844894,33,272,21531,,,,,1.366923,103.801292,,7,294,23594,0101000020E6100000C143071335F25940B6CA02DCE210F73F,2025-11-18 19:14:19.68637+00
256,"[FLASH FLOOD OCCURRED]

Flash flood at Coronation Walk. Please avoid the area. PUB officers have been deployed to render assistance. Issued 1735 hours.",2025-07-09,Coronation Walk,flash_flood,Coronation Walk,,,,1.3239188,103.8095468,269212.0,6,148,30847,1.3239188,103.8095468,6,148,30847,1.3243465,103.8098373,1.32317614710263,103.809034032975,,,,0,0,0,0101000020E610000037A5619DCFF35940FAF3C87AC52EF53F,2025-11-18 19:14:19.68637+00
257,"[Risk of Flash Floods]

Due to heavy rain, please avoid this location for the next 1 hour: Eng Kong Pl (Greenridge Cres to Eng Kong Gdn) [16:56 hours]",2025-07-09,Greenridge Cres,flash_flood_risk,Greenridge Cres,Eng Kong Gdn,,,1.3347903,103.7659229,598954.0,6,152,21124,1.3347903,103.7659229,6,152,21124,,,,,1.33712705,103.769042680772,,6,152,33677,0101000020E61000007BB07BE104F15940D949D8124D5BF53F,2025-11-18 18:49:10.808887+00
258,"The heavy rain has eased. [Issued by NEA, 18:52 hours]",2025-07-09,,,,,,,,,,0,0,0,,,0,0,0,,,,,,,,0,0,0,,2025-11-18 19:14:19.68637+00
259,"[FLASH FLOOD OCCURRED]  

Flash flood at Kings Rd (between Prince Rd and Lutheran Rd). Please avoid the area. PUB officers have been deployed to render assistance. Issued 17:05 hours.",2025-07-09,Prince Rd,flash_flood,Prince Rd,Lutheran Rd,,,1.3217209,103.8087608,269441.0,6,148,1967,1.3217209,103.8087608,6,148,1967,,,,,1.3216867,103.8102209,267746.0,6,148,1965,0101000020E61000005B92A8BCC2F35940F5087FD0C425F53F,2025-11-18 19:14:19.68637+00
260,"[Risk of Flash Floods]

Due to heavy rain, please avoid this location for the next 1 hour: Jln Pokok Serunai [17:19 hours]",2025-07-09,Jln Pokok Serunai,flash_flood_risk,Jln Pokok Serunai,,,,1.3144068,103.9363546,466433.0,1,136,44168,1.3144068,103.9363546,1,136,44168,1.31352179837289,103.936539534812,1.3144068,103.9363546,,,,0,0,0,0101000020E6100000631DD83BEDFB59407E3DBA6CCF07F53F,2025-11-18 19:14:19.68637+00
261,"The heavy rain has eased. [Issued by NEA, 15:48 hours]",2025-07-09,,,,,,,,,,0,0,0,,,0,0,0,,,,,,,,0,0,0,,2025-11-18 19:14:19.68637+00
262,"[Risk of Flash Floods]

Due to heavy rain, please avoid this location for the next 1 hour: Alexandra Rd (opp Alexis Condo) [17:19 hours]",2025-07-09,Alexandra Rd,flash_flood_risk,Alexandra Rd,Opp Alexis Condo,,,1.2870193,103.8034282,149053.0,17,26,5157,1.2870193,103.8034282,17,26,5157,,,,,1.366923,103.801292,,7,294,23594,0101000020E6100000C9EB1C5E6BF359400D22AD8CA197F43F,2025-11-18 19:14:19.68637+00
263,"[Risk of Flash Floods]

Due to heavy rain, please avoid this location for the next 1 hour: Junction of Boon Lay Way and Corporation Rd [17:17 hours]",2025-07-09,Boon Lay Way,flash_flood_risk,Boon Lay Way,Corporation Rd,,,1.3404541,103.7096061,641237.0,13,193,25832,1.3404541,103.7096061,13,193,25832,,,,,1.3352196,103.7191182,618617.0,13,208,15714,0101000020E6100000B222B42F6AED594036A094FF7F72F53F,2025-11-18 19:14:19.68637+00
264,"[Risk of Flash Floods]

Due to heavy rain, please avoid this location for the next 1 hour: KG Java Rd (Newton Circus to CTE) [17:15 hours]",2025-07-09,Newton Circus,flash_flood_risk,Newton Circus,CTE,,,1.312812,103.8390316,229495.0,44,108,928,1.31288144870996,103.839095453974,44,108,928,,,,,1.2818208,103.8321045,160075.0,4,7,2050,0101000020E610000082426BBDB3F559400AC05BFA8F01F53F,2025-11-18 19:14:19.68637+00
265,"[Risk of Flash Floods]

Due to heavy rain, please avoid this location for the next 1 hour: Junction of Stevens Rd and Balmoral Rd [17:14 hours]",2025-07-09,Stevens Rd,flash_flood_risk,Stevens Rd,Balmoral Rd,,,1.3166148,103.8258954,259500.0,48,134,1333,1.3166148,103.8258954,48,134,1333,,,,,1.3138798,103.8308999,257831.0,48,134,2969,0101000020E6100000AD3A6178DBF4594090DF36AEDA10F53F,2025-11-18 19:14:19.68637+00
266,"[FLASH FLOOD OCCURRED]  

Flash flood at Bt Timah Rd (between Clementi Rd and Blackmore Dr). Please avoid the area. PUB officers have been deployed to render assistance. Issued 17:05 hours.",2025-07-09,Clementi Rd,flash_flood,Clementi Rd,Blackmore Dr,,,1.2961463,103.7695702,126840.0,10,60,5525,1.2961463,103.7695702,10,60,5525,,,,,1.335481,103.7833645,599987.0,6,98,35434,0101000020E61000007A3E5EA340F159406F4D15E703BDF43F,2025-11-18 19:14:19.68637+00
267,"[Risk of Flash Floods]

Due to heavy rain, please avoid this location for the next 1 hour: Orchard Rd (Paterson Rd to Mt Elizabeth) [17:13 hours]",2025-07-09,Paterson Rd,flash_flood_risk,Paterson Rd,Mt Elizabeth,,,1.3049751,103.8315677,238881.0,45,73,1353,1.3049751,103.8315677,45,73,1353,,,,,1.3041628,103.8353148,238862.0,45,73,4702,0101000020E61000003CFABA6738F55940608209922DE1F43F,2025-11-18 19:14:19.68637+00
268,"[Risk of Flash Floods]

Due to heavy rain, please avoid this location for the next 1 hour: Junction of Yishun Ave 2 and Yishun Ave 5 [13:49 hours]",2025-07-09,Yishun Ave 2,flash_flood_risk,Yishun Ave 2,Yishun Ave 5,,,1.4346576,103.8346712,760224.0,55,320,29272,1.4346576,103.8346712,55,320,29272,,,,,1.4304225,103.8334205,760741.0,55,316,15403,0101000020E610000070BAC0406BF559405A530F875BF4F63F,2025-11-18 19:14:19.68637+00
269,"[Risk of Flash Floods]

Due to heavy rain, please avoid this location for the next 1 hour: Yishun Avenue 7 [13:39 hours]",2025-07-09,Yishun Avenue 7,flash_flood_risk,Yishun Avenue 7,,,,,,,0,0,0,,,0,0,0,,,,,,,,0,0,0,,2025-11-18 19:14:19.68637+00
270,"[Risk of Flash Floods]

Due to heavy rain, please avoid this location for the next 1 hour: Jln Arif [18:35 hours]",2025-07-09,Jln Arif,flash_flood_risk,Jln Arif,,,,1.3674564,103.8839193,548832.0,11,162,16923,1.3674564,103.8839193,11,162,16923,1.3673896,103.8839399,1.3681745,103.8838638,,,,0,0,0,0101000020E61000006873412292F85940584B4BF619E1F53F,2025-11-18 19:14:19.68637+00
271,"[Risk of Flash Floods]

Due to heavy rain, please avoid this location for the next 1 hour: Thomson Rd (Balestier Rd to Novena Rise) [00:37 hours]",2025-07-09,Balestier Rd,flash_flood_risk,Balestier Rd,Novena Rise,,,1.3261996,103.8483058,329826.0,25,175,23496,1.3261996,103.8483058,25,175,23496,,,,,1.3242731,103.8429008,308504.0,25,175,26059,0101000020E6100000750069A44AF65940157E5F121D38F53F,2025-11-18 19:14:19.68637+00
272,"[Risk of Flash Floods]

Due to heavy rain, please avoid this location for the next 1 hour: Macpherson Rd OD (Siang Kuang Ave) [00:33 hours]",2025-07-09,Macpherson Rd Od,flash_flood_risk,Macpherson Rd Od,Siang Kuang Ave,,,1.3331602,103.8875874,369573.0,53,93,37240,1.3331602,103.8875874,53,93,37240,,,,,1.329197,103.8707625,347943.0,29,100,23808,0101000020E6100000DED5613BCEF85940D84235CA9F54F53F,2025-11-18 19:14:19.68637+00
273,"[Risk of Flash Floods]

Due to heavy rain, please avoid this location for the next 1 hour: Lor Gambir
 [00:29 hours]",2025-07-09,Lor Gambir,flash_flood_risk,Lor Gambir,,,,1.280284,103.78864,,17,44,3931,1.28028396411318,103.788639990388,17,44,3931,1.28012,103.7892668,1.2804606,103.7880166,,,,0,0,0,0101000020E610000014C2DD1379F259406859B7090B7CF43F,2025-11-18 19:14:19.68637+00
274,"[Risk of Flash Floods]

Due to heavy rain, please avoid this location for the next 1 hour: Upp Paya Lebar Service Rd (Lim Teck Boo Rd to Rochdale Rd);
Jln Lokam (near Upp Paya Lebar Rd);
Thrift Dr (near Jln Usaha); [00:28 hours]",2025-07-09,Lim Teck Boo Rd,flash_flood_risk,Lim Teck Boo Rd,Rochdale Rd,,,1.3432694,103.8848743,536209.0,11,202,28203,1.3432694,103.8848743,11,202,28203,,,,,1.3433183,103.8835973,535823.0,11,202,18534,0101000020E61000008AE4D0C7A1F859400E7BEB0D087EF53F,2025-11-18 19:14:19.68637+00
275,"[Risk of Flash Floods]

Due to heavy rain, please avoid this location for the next 1 hour: Junction of Toa Payoh Lor 1 and Toa Payoh Lor 2
 [00:23 hours]",2025-07-09,Toa Payoh Lor 1,flash_flood_risk,Toa Payoh Lor 1,Toa Payoh Lor 2,,,1.332829,103.847143,,29,96,13883,1.33293878465821,103.846681311005,29,96,13883,,,,,1.332829,103.847143,,29,96,13883,0101000020E61000009D39CF0630F65940F5D47A9EB753F53F,2025-11-18 19:14:19.68637+00
276,"[Risk of Flash Floods]

Due to heavy rain, please avoid this location for the next 1 hour: Langsat Rd (Everitt Rd North to Lor 106 Changi);
Lor 105 Changi; [00:20 hours]",2025-07-09,Everitt Rd North,flash_flood_risk,Everitt Rd North,Lor 106 Changi,,,1.315762,103.901565,,53,121,43936,1.31576194704981,103.901564721746,53,121,43936,,,,,1.390577,103.987589,,8,235,43011,0101000020E610000039C8843CB3F9594053673E665C0DF53F,2025-11-18 19:14:19.68637+00
277,"[Risk of Flash Floods]

Due to heavy rain, please avoid this location for the next 1 hour: Marine Parade Ctrl;
Marine Parade Rd [00:15 hours]",2025-07-09,Marine Parade Ctrl,flash_flood_risk,Marine Parade Ctrl,,,,1.301396,103.905945,,39,143,45672,1.3013762,103.9065952,39,143,45672,1.3013762,103.9065952,1.301442,103.9066939,,,,0,0,0,0101000020E61000007AADDFA705FA594020AFACD96FD2F43F,2025-11-18 19:14:19.68637+00
278,"[Risk of Flash Floods]

Due to heavy rain, please avoid this location for the next 1 hour: East Coast Rd [00:12 hours]",2025-07-09,East Coast Rd,flash_flood_risk,East Coast Rd,,,,1.3114279,103.9205556,459045.0,1,118,43675,1.3114279,103.9205556,1,118,43675,1.3114279,103.9205556,1.3113865,103.9205754,,,,0,0,0,0101000020E610000094090962EAFA5940C8FD58D29BFBF43F,2025-11-18 19:14:19.68637+00
279,"[Risk of Flash Floods]

Due to heavy rain, please avoid this location for the next 1 hour: KPE(ECP) after Buangkok East Dr Exit [13:53 hours]",2025-07-09,Buangkok East Dr Exit,flash_flood_risk,Buangkok East Dr Exit,ecp,,,1.371346,103.907861,,11,224,38263,1.37134631238352,103.907860192771,11,224,38263,,,,,1.2925115,103.8619746,39193.0,40,77,11599,0101000020E6100000A852A3611AFA5940BBD6B2D408F1F53F,2025-11-18 18:49:10.808887+00
280,"The heavy rain has eased. [Issued by NEA, 18:58 hours]",2025-07-09,,,,,,,,,,0,0,0,,,0,0,0,,,,,,,,0,0,0,,2025-11-18 19:14:19.68637+00
281,"[Risk of Flash Floods]

Due to heavy rain, please avoid this location for the next 1 hour: Junction of Yishun Ave 2 and Yishun Ave 5 [13:49 hours]",2025-07-09,Yishun Ave 2,flash_flood_risk,Yishun Ave 2,Yishun Ave 5,,,1.4346576,103.8346712,760224.0,55,320,29272,1.4346576,103.8346712,55,320,29272,,,,,1.4304225,103.8334205,760741.0,55,316,15403,0101000020E610000070BAC0406BF559405A530F875BF4F63F,2025-11-18 18:49:10.808887+00
282,"The heavy rain has eased. [Issued by NEA, 18:16 hours]",2025-07-09,,,,,,,,,,0,0,0,,,0,0,0,,,,,,,,0,0,0,,2025-11-18 19:14:19.68637+00
283,"The heavy rain has eased. [Issued by NEA, 16:07 hours]",2025-07-09,,,,,,,,,,0,0,0,,,0,0,0,,,,,,,,0,0,0,,2025-11-18 19:14:19.68637+00
284,"[FLASH FLOOD OCCURRED]

Flash flood at Junction of Stevens Road and Balmoral Road. Please avoid the area. PUB officers have been deployed to render assistance. Issued 1720 hours.",2025-07-09,Stevens Road,flash_flood,Stevens Road,Balmoral Road,,,1.3166148,103.8258954,259500.0,48,134,1333,1.3166148,103.8258954,48,134,1333,,,,,1.3138798,103.8308999,257831.0,48,134,2969,0101000020E6100000AD3A6178DBF4594090DF36AEDA10F53F,2025-11-18 19:14:19.68637+00
285,"[FLASH FLOOD OCCURRED]  

Flash flood at KPE (Slip Rd to Buangkok East Drive). Please avoid the area. PUB officers have been deployed to render assistance. Issued 1405 hours.",2025-07-09,Slip Rd,flash_flood,Slip Rd,Buangkok East Drive,,,1.371346,103.907861,,11,224,38263,1.37134631238352,103.907860192771,11,224,38263,,,,,1.371346,103.907861,,11,224,38263,0101000020E6100000A852A3611AFA5940BBD6B2D408F1F53F,2025-11-18 19:14:19.68637+00
286,"[Risk of Flash Floods]

Due to heavy rain, please avoid this location for the next 1 hour: Upp Paya Lebar Service Rd (Lim Teck Boo Rd to Rochdale Rd);
Jln Lokam (near Upp Paya Lebar Rd);
Thrift Dr (near Jln Usaha); [16:48 hours]",2025-07-09,Lim Teck Boo Rd,flash_flood_risk,Lim Teck Boo Rd,Rochdale Rd,,,1.3432694,103.8848743,536209.0,11,202,28203,1.3432694,103.8848743,11,202,28203,,,,,1.3433183,103.8835973,535823.0,11,202,18534,0101000020E61000008AE4D0C7A1F859400E7BEB0D087EF53F,2025-11-18 19:14:19.68637+00
287,"[Risk of Flash Floods]

Due to heavy rain, please avoid this location for the next 1 hour: Lor Ong Lye (near Lor Lew Lian) [14:12 hours]",2025-07-09,Lor Ong Lye,flash_flood_risk,Lor Ong Lye,Near Lor Lew Lian,,,1.366923,103.801292,,7,294,23594,1.3741884,103.8114183,7,294,23594,,,,,1.366923,103.801292,,7,294,23594,0101000020E61000000F780547EEF359405AAEC8F9ACFCF53F,2025-11-18 19:14:19.68637+00
288,"[Risk of Flash Floods]

Due to heavy rain, please avoid this location for the next 1 hour: Junction of Toa Payoh Lor 1 and Toa Payoh Lor 2
 [14:11 hours]",2025-07-09,Toa Payoh Lor 1,flash_flood_risk,Toa Payoh Lor 1,Toa Payoh Lor 2,,,1.332829,103.847143,,29,96,13883,1.33293878465821,103.846681311005,29,96,13883,,,,,1.332829,103.847143,,29,96,13883,0101000020E61000009D39CF0630F65940F5D47A9EB753F53F,2025-11-18 19:14:19.68637+00
289,"[Risk of Flash Floods]

Due to heavy rain, please avoid this location for the next 1 hour: Eng Kong Pl (Greenridge Cres to Eng Kong Gdn) [14:11 hours]",2025-07-09,Greenridge Cres,flash_flood_risk,Greenridge Cres,Eng Kong Gdn,,,1.3347903,103.7659229,598954.0,6,152,21124,1.3347903,103.7659229,6,152,21124,,,,,1.33712705,103.769042680772,,6,152,33677,0101000020E61000007BB07BE104F15940D949D8124D5BF53F,2025-11-18 19:14:19.68637+00
290,"[FLASH FLOOD OCCURRED]  

Flash flood at Punggol Way (Slip Rd to TPE). Please avoid the area. PUB officers have been deployed to render assistance. Issued 1357 hours.",2025-07-09,Slip Rd,flash_flood,Slip Rd,TPE,,,1.4116956,103.9001797,828862.0,16,292,29747,1.4116956,103.9001797,16,292,29747,,,,,1.3650936,103.9550121,510126.0,14,168,38743,0101000020E61000007A01518B9CF9594079831E204E96F63F,2025-11-18 19:14:19.68637+00
291,"[FLASH FLOOD OCCURRED]  

Flash flood at Yishun Avenue 7. Please avoid the area. PUB officers have been deployed to render assistance. Issued 1350 hours.",2025-07-09,Yishun Avenue 7,flash_flood,Yishun Avenue 7,,,,,,,0,0,0,,,0,0,0,,,,,,,,0,0,0,,2025-11-18 19:14:19.68637+00
292,"[Risk of Flash Floods]

Due to heavy rain, please avoid this location for the next 1 hour: TPE Slip Rd towards Punggol Rd [13:56 hours]",2025-07-09,TPE Slip Rd Towards Punggol Rd,flash_flood_risk,TPE Slip Rd Towards Punggol Rd,,,,1.400883,103.905556,,16,240,40236,1.40088321421321,103.905555470385,16,240,40236,1.40172166280961,103.90589223358,1.4002649,103.9052784,,,,0,0,0,0101000020E61000002581EE9EF4F9594055FA6884046AF63F,2025-11-18 19:14:19.68637+00
293,"[Risk of Flash Floods]

Due to heavy rain, please avoid this location for the next 1 hour: KPE(ECP) after Buangkok East Dr Exit [13:53 hours]",2025-07-09,Buangkok East Dr Exit,flash_flood_risk,Buangkok East Dr Exit,ecp,,,1.371346,103.907861,,11,224,38263,1.37134631238352,103.907860192771,11,224,38263,,,,,1.2925115,103.8619746,39193.0,40,77,11599,0101000020E6100000A852A3611AFA5940BBD6B2D408F1F53F,2025-11-18 19:14:19.68637+00
294,"[Risk of Flash Floods]

Due to heavy rain, please avoid this location for the next 1 hour: TPE (Punggol West Flyover) [13:51 hours]",2025-07-09,Punggol West Flyover,flash_flood_risk,Punggol West Flyover,punggol west flyover,,,1.400063,103.8959395,820221.0,16,275,27006,1.400063,103.8959395,16,275,27006,,,,,1.400063,103.8959395,820221.0,16,275,27006,0101000020E610000074ECA01257F95940336FD575A866F63F,2025-11-18 19:14:19.68637+00
295,"[Risk of Flash Floods]

Due to heavy rain, please avoid this location for the next 1 hour: TPE (Punggol West Flyover) [09:28 hours]",2025-07-09,Punggol West Flyover,flash_flood_risk,Punggol West Flyover,punggol west flyover,,,1.400063,103.8959395,820221.0,16,275,27006,1.400063,103.8959395,16,275,27006,,,,,1.400063,103.8959395,820221.0,16,275,27006,0101000020E610000074ECA01257F95940336FD575A866F63F,2025-11-18 19:14:19.68637+00
296,"[Risk of Flash Floods]

Due to heavy rain, please avoid this location for the next 1 hour: Junction of Yishun Ave 2 and Yishun Ave 5 [09:16 hours]",2025-07-09,Yishun Ave 2,flash_flood_risk,Yishun Ave 2,Yishun Ave 5,,,1.4346576,103.8346712,760224.0,55,320,29272,1.4346576,103.8346712,55,320,29272,,,,,1.4304225,103.8334205,760741.0,55,316,15403,0101000020E610000070BAC0406BF559405A530F875BF4F63F,2025-11-18 19:14:19.68637+00
297,"[Risk of Flash Floods]

Due to heavy rain, please avoid this location for the next 1 hour: Yishun Avenue 7 [09:13 hours]",2025-07-09,Yishun Avenue 7,flash_flood_risk,Yishun Avenue 7,,,,,,,0,0,0,,,0,0,0,,,,,,,,0,0,0,,2025-11-18 19:14:19.68637+00
298,"[Risk of Flash Floods]

Due to heavy rain, please avoid this location for the next 1 hour:   Dunearn Road (between Yarwood Ave and Binjai Park)[Issued 1347hours]",2025-07-09,Yarwood Ave,flash_flood_risk,Yarwood Ave,Binjai Park,,,1.3396186,103.7826758,587997.0,6,153,25061,1.3396186,103.7826758,6,153,25061,,,,,1.3404925,103.787472,589874.0,6,153,25614,0101000020E6100000B9173D5C17F259401AD0C1E9136FF53F,2025-11-18 19:14:19.68637+00
299,"[Risk of Flash Floods]

Due to heavy rain, please avoid this location for the next 1 hour: ECP (towards Changi Airport) at Tanah Merah Coast Road Entrance [10:20 hours]",2025-07-09,ECP,flash_flood_risk,ECP,Changi Airport,,,1.2925115,103.8619746,39193.0,40,77,11599,1.2925115,103.8619746,40,77,11599,,,,,1.35755735,103.988481200776,819661.0,8,298,39336,0101000020E6100000E43E83972AF759403143E38920AEF43F,2025-11-18 18:49:10.808887+00
300,"[FLASH FLOOD OCCURRED]  

Flash flood at Jurong Town Hall Road (towards PIE) before Jurong East Street 11. Please avoid the area. Issued 0749 hours.",2025-07-09,Jurong Town Hall Road,flash_flood,Jurong Town Hall Road,PIE,,,1.3331728,103.7377991,609080.0,12,283,32564,1.3331728,103.7377991,12,283,32564,,,,,1.341385,103.7493551,659537.0,3,213,13100,0101000020E61000002B61B71938EF594001AB7E00AD54F53F,2025-11-18 19:14:19.68637+00
301,"[Risk of Flash Floods] 

Due to heavy rain, please avoid this location for the next 1 hour: Jurong Town Hall Road (towards PIE) before Jurong East Street 11 [Issued 07:43hours]",2025-07-09,Jurong Town Hall Road,flash_flood_risk,Jurong Town Hall Road,PIE,,,1.3331728,103.7377991,609080.0,12,283,32564,1.3331728,103.7377991,12,283,32564,,,,,1.341385,103.7493551,659537.0,3,213,13100,0101000020E61000002B61B71938EF594001AB7E00AD54F53F,2025-11-18 19:14:19.68637+00
302,"[Risk of Flash Floods]

Due to heavy rain, please avoid this location for the next 1 hour: Dunearn Rd (Yarwood Ave to Binjai Pk) [07:21 hours]",2025-07-09,Yarwood Ave,flash_flood_risk,Yarwood Ave,Binjai Pk,,,1.3396186,103.7826758,587997.0,6,153,25061,1.3396186,103.7826758,6,153,25061,,,,,1.3404925,103.787472,589874.0,6,153,25614,0101000020E6100000B9173D5C17F259401AD0C1E9136FF53F,2025-11-18 19:14:19.68637+00
303,"With more wet weather ⛈️ heading our way, it’s more important than ever to be flood ready. Here's a set of guidelines and safety tips to help you do just that! Share this with your family and friends to help them stay safe during rainy days. 🥰",2025-07-09,,,,,,,,,,0,0,0,,,0,0,0,,,,,,,,0,0,0,,2025-11-18 19:14:19.68637+00
304,"[Risk of Flash Floods]

Due to heavy rain, please avoid this location for the next 1 hour: Mountbatten Rd leading to Jln Seaview [02:08 hours]",2025-07-09,Mountbatten Rd Leading To Jln Seaview,flash_flood_risk,Mountbatten Rd Leading To Jln Seaview,,,,1.366923,103.801292,,7,294,23594,1.3741884,103.8114183,7,294,23594,1.3741884,103.8114183,1.37505222563064,103.811152819118,,,,0,0,0,0101000020E61000000F780547EEF359405AAEC8F9ACFCF53F,2025-11-18 19:14:19.68637+00
305,"[Risk of Flash Floods]

Due to heavy rain, please avoid this location for the next 1 hour: Jln Pokok Serunai [12:00 hours]",2025-07-09,Jln Pokok Serunai,flash_flood_risk,Jln Pokok Serunai,,,,1.3144068,103.9363546,466433.0,1,136,44168,1.3144068,103.9363546,1,136,44168,1.31352179837289,103.936539534812,1.3144068,103.9363546,,,,0,0,0,0101000020E6100000631DD83BEDFB59407E3DBA6CCF07F53F,2025-11-18 19:14:19.68637+00
306,"[Risk of Flash Floods]

Due to heavy rain, please avoid this location for the next 1 hour: Mountbatten Road/Jalan Seaview [13:50 hours]",2025-07-09,Mountbatten Road/Jalan Seaview,flash_flood_risk,Mountbatten Road/Jalan Seaview,,,,1.366923,103.801292,,7,294,23594,1.3741884,103.8114183,7,294,23594,1.3741884,103.8114183,1.37505222563064,103.811152819118,,,,0,0,0,0101000020E61000000F780547EEF359405AAEC8F9ACFCF53F,2025-11-18 19:14:19.68637+00
307,"[Risk of Flash Floods]

Due to heavy rain, please avoid this location for the next 1 hour: Junction of TG Pagar Rd and Hoe Chiang Rd [01:48 hours]",2025-07-09,Tg Pagar Rd,flash_flood_risk,Tg Pagar Rd,Hoe Chiang Rd,,,1.278193,103.843765,,46,3,10016,1.27819426445071,103.843761242274,46,3,10016,,,,,1.2740845,103.8422014,89316.0,40,33,9786,0101000020E6100000CA4C272F00F6594069023CD47B73F43F,2025-11-18 19:14:19.68637+00
308,"[Risk of Flash Floods]

Due to heavy rain, please avoid this location for the next 1 hour: ECP (towards Changi Airport) after Bayshore Rd Exit [13:40 hours]",2025-07-09,ECP,flash_flood_risk,ECP,Changi Airport,,,1.2925115,103.8619746,39193.0,40,77,11599,1.2925115,103.8619746,40,77,11599,,,,,1.35755735,103.988481200776,819661.0,8,298,39336,0101000020E6100000E43E83972AF759403143E38920AEF43F,2025-11-18 19:14:19.68637+00
309,🔽 Flash flood at Bukit Timah Rd towards Clementi Rd has subsided. [15:30 hours],2025-07-09,Bukit Timah Rd Towards Clementi Rd Has Subsided.,flash_flood,Bukit Timah Rd Towards Clementi Rd Has Subsided.,,,,1.33044,103.777719,,6,152,33296,1.33043998825652,103.777719266035,6,152,33296,1.3299913,103.7776767,1.3306605,103.777729,,,,0,0,0,0101000020E6100000C0450727C6F1594044A3ED707B49F53F,2025-11-18 19:14:19.68637+00
310,"[Risk of Flash Floods]

Due to heavy rain, please avoid this location for the next 1 hour: Jln Pokok Serunai [14:15 hours]",2025-07-09,Jln Pokok Serunai,flash_flood_risk,Jln Pokok Serunai,,,,1.3144068,103.9363546,466433.0,1,136,44168,1.3144068,103.9363546,1,136,44168,1.31352179837289,103.936539534812,1.3144068,103.9363546,,,,0,0,0,0101000020E6100000631DD83BEDFB59407E3DBA6CCF07F53F,2025-11-18 19:14:19.68637+00
311,"[Risk of Flash Floods]

Due to heavy rain, please avoid this location for the next 1 hour: PIE (towards Changi Airport) after TPE [07:40 hours]",2025-07-09,PIE,flash_flood_risk,PIE,Changi Airport,,,1.341385,103.7493551,659537.0,3,213,13100,1.341385,103.7493551,3,213,13100,,,,,1.35755735,103.988481200776,819661.0,8,298,39336,0101000020E6100000D0E5176FF5EF5940F584251E5076F53F,2025-11-18 19:14:19.68637+00
312,"[Risk of Flash Floods]

Due to heavy rain, please avoid this location for the next 1 hour: Mountbatten Road / Jalan Seaview [14:45 hours]",2025-07-09,Mountbatten Road / Jalan Seaview,flash_flood_risk,Mountbatten Road / Jalan Seaview,,,,1.366923,103.801292,,7,294,23594,1.3741884,103.8114183,7,294,23594,1.3741884,103.8114183,1.37505222563064,103.811152819118,,,,0,0,0,0101000020E61000000F780547EEF359405AAEC8F9ACFCF53F,2025-11-18 19:14:19.68637+00
313,🔽 Flash flood at Ophir Rd (near F1 building) has subsided. [14:50 hours],2025-07-09,Ophir Rd,flash_flood,Ophir Rd,Near F1 Building,,,1.3028493,103.8558683,188690.0,35,85,5537,1.3028493,103.8558683,35,85,5537,,,,,1.290837,103.863995,,40,77,442,0101000020E6100000B88BD58BC6F6594028DDF18178D8F43F,2025-11-18 19:14:19.68637+00
314,"🚨 Flash flood at the following location:
 
• Ophir Rd (near F1 building) [14:08 hours]

Please avoid the above areas. PUB officers have been deployed to render assistance.",2025-07-09,Ophir Rd,flash_flood,Ophir Rd,Near F1 Building,,,1.3028493,103.8558683,188690.0,35,85,5537,1.3028493,103.8558683,35,85,5537,,,,,1.290837,103.863995,,40,77,442,0101000020E6100000B88BD58BC6F6594028DDF18178D8F43F,2025-11-18 19:14:19.68637+00
315,"🚨 Flash flood at the following location:
 
• Bukit Timah Rd towards Clementi Rd [15:21 hours]

Please avoid the above areas. PUB officers have been deployed to render assistance.",2025-07-09,Bukit Timah Rd Towards Clementi Rd,flash_flood,Bukit Timah Rd Towards Clementi Rd,,,,1.33044,103.777719,,6,152,33296,1.33043998825652,103.777719266035,6,152,33296,1.3299913,103.7776767,1.3306605,103.777729,,,,0,0,0,0101000020E6100000C0450727C6F1594044A3ED707B49F53F,2025-11-18 19:14:19.68637+00
316,🔽 Flash Flood at Enterprise Rd has subsided. Roads are now passable. [16:35 hours],2025-07-09,Enterprise Rd Has Subsided. Roads Are Now Passable.,flash_flood,Enterprise Rd Has Subsided. Roads Are Now Passable.,,,,1.366923,103.801292,,7,294,23594,1.3741884,103.8114183,7,294,23594,1.3741884,103.8114183,1.37505222563064,103.811152819118,,,,0,0,0,0101000020E61000000F780547EEF359405AAEC8F9ACFCF53F,2025-11-18 19:14:19.68637+00
317,"🌊 Risk of Flash Floods

• KJE (Slip Road to PIE) [16:17 hours]

Please avoid the above areas for the next 1 hour. #sgflood",2025-07-09,Slip Road,flash_flood_risk,Slip Road,PIE,,,1.3648115,103.7070109,648170.0,49,335,13184,1.3648115,103.7070109,49,335,13184,,,,,1.341385,103.7493551,659537.0,3,213,13100,0101000020E6100000985AA5AA3FED594078465B9544D6F53F,2025-11-18 19:14:19.68637+00
318,"🌊 Risk of Flash Floods

Due to heavy rain, water levels in drains have reached 90% in these areas:

• TPE Slip Rd (Punggol West Flyover) [20:27 hours]

Please avoid the above areas for the next 1 hour. #sgflood",2025-07-09,TPE Slip Rd,flash_flood_risk,TPE Slip Rd,Punggol West Flyover,,,1.385923,103.757068,,5,247,23016,1.38588764117273,103.757017838449,5,247,23016,,,,,1.400063,103.8959395,820221.0,16,275,27006,0101000020E61000001DA8F2FA72F059409547EC84982CF63F,2025-11-18 19:14:19.68637+00
319,"Stay safe on rainy days by avoiding flooded areas. 

Subscribe to our Telegram channel to get up-to-date alerts on impending heavy rain, areas at risk of flash floods and flash floods occurrences. 

Spread the word and invite your family and friends to join this Telegram channel today. https://t.me/pubfloodalerts",2025-07-09,,flash_flood_risk,,,,,,,,0,0,0,,,0,0,0,,,,,,,,0,0,0,,2025-11-18 19:14:19.68637+00
320,"[Risk of Flash Floods]

Due to heavy rain, please avoid this location for the next 1 hour: Jln Pokok Serunai [17:51 hours]",2025-07-09,Jln Pokok Serunai,flash_flood_risk,Jln Pokok Serunai,,,,1.3144068,103.9363546,466433.0,1,136,44168,1.3144068,103.9363546,1,136,44168,1.31352179837289,103.936539534812,1.3144068,103.9363546,,,,0,0,0,0101000020E6100000631DD83BEDFB59407E3DBA6CCF07F53F,2025-11-18 19:14:19.68637+00
321,"[Risk of Flash Floods]

Due to heavy rain, please avoid this location for the next 1 hour: Dunearn Rd (Yarwood Ave to Binjai Pk) [12:15 hours]",2025-07-09,Yarwood Ave,flash_flood_risk,Yarwood Ave,Binjai Pk,,,1.3396186,103.7826758,587997.0,6,153,25061,1.3396186,103.7826758,6,153,25061,,,,,1.3404925,103.787472,589874.0,6,153,25614,0101000020E6100000B9173D5C17F259401AD0C1E9136FF53F,2025-11-18 19:14:19.68637+00
322,"[Risk of Flash Floods]

Due to heavy rain, please avoid this location for the next 1 hour: Lor H Telok Kurau (cul-de-sac);
Joo Chiat Ave(cul-de-sac) [04:18 hours]",2025-07-09,Lor H Telok Kurau,flash_flood_risk,Lor H Telok Kurau,Cul-De-Sac,,,1.366923,103.801292,,7,294,23594,1.3741884,103.8114183,7,294,23594,,,,,1.366923,103.801292,,7,294,23594,0101000020E61000000F780547EEF359405AAEC8F9ACFCF53F,2025-11-18 19:14:19.68637+00
323,"📢 Flash flood alerts will be available on the On-Board Unit (OBU) in your vehicle from 30 June 2025. Motorists will receive alerts when approaching or travelling along affected roads. 
 
During intense downpours, our canals and drains may be temporarily overwhelmed, leading to flash floods. While these typically subside within an hour, motorists should avoid flooded areas and use alternative routes.
 
#BeFloodReady #GetFloodWise",2025-07-09,,,,,,,,,,0,0,0,,,0,0,0,,,,,,,,0,0,0,,2025-11-18 19:14:19.68637+00
324,"[Risk of Flash Floods]

Due to heavy rain, please avoid this location for the next 1 hour: East Coast Rd [04:07 hours]",2025-07-09,East Coast Rd,flash_flood_risk,East Coast Rd,,,,1.3114279,103.9205556,459045.0,1,118,43675,1.3114279,103.9205556,1,118,43675,1.3114279,103.9205556,1.3113865,103.9205754,,,,0,0,0,0101000020E610000094090962EAFA5940C8FD58D29BFBF43F,2025-11-18 19:14:19.68637+00
325,"Government officials will NEVER ask you to transfer money or disclose bank log-in details over a phone call.

☎️ Call the 24/7 ScamShield Helpline at 1799 to check if something is a scam.

🔒 For more information on protecting yourself against scams, visit http://www.scamshield.gov.sg/",2025-07-09,,,,,,,,,,0,0,0,,,0,0,0,,,,,,,,0,0,0,,2025-11-18 19:14:19.68637+00
326,"[Risk of Flash Floods]

Due to heavy rain, please avoid this location for the next 1 hour: Puay Hee Ave (near Siak Kew Ave);
 [04:04 hours]",2025-07-09,Puay Hee Ave,flash_flood_risk,Puay Hee Ave,Near Siak Kew Ave,,,1.3300287,103.8702924,348037.0,29,100,23813,1.3300287,103.8702924,29,100,23813,,,,,1.330209,103.871778,,29,100,22419,0101000020E610000045FDE4DEB2F75940C1DC932CCC47F53F,2025-11-18 19:14:19.68637+00
327,"[Risk of Flash Floods]

Due to heavy rain, please avoid this location for the next 1 hour: Cambridge Rd;
Carlisle Rd; [04:03 hours]",2025-07-09,Cambridge Rd,flash_flood_risk,Cambridge Rd,,,,1.3155962,103.8490772,219749.0,22,129,11758,1.3155962,103.8490772,22,129,11758,1.31629539033495,103.849646978744,1.3149754,103.8485391,,,,0,0,0,0101000020E6100000DF71E54757F65940B9DEDB99AE0CF53F,2025-11-18 19:14:19.68637+00
328,"[Risk of Flash Floods]

Due to heavy rain, please avoid this location for the next 1 hour: Mountbatten Rd leading to Jln Seaview [04:10 hours]",2025-07-09,Mountbatten Rd Leading To Jln Seaview,flash_flood_risk,Mountbatten Rd Leading To Jln Seaview,,,,1.366923,103.801292,,7,294,23594,1.3741884,103.8114183,7,294,23594,1.3741884,103.8114183,1.37505222563064,103.811152819118,,,,0,0,0,0101000020E61000000F780547EEF359405AAEC8F9ACFCF53F,2025-11-18 19:14:19.68637+00
329,"[Risk of Flash Floods]

Due to heavy rain, please avoid this location for the next 1 hour: ECP (towards Changi Airport) at Tanah Merah Coast Road Entrance [10:20 hours]",2025-07-09,ECP,flash_flood_risk,ECP,Changi Airport,,,1.2925115,103.8619746,39193.0,40,77,11599,1.2925115,103.8619746,40,77,11599,,,,,1.35755735,103.988481200776,819661.0,8,298,39336,0101000020E6100000E43E83972AF759403143E38920AEF43F,2025-11-18 19:14:19.68637+00
330,"[Risk of Flash Floods]

Due to heavy rain, please avoid this location for the next 1 hour: Lor Gambir
 [11:30 hours]",2025-07-09,Lor Gambir,flash_flood_risk,Lor Gambir,,,,1.280284,103.78864,,17,44,3931,1.28028396411318,103.788639990388,17,44,3931,1.28012,103.7892668,1.2804606,103.7880166,,,,0,0,0,0101000020E610000014C2DD1379F259406859B7090B7CF43F,2025-11-18 19:14:19.68637+00
331,"[Risk of Flash Floods]

Due to heavy rain, please avoid this location for the next 1 hour: Puay Hee Ave (near Siak Kew Ave);
Siang Kuang Ave; [00:28 hours]",2025-07-09,Puay Hee Ave,flash_flood_risk,Puay Hee Ave,Near Siak Kew Ave,,,1.3300287,103.8702924,348037.0,29,100,23813,1.3300287,103.8702924,29,100,23813,,,,,1.330209,103.871778,,29,100,22419,0101000020E610000045FDE4DEB2F75940C1DC932CCC47F53F,2025-11-18 19:14:19.68637+00
332,"[Risk of Flash Floods]

Due to heavy rain, please avoid this location for the next 1 hour: Rowell Rd;
Syed Alwi Rd;
Jln Besar Rd (Veerasamy Rd to Kitchener Rd);
Veerasamy Rd;
Kg Kapor Rd (Hindoo Rd to Kitchener Rd); [03:56 hours]",2025-07-09,Veerasamy Rd,flash_flood_risk,Veerasamy Rd,Kitchener Rd,,,1.3064371,103.8559137,208837.0,35,75,2505,1.3064371,103.8559137,35,75,2505,,,,,1.310223,103.8569338,208527.0,22,117,9809,0101000020E6100000B26C414AC7F659404F7FAC962AE7F43F,2025-11-18 19:14:19.68637+00
333,"[Risk of Flash Floods]

Due to heavy rain, please avoid this location for the next 1 hour: Jln Boon Lay (Enterprise Rd to International Rd) [07:39hours]",2025-07-09,Enterprise Rd,flash_flood_risk,Enterprise Rd,International Rd,,,1.3327484,103.7084845,629813.0,13,105,15770,1.3327484,103.7084845,13,105,15770,,,,,1.3278187,103.6878477,629711.0,13,105,15956,0101000020E6100000444E5FCF57ED5940C1BD7CFCEF52F53F,2025-11-18 19:14:19.68637+00
334,"[Risk of Flash Floods]

Due to heavy rain, please avoid this location for the next 1 hour: Upp Paya Lebar Service Rd (Lim Teck Boo Rd to Rochdale Rd);
Jln Lokam (near Upp Paya Lebar Rd);
Thrift Dr (near Jln Usaha); [04:00 hours]",2025-07-09,Lim Teck Boo Rd,flash_flood_risk,Lim Teck Boo Rd,Rochdale Rd,,,1.3432694,103.8848743,536209.0,11,202,28203,1.3432694,103.8848743,11,202,28203,,,,,1.3433183,103.8835973,535823.0,11,202,18534,0101000020E61000008AE4D0C7A1F859400E7BEB0D087EF53F,2025-11-18 19:14:19.68637+00
335,"[Risk of Flash Floods]

Due to heavy rain, please avoid this location for the next 1 hour: Lor Gambir
 [03:55 hours]",2025-07-09,Lor Gambir,flash_flood_risk,Lor Gambir,,,,1.280284,103.78864,,17,44,3931,1.28028396411318,103.788639990388,17,44,3931,1.28012,103.7892668,1.2804606,103.7880166,,,,0,0,0,0101000020E610000014C2DD1379F259406859B7090B7CF43F,2025-11-18 19:14:19.68637+00
336,"[Risk of Flash Floods]

Due to heavy rain, please avoid this location for the next 1 hour: Orchard Rd (Paterson Rd to Mt Elizabeth) [03:59 hours]",2025-07-09,Paterson Rd,flash_flood_risk,Paterson Rd,Mt Elizabeth,,,1.3049751,103.8315677,238881.0,45,73,1353,1.3049751,103.8315677,45,73,1353,,,,,1.3041628,103.8353148,238862.0,45,73,4702,0101000020E61000003CFABA6738F55940608209922DE1F43F,2025-11-18 19:14:19.68637+00
337,"[Risk of Flash Floods]

Due to heavy rain, please avoid this location for the next 1 hour: Jln Boon Lay (Enterprise Rd to International Rd) [11:29 hours]",2025-07-09,Enterprise Rd,flash_flood_risk,Enterprise Rd,International Rd,,,1.3327484,103.7084845,629813.0,13,105,15770,1.3327484,103.7084845,13,105,15770,,,,,1.3278187,103.6878477,629711.0,13,105,15956,0101000020E6100000444E5FCF57ED5940C1BD7CFCEF52F53F,2025-11-18 19:14:19.68637+00
338,"[Risk of Flash Floods]

Due to heavy rain, please avoid this location for the next 1 hour: Craig Rd (Duxton Rd to TG Pagar Rd) [03:46 hours]",2025-07-09,Duxton Rd,flash_flood_risk,Duxton Rd,Tg Pagar Rd,,,1.2785461,103.8433236,89539.0,46,3,9789,1.2785461,103.8433236,46,3,9789,,,,,1.278193,103.843765,,46,3,10016,0101000020E61000007B7C8C03F9F5594081DA5EC1EC74F43F,2025-11-18 19:14:19.68637+00
339,"[Risk of Flash Floods]

Due to heavy rain, please avoid this location for the next 1 hour: KG Java Rd (Newton Circus to CTE) [04:08 hours]",2025-07-09,Newton Circus,flash_flood_risk,Newton Circus,CTE,,,1.312812,103.8390316,229495.0,44,108,928,1.31288144870996,103.839095453974,44,108,928,,,,,1.2818208,103.8321045,160075.0,4,7,2050,0101000020E610000082426BBDB3F559400AC05BFA8F01F53F,2025-11-18 19:14:19.68637+00
340,"[Risk of Flash Floods]

Due to heavy rain, please avoid this location for the next 1 hour: Upp Paya Lebar Service Rd (Lim Teck Boo Rd to Rochdale Rd);
Jln Lokam (near Upp Paya Lebar Rd);
Thrift Dr (near Jln Usaha); [11:38 hours]",2025-07-09,Lim Teck Boo Rd,flash_flood_risk,Lim Teck Boo Rd,Rochdale Rd,,,1.3432694,103.8848743,536209.0,11,202,28203,1.3432694,103.8848743,11,202,28203,,,,,1.3433183,103.8835973,535823.0,11,202,18534,0101000020E61000008AE4D0C7A1F859400E7BEB0D087EF53F,2025-11-18 19:14:19.68637+00
341,"[FLASH FLOOD OCCURRED]  

Flash flood at King's Road (from Prince Road to Lutheran Road). Please avoid the area. PUB officers have been deployed to render assistance. Issued 1400 hours.",2025-07-09,Prince Road,flash_flood,Prince Road,Lutheran Road,,,1.3217209,103.8087608,269441.0,6,148,1967,1.3217209,103.8087608,6,148,1967,,,,,1.3216867,103.8102209,267746.0,6,148,1965,0101000020E61000005B92A8BCC2F35940F5087FD0C425F53F,2025-11-18 19:14:19.68637+00
342,"[Risk of Flash Floods]

Due to heavy rain, please avoid this location for the next 1 hour: Craig Rd (Duxton Rd to TG Pagar Rd) [11:20 hours]",2025-07-09,Duxton Rd,flash_flood_risk,Duxton Rd,Tg Pagar Rd,,,1.2785461,103.8433236,89539.0,46,3,9789,1.2785461,103.8433236,46,3,9789,,,,,1.278193,103.843765,,46,3,10016,0101000020E61000007B7C8C03F9F5594081DA5EC1EC74F43F,2025-11-18 19:14:19.68637+00
343,"[Risk of Flash Floods]

Due to heavy rain, please avoid this location for the next 1 hour:   Dunearn Road (between Yarwood Ave and Binjai Park)[Issued 08:13hours]",2025-07-09,Yarwood Ave,flash_flood_risk,Yarwood Ave,Binjai Park,,,1.3396186,103.7826758,587997.0,6,153,25061,1.3396186,103.7826758,6,153,25061,,,,,1.3404925,103.787472,589874.0,6,153,25614,0101000020E6100000B9173D5C17F259401AD0C1E9136FF53F,2025-11-18 19:14:19.68637+00
344,"[Risk of Flash Floods]

Due to heavy rain, please avoid this location for the next 1 hour: Lor Gambir
 [17:51 hours]",2025-07-09,Lor Gambir,flash_flood_risk,Lor Gambir,,,,1.280284,103.78864,,17,44,3931,1.28028396411318,103.788639990388,17,44,3931,1.28012,103.7892668,1.2804606,103.7880166,,,,0,0,0,0101000020E610000014C2DD1379F259406859B7090B7CF43F,2025-11-18 19:14:19.68637+00
345,"[Risk of Flash Floods]

Due to heavy rain, please avoid this location for the next 1 hour: Bt Timah Rd (Wilby Rd to Blackmore Dr) [14:15 hours]",2025-07-09,Wilby Rd,flash_flood_risk,Wilby Rd,Blackmore Dr,,,1.3315576,103.7883442,276294.0,6,98,16275,1.33154717398126,103.788362903384,6,98,16275,,,,,1.335481,103.7833645,599987.0,6,98,35434,0101000020E61000005DDAAD8974F25940B54AD568044EF53F,2025-11-18 19:14:19.68637+00
346,"[Risk of Flash Floods]

Due to heavy rain, please avoid this location for the next 1 hour: Lor Gambir
 [17:23 hours]",2025-07-09,Lor Gambir,flash_flood_risk,Lor Gambir,,,,1.280284,103.78864,,17,44,3931,1.28028396411318,103.788639990388,17,44,3931,1.28012,103.7892668,1.2804606,103.7880166,,,,0,0,0,0101000020E610000014C2DD1379F259406859B7090B7CF43F,2025-11-18 19:14:19.68637+00
347,"[Risk of Flash Floods] 

Due to heavy rain, please avoid this location for the next 1 hour: Riverside Road (near Junction of Riverside Road and Admiralty Road).",2025-07-09,Riverside Road,flash_flood_risk,Riverside Road,Near Junction Of Riverside Road And Admiralty Road,,,1.4416226,103.7844894,739193.0,33,272,21531,1.4416226,103.7844894,33,272,21531,,,,,1.366923,103.801292,,7,294,23594,0101000020E6100000C143071335F25940B6CA02DCE210F73F,2025-11-18 19:14:19.68637+00
348,"[Risk of Flash Floods]

Due to heavy rain, please avoid this location for the next 1 hour: Jln Pokok Serunai [04:09 hours]",2025-07-09,Jln Pokok Serunai,flash_flood_risk,Jln Pokok Serunai,,,,1.3144068,103.9363546,466433.0,1,136,44168,1.3144068,103.9363546,1,136,44168,1.31352179837289,103.936539534812,1.3144068,103.9363546,,,,0,0,0,0101000020E6100000631DD83BEDFB59407E3DBA6CCF07F53F,2025-11-18 19:14:19.68637+00
349,"[Risk of Flash Floods]

Due to heavy rain, please avoid this location for the next 1 hour: Upp Paya Lebar Service Rd (Lim Teck Boo Rd to Rochdale Rd);
Jln Lokam (near Upp Paya Lebar Rd);
Thrift Dr (near Jln Usaha); [14:03 hours]",2025-07-09,Lim Teck Boo Rd,flash_flood_risk,Lim Teck Boo Rd,Rochdale Rd,,,1.3432694,103.8848743,536209.0,11,202,28203,1.3432694,103.8848743,11,202,28203,,,,,1.3433183,103.8835973,535823.0,11,202,18534,0101000020E61000008AE4D0C7A1F859400E7BEB0D087EF53F,2025-11-18 19:14:19.68637+00
350,"[Risk of Flash Floods]

Due to heavy rain, please avoid this location for the next 1 hour: KJE Slip Rd (KJE to Woodlands Rd, towards Senja Way) [15:38 hours]",,kje slip rd,flash_flood_risk,kje slip rd,"kje to woodlands rd, towards senja way",,,1.385923,103.7570677,671634.0,5,247,23016,1.38588778244614,103.757017738865,5,247,23016,,,,,1.366923,103.801292,,7,294,23594,0101000020E6100000D1BA87FA72F05940AD83D8AA982CF63F,2025-11-18 19:14:19.68637+00
351,"Heavy rain expected over many areas of Singapore from 16:20 hours to 17:30 hours. [Issued by NEA, 15:50 hours]",,many areas of singapore,heavy_rain,many areas of singapore,,,,,,,0,0,0,,,0,0,0,,,,,,,,0,0,0,,2025-11-18 19:14:19.68637+00
352,"Heavy rain expected over southern, western and central areas of Singapore from 15:15 hours to 16:15 hours. [Issued by NEA, 14:59 hours]",,"southern, western and central areas of singapore",heavy_rain,"southern, western and central areas of singapore",,,,1.306686,103.856401,208852.0,35,69,2710,1.30680986996051,103.856215452853,35,75,2710,1.3072412,103.8564912,1.3064085,103.8559588,,,,0,0,0,0101000020E61000006015E63BCCF6594073205977B1E8F43F,2025-11-18 19:14:19.68637+00
353,"[Risk of Flash Floods]

Due to heavy rain, please avoid this location for the next 1 hour: Queen's Rd [03:57 hours]",2025-07-09,Queen'S Rd,flash_flood_risk,Queen'S Rd,,,,1.3209954,103.8096391,266746.0,6,133,1959,1.3209954,103.8096391,6,133,1959,1.3209639,103.8096105,1.32166445026732,103.810243656555,,,,0,0,0,0101000020E610000006048420D1F35940BBA99212CC22F53F,2025-11-18 19:14:19.68637+00
354,"[Risk of Flash Floods]

Due to heavy rain, please avoid this location for the next 1 hour: Junction of Toa Payoh Lor 1 and Toa Payoh Lor 2
 [03:56 hours]",2025-07-09,Toa Payoh Lor 1,flash_flood_risk,Toa Payoh Lor 1,Toa Payoh Lor 2,,,1.332829,103.847143,,29,96,13883,1.33293878465821,103.846681311005,29,96,13883,,,,,1.332829,103.847143,,29,96,13883,0101000020E61000009D39CF0630F65940F5D47A9EB753F53F,2025-11-18 19:14:19.68637+00
357,"[Risk of Flash Floods]

Due to heavy rain, please avoid this location for the next 1 hour: Mountbatten Road/Jalan Seaview [01:31 hours]",2025-07-09,Mountbatten Road/Jalan Seaview,flash_flood_risk,Mountbatten Road/Jalan Seaview,,,,1.366923,103.801292,,7,294,23594,1.3741884,103.8114183,7,294,23594,1.3741884,103.8114183,1.37505222563064,103.811152819118,,,,0,0,0,0101000020E61000000F780547EEF359405AAEC8F9ACFCF53F,2025-11-18 19:14:19.68637+00
358,"[Risk of Flash Floods]

Due to heavy rain, please avoid this location for the next 1 hour: TPE (Punggol West Flyover) [15:28 hours]",2025-07-09,Punggol West Flyover,flash_flood_risk,Punggol West Flyover,punggol west flyover,,,1.400063,103.8959395,820221.0,16,275,27006,1.400063,103.8959395,16,275,27006,,,,,1.400063,103.8959395,820221.0,16,275,27006,0101000020E610000074ECA01257F95940336FD575A866F63F,2025-11-18 19:14:19.68637+00
359,"🚨 Flash flood at the following location:

• Enterprise Road [Issued 16:05 hours]

Traffic is not passable. Please avoid the above area. PUB officers have been deployed to render assistance. #sgflood",2025-07-09,Enterprise Road,flash_flood,Enterprise Road,,,,1.3327484,103.7084845,629813.0,13,105,15770,1.3327484,103.7084845,13,105,15770,1.3327484,103.7084845,1.3327776,103.7083941,,,,0,0,0,0101000020E6100000444E5FCF57ED5940C1BD7CFCEF52F53F,2025-11-18 19:14:19.68637+00
1343,"Heavy rain expected over many areas of Singapore from 16:20 hours to 17:30 hours. [Issued by NEA, 15:50 hours]",,many areas of singapore,heavy_rain,many areas of singapore,,,,,,,0,0,0,,,0,0,0,,,,,,,,0,0,0,,2025-11-18 18:49:10.808887+00
1344,"Heavy rain expected over southern, western and central areas of Singapore from 15:15 hours to 16:15 hours. [Issued by NEA, 14:59 hours]",,"southern, western and central areas of singapore",heavy_rain,"southern, western and central areas of singapore",,,,1.306686,103.856401,208852.0,35,69,2710,1.30680986996051,103.856215452853,35,75,2710,1.3072412,103.8564912,1.3064085,103.8559588,,,,0,0,0,0101000020E61000006015E63BCCF6594073205977B1E8F43F,2025-11-18 18:49:10.808887+00