id,text,event_date,location,event,start_loc,end_loc,parent_road,cleaned_location,start_lat,start_lng,start_postal_code,start_pa_id,start_sz_id,start_rn_id,origin_lat,origin_lng,end100_a_lat,end100_a_lng,end100_b_lat,end100_b_lng,end_lat,end_lng,end_postal_code,end_pa_id,end_sz_id,end_rn_id,origin_rn_id,origin_pa_id,origin_sz_id,start_rn_id2,start_pa_id3,start_sz_id4,end_rn_id5,end_pa_id6,end_sz_id7,end100_a_rn_id,end100_a_pa_id,end100_a_sz_id,end100_b_rn_id,end100_b_pa_id,end100_b_sz_id
1,,20/3/2014,YISHUN MRT,flash_flood,,,,,1.429525,103.834995,769093,55,316,15332,1.429507458,103.8352681,1.428604784,103.8352133,1.4303601,103.8352969,,,,0,0,0,15332,55,219,15332,55,219,,,,15332,55,219,15378,55,219
2,,4/4/2014,2 KAKI BUKIT ROAD 3,flash_flood,,,,,1.337334,103.901943,416161,1,211,14344,1.337553156,103.9013629,1.336731742,103.9009899,1.3382578,103.9016342,,,,0,0,0,14344,53,99,14344,53,99,,,,37721,53,99,14343,53,99
3,,23/4/2014,PSC BUILDING,flash_flood,,,,,1.328863,103.706189,629813,13,105,15785,1.327816635,103.7062127,1.3278105,103.7059414,1.327926566,103.7071015,,,,0,0,0,15785,2,147,15785,2,147,,,,15785,2,147,15785,2,147
4,,23/4/2014,21229 (BUS STOP),flash_flood,,,,,1.342064,103.71602,648923,13,208,25318,1.342067698,103.7159621,1.3425859,103.7159924,1.341165335,103.7159571,,,,0,0,0,25318,13,193,25318,13,193,,,,25320,13,197,25318,13,193
5,,16/5/2014,TENGAH FLYOVER,flash_flood,,,,,1.363822,103.707043,648170,49,113,13184,1.364410158,103.7065408,1.364976348,103.7072406,1.36382371,103.7058569,,,,0,0,0,13184,32,281,13184,32,281,,,,13184,32,281,13184,32,281
6,,16/5/2014,PSC BUILDING,flash_flood,,,,,1.328863,103.706189,629813,13,105,15785,1.327816635,103.7062127,1.3278105,103.7059414,1.327926566,103.7071015,,,,0,0,0,15785,2,147,15785,2,147,,,,15785,2,147,15785,2,147
7,,16/5/2014,21229 (BUS STOP),flash_flood,,,,,1.342064,103.71602,648923,13,208,25318,1.342067698,103.7159621,1.3425859,103.7159924,1.341165335,103.7159571,,,,0,0,0,25318,13,193,25318,13,193,,,,25320,13,197,25318,13,193
8,,25/6/2014,45019 (BUS STOP),flash_flood,,,,,1.388299,103.755539,682036,5,247,23242,1.388271924,103.7554824,1.3889035,103.7551831,1.387487872,103.7559293,,,,0,0,0,23242,5,247,23242,5,247,,,,23240,5,247,23242,5,247
9,,25/6/2014,45061 (BUS STOP),flash_flood,,,,,1.407181,103.756063,729678,28,277,33566,1.407182619,103.7560829,1.406279101,103.7561011,1.407749,103.7560145,,,,0,0,0,33566,28,277,33566,28,277,,,,33566,28,277,14664,28,263
10,,9/7/2014,45019 (BUS STOP),flash_flood,,,,,1.388299,103.755539,682036,5,247,23242,1.388271924,103.7554824,1.3889035,103.7551831,1.387487872,103.7559293,,,,0,0,0,23242,5,247,23242,5,247,,,,23240,5,247,23242,5,247
11,,9/7/2014,COMMONWEALTH LANE,flash_flood,,,,,1.304553,103.797475,149547,17,227,4923,1.304381983,103.797324,1.304988256,103.7966574,1.303885,103.7978921,,,,0,0,0,4915,17,53,4923,17,53,,,,4923,17,53,4910,17,53
12,,29/7/2014,BASSEIN ROAD,flash_flood,,,,,1.323316,103.848088,309838,25,175,35689,1.32333438,103.8480978,1.323607508,103.8473109,1.3232138,103.8483234,,,,0,0,0,26108,25,175,35689,25,175,,,,35689,25,175,26116,25,175
13,,29/7/2014,MACKENZIE ROAD,flash_flood,,,,,1.305873,103.848002,228708,44,74,4908,1.305874941,103.8480034,1.306391626,103.8472659,1.3055518,103.8484492,,,,0,0,0,5478,35,68,4908,35,68,,,,4908,35,68,5480,35,68
14,,29/7/2014,KRAMAT LANE,flash_flood,,,,,1.300979,103.842274,228750,45,79,5090,1.301476667,103.842412,1.3014583,103.8424817,1.301728768,103.8415491,,,,0,0,0,5090,45,79,5090,45,79,,,,6219,43,92,5090,45,79
15,,3/9/2014,14379 (BUS STOP),flash_flood,,,,,1.272438,103.823794,90109,4,36,9236,1.272498238,103.8238605,1.272378,103.823973,1.273185555,103.8232793,,,,0,0,0,9236,4,36,9236,4,36,,,,1164,4,36,9236,4,36
16,,24/9/2014,2 MANDAI ROAD,flash_flood,,,,,1.402422,103.815417,779403,55,327,17347,1.402616508,103.8153694,1.4025913,103.8152664,1.402740884,103.8162502,,,,0,0,0,15482,55,327,15482,55,327,,,,15477,55,327,17347,55,327
17,,4/10/2014,21329 (BUS STOP),flash_flood,,,,,1.326915,103.709018,619625,2,147,29672,1.326891647,103.7089284,1.3274337,103.7087879,1.326017663,103.7091594,,,,0,0,0,29672,2,147,29672,2,147,,,,28141,2,147,29672,2,147
18,,4/10/2014,LORONG BUANGKOK,flash_flood,,,,,1.383418,103.877972,805910,11,243,33498,1.38325256,103.8779751,1.383298096,103.8788724,1.3832472,103.8776872,,,,0,0,0,28472,11,243,33498,11,243,,,,33498,11,243,25527,11,243
19,,31/10/2014,45061 (BUS STOP),flash_flood,,,,,1.407181,103.756063,729678,28,277,33566,1.407182619,103.7560829,1.406279101,103.7561011,1.407749,103.7560145,,,,0,0,0,33566,28,277,33566,28,277,,,,33566,28,277,14664,28,263
20,,6/11/2014,58161 (BUS STOP),flash_flood,,,,,1.460528,103.820374,757443,19,296,33878,1.460481386,103.8203436,1.460976096,103.8195914,1.459996871,103.8211022,,,,0,0,0,33878,19,296,33878,19,296,,,,33878,19,296,33878,19,296
21,,8/11/2014,42241 (BUS STOP),flash_flood,,,,,1.337118,103.767085,598112,6,152,21090,1.337059777,103.7670986,1.3371033,103.7672855,1.3368681,103.7662926,,,,0,0,0,21089,6,152,21089,6,152,,,,21089,6,152,21090,6,152
22,,8/11/2014,40099 (BUS STOP),flash_flood,,,,,1.321852,103.82344,259372,25,150,24175,1.321755984,103.8234115,1.3218451,103.8229044,1.3215241,103.8241009,,,,0,0,0,24175,25,150,24175,25,150,,,,18291,25,150,35729,25,150
23,,13/11/2014,YISHUN MRT,flash_flood,,,,,1.429525,103.834995,769093,55,316,15332,1.429507458,103.8352681,1.428604784,103.8352133,1.4303601,103.8352969,,,,0,0,0,15332,55,219,15332,55,219,,,,15332,55,219,15378,55,219
24,,13/11/2014,SEMBAWANG SHOPPING CENTRE,flash_flood,,,,,1.441853,103.82497,758459,19,323,22894,1.441406997,103.8251215,1.4414052,103.8251162,1.4416112,103.825632,,,,0,0,0,22894,19,323,22894,19,323,,,,22956,19,323,22894,19,323
25,,13/11/2014,TAN HENG LEE BUILDING,flash_flood,,,,,1.332819,103.884451,369610,29,192,13554,1.332851657,103.8846111,1.3326585,103.8846505,1.333737531,103.8844303,,,,0,0,0,13554,29,192,13554,29,192,,,,13553,29,192,13554,29,192
26,,13/11/2014,LORONG GAMBIR,flash_flood,,,,,1.345476,103.875567,556140,21,201,26568,1.345490134,103.8755887,1.3459374,103.8753266,1.3452186,103.875769,,,,0,0,0,26568,21,201,26568,21,201,,,,26567,21,201,22563,21,201
27,,13/11/2014,LORONG ONG LYE,flash_flood,,,,,1.347784,103.879043,534965,21,201,18578,1.347785494,103.8790502,1.346890095,103.87915,1.3478317,103.8790407,,,,0,0,0,18576,21,201,18576,21,201,,,,18576,21,201,18574,21,201
28,,17/11/2014,LORONG GAMBIR,flash_flood,,,,,1.345476,103.875567,556140,21,201,26568,1.345490134,103.8755887,1.3459374,103.8753266,1.3452186,103.875769,,,,0,0,0,26568,21,201,26568,21,201,,,,26567,21,201,22563,21,201
29,,17/11/2014,LORONG ONG LYE,flash_flood,,,,,1.347784,103.879043,534965,21,201,18578,1.347785494,103.8790502,1.346890095,103.87915,1.3478317,103.8790407,,,,0,0,0,18576,21,201,18576,21,201,,,,18576,21,201,18574,21,201
30,,17/11/2014,63139 (BUS STOP),flash_flood,,,,,1.361202,103.891412,532373,11,186,27379,1.36119376,103.891413,1.361299671,103.8923054,1.3611535,103.891072,,,,0,0,0,27379,11,186,27379,11,186,,,,27379,11,186,16440,11,186
31,,17/11/2014,HOUGANG AVE 1,flash_flood,,,,,1.353703,103.890681,530106,11,186,27717,1.353542584,103.8910534,1.352712858,103.8906959,1.35437231,103.8914108,,,,0,0,0,27717,11,158,27717,11,158,,,,27717,11,158,27717,11,158
32,,17/11/2014,MACPHERSON ROAD,flash_flood,,,,,1.328704,103.872121,348741,53,145,16166,1.328864288,103.8720667,1.3290461,103.8726032,1.328652,103.8714405,,,,0,0,0,16166,29,100,16166,29,100,,,,16165,29,100,16161,29,100
33,,26/11/2014,16 SUNSET DRIVE,flash_flood,,,,,1.325782,103.766715,597092,10,151,17638,1.325831363,103.7666306,1.326610826,103.7670862,1.325607,103.7664994,,,,0,0,0,17642,10,151,17638,10,151,,,,17638,10,151,17603,10,151
34,,17/12/2014,11429 (BUS STOP),flash_flood,,,,,1.30454,103.798363,149597,17,53,4910,1.304494886,103.7984124,1.3047705,103.7986751,1.303885,103.7978921,,,,0,0,0,4910,17,53,4910,17,53,,,,11825,17,53,4910,17,53
35,,17/12/2014,ENTERPRISE ROAD,flash_flood,,,,,1.333312,103.705117,629840,13,105,15786,1.333317663,103.705117,1.3333169,103.7055118,1.333316094,103.7042184,,,,0,0,0,15786,13,105,15786,13,105,,,,15788,13,193,15786,13,105
36,,24/12/2014,NATIONAL SHOOTING CENTRE,flash_flood,,,,,1.372792,103.682976,698910,32,307,15643,1.3724093,103.6834659,1.3724093,103.6834659,1.3723825,103.6835028,,,,0,0,0,15643,32,307,15643,32,307,,,,35195,32,307,15643,32,307
37,,24/4/2015,LORNIE VIADUCT,flash_flood,,,,,1.344614,103.8435,579847,51,331,24336,1.344508466,103.8434471,1.344898412,103.8426366,1.3444256,103.8436126,,,,0,0,0,24336,29,210,24336,29,210,,,,24336,29,210,13847,29,210
38,,3/5/2015,NATIONAL SHOOTING CENTRE,flash_flood,,,,,1.372792,103.682976,698910,32,307,15643,1.3724093,103.6834659,1.3724093,103.6834659,1.3723825,103.6835028,,,,0,0,0,15643,32,307,15643,32,307,,,,35195,32,307,15643,32,307
39,,8/6/2015,CHIN BEE AVE,flash_flood,,,,,1.333502,103.712787,619941,13,193,15751,1.333503127,103.7127867,1.333760432,103.7136481,1.333245358,103.7119254,,,,0,0,0,15751,13,193,15751,13,193,,,,15751,13,193,15751,13,193
40,,8/6/2015,21229 (BUS STOP),flash_flood,,,,,1.342064,103.71602,648923,13,208,25318,1.342067698,103.7159621,1.3425859,103.7159924,1.341165335,103.7159571,,,,0,0,0,25318,13,193,25318,13,193,,,,25320,13,197,25318,13,193
41,,11/8/2015,NANYANG TECHNOLOGICAL UNIVERSITY NORTH SPINE,flash_flood,,,,,1.346176,103.682049,639798,32,307,35086,1.3455242,103.6824111,1.345948619,103.683201,1.34483454,103.6818372,,,,0,0,0,35086,13,106,35086,13,106,,,,35086,13,106,35086,13,106
42,,12/8/2015,TAMPINES STREET 32,flash_flood,,,,,1.353779,103.957994,520384,47,185,42774,1.353774901,103.957994,1.353777196,103.9588925,1.3537748,103.9579508,,,,0,0,0,42567,47,185,42567,47,185,,,,42774,47,185,42565,47,185
43,,9/9/2015,JURONG WEST STREET 51,flash_flood,,,,,1.347889,103.720531,640511,13,261,21253,1.347874484,103.7205061,1.347093169,103.7209583,1.348656304,103.7200544,,,,0,0,0,21253,13,261,21253,13,261,,,,21253,13,261,21253,13,261
44,,2/12/2015,12111 (BUS STOP),flash_flood,,,,,1.319118,103.77223,120343,6,132,939,1.319175052,103.7722119,1.3193858,103.7727165,1.3191199,103.7719738,,,,0,0,0,939,10,119,939,10,119,,,,939,10,119,939,10,119
45,,5/12/2015,LORONG BUANGKOK,flash_flood,,,,,1.383418,103.877972,805910,11,243,33498,1.38325256,103.8779751,1.383298096,103.8788724,1.3832472,103.8776872,,,,0,0,0,28472,11,243,33498,11,243,,,,33498,11,243,25527,11,243
46,,5/12/2015,CHURCH OF ST VINCENT DE PAUL,flash_flood,,,,,1.382224,103.876411,805910,21,249,23779,1.382248403,103.876146,1.3820174,103.8761247,1.3829704,103.8762125,,,,0,0,0,20000,11,243,20000,11,243,,,,20000,11,243,20000,11,243
47,,5/12/2015,ANG MO KIO STREET 31,flash_flood,,,,,1.365873,103.848056,560320,52,330,28981,1.365847423,103.8480567,1.365866351,103.8489551,1.365864028,103.8471596,,,,0,0,0,28981,52,330,28981,52,330,,,,28981,52,330,28981,52,330
48,,10/12/2015,CHANGI FLYOVER,flash_flood,,,,,1.345806,103.982914,819658,8,298,40169,1.345583278,103.9834292,1.3447708,103.9830779,1.346412537,103.9837877,,,,0,0,0,40169,8,298,40169,8,298,,,,40169,8,298,40169,8,298
49,,10/12/2015,21229 (BUS STOP),flash_flood,,,,,1.342064,103.71602,648923,13,208,25318,1.342067698,103.7159621,1.3425859,103.7159924,1.341165335,103.7159571,,,,0,0,0,25318,13,193,25318,13,193,,,,25320,13,197,25318,13,193
50,,10/12/2015,69 BOON KENG ROAD,flash_flood,,,,,1.317147,103.862497,339772,22,174,304,1.317040949,103.8624115,1.317600897,103.8617059,1.316887,103.8626036,,,,0,0,0,304,22,174,304,22,174,,,,304,22,174,469,22,131
51,,10/12/2015,MAXWELL FOOD CENTRE,flash_flood,,,,,1.280331,103.844747,88437,40,40,8473,1.280101913,103.8444636,1.2803997,103.8441945,1.2797682,103.8447494,,,,0,0,0,8473,46,3,8473,46,3,,,,8472,46,3,8473,46,3
52,,11/12/2015,PEK KIO CC,flash_flood,,,,,1.313059,103.851374,219458,22,129,9689,1.313277571,103.8516174,1.3128704,103.8519979,1.3139217,103.8510619,,,,0,0,0,9689,22,129,9689,22,129,,,,8001,22,129,6930,22,129
53,,11/12/2015,BALESTIER POINT,flash_flood,,,,,1.322812,103.852026,329735,25,175,23491,1.323106744,103.8523887,1.322556,103.8527134,1.3234184,103.8521354,,,,0,0,0,23491,25,175,23491,25,175,,,,23490,25,175,23491,25,175
54,,11/12/2015,50199 (BUS STOP),flash_flood,,,,,1.324968,103.850509,308231,25,175,31787,1.325015654,103.8505463,1.3248955,103.8506997,1.3253207,103.8501015,,,,0,0,0,31787,25,175,31787,25,175,,,,22331,25,175,26163,25,175
55,,11/12/2015,69 BOON KENG ROAD,flash_flood,,,,,1.317147,103.862497,339772,22,174,304,1.317040949,103.8624115,1.317600897,103.8617059,1.316887,103.8626036,,,,0,0,0,304,22,174,304,22,174,,,,304,22,174,469,22,131
56,,11/12/2015,21229 (BUS STOP),flash_flood,,,,,1.342064,103.71602,648923,13,208,25318,1.342067698,103.7159621,1.3425859,103.7159924,1.341165335,103.7159571,,,,0,0,0,25318,13,193,25318,13,193,,,,25320,13,197,25318,13,193
57,,11/12/2015,NEO PEE TECK LANE,flash_flood,,,,,1.292623,103.769021,118759,17,25,10160,1.292604309,103.7690434,1.292127,103.7686515,1.2930744,103.7694361,,,,0,0,0,4539,17,51,10160,17,51,,,,4539,17,51,4539,17,51
58,,22/1/2016,NEO PEE TECK LANE,flash_flood,,,,,1.292623,103.769021,118759,17,25,10160,1.292604309,103.7690434,1.292127,103.7686515,1.2930744,103.7694361,,,,0,0,0,4539,17,51,10160,17,51,,,,4539,17,51,4539,17,51
59,,9/4/2016,MARKET & HAWKER CENTRE (BLK 20 GHIM MOH ROAD),flash_flood,,,,,1.277368,103.818652,90011,4,39,3666,1.277851281,103.818483,1.278141281,103.8193341,1.2776297,103.8178458,,,,0,0,0,3666,4,39,3666,4,39,,,,3666,4,39,1738,4,39
60,,20/4/2016,2 ENTERPRISE ROAD,flash_flood,,,,,1.333642,103.707847,629814,13,105,15788,1.332954915,103.7076694,1.333183088,103.7068,1.3327776,103.7083941,,,,0,0,0,15781,13,193,15781,13,193,,,,15788,13,193,15780,13,193
61,,11/5/2016,45061 (BUS STOP),flash_flood,,,,,1.407181,103.756063,729678,28,277,33566,1.407182619,103.7560829,1.406279101,103.7561011,1.407749,103.7560145,,,,0,0,0,33566,28,277,33566,28,277,,,,33566,28,277,14664,28,263
62,,11/5/2016,YISHUN MRT,flash_flood,,,,,1.429525,103.834995,769093,55,316,15332,1.429507458,103.8352681,1.428604784,103.8352133,1.4303601,103.8352969,,,,0,0,0,15332,55,219,15332,55,219,,,,15332,55,219,15378,55,219
63,,18/5/2016,PSC BUILDING,flash_flood,,,,,1.328863,103.706189,629813,13,105,15785,1.327816635,103.7062127,1.3278105,103.7059414,1.327926566,103.7071015,,,,0,0,0,15785,2,147,15785,2,147,,,,15785,2,147,15785,2,147
64,,17/6/2016,ENTERPRISE ROAD,flash_flood,,,,,1.333312,103.705117,629840,13,105,15786,1.333317663,103.705117,1.3333169,103.7055118,1.333316094,103.7042184,,,,0,0,0,15786,13,105,15786,13,105,,,,15788,13,193,15786,13,105
65,,17/6/2016,21229 (BUS STOP),flash_flood,,,,,1.342064,103.71602,648923,13,208,25318,1.342067698,103.7159621,1.3425859,103.7159924,1.341165335,103.7159571,,,,0,0,0,25318,13,193,25318,13,193,,,,25320,13,197,25318,13,193
66,,17/6/2016,TUAS UNDERPASS,flash_flood,,,,,1.321705,103.663691,638481,15,138,20590,1.322130781,103.6638739,1.32211,103.6639223,1.3221782,103.6632774,,,,0,0,0,20590,15,138,20590,15,138,,,,20588,15,138,31112,15,138
67,,8/7/2016,21229 (BUS STOP),flash_flood,,,,,1.342064,103.71602,648923,13,208,25318,1.342067698,103.7159621,1.3425859,103.7159924,1.341165335,103.7159571,,,,0,0,0,25318,13,193,25318,13,193,,,,25320,13,197,25318,13,193
68,,13/7/2016,21229 (BUS STOP),flash_flood,,,,,1.342064,103.71602,648923,13,208,25318,1.342067698,103.7159621,1.3425859,103.7159924,1.341165335,103.7159571,,,,0,0,0,25318,13,193,25318,13,193,,,,25320,13,197,25318,13,193
69,,26/7/2016,NEO PEE TECK LANE,flash_flood,,,,,1.292623,103.769021,118759,17,25,10160,1.292604309,103.7690434,1.292127,103.7686515,1.2930744,103.7694361,,,,0,0,0,4539,17,51,10160,17,51,,,,4539,17,51,4539,17,51
70,,14/9/2016,50 HOUGANG AVE 1,flash_flood,,,,,1.360305,103.888083,530211,11,186,30585,1.360334788,103.8884129,1.3601609,103.8884286,1.3606533,103.8883796,,,,0,0,0,30585,11,186,30585,11,186,,,,13012,11,186,30587,11,186
71,,24/12/2016,BALMORAL ROAD,flash_flood,,,,,1.313244,103.830181,257878,44,125,11934,1.313245577,103.8301795,1.3131611,103.8300878,1.3135738,103.830536,,,,0,0,0,6909,44,63,6909,44,63,,,,2915,44,63,2969,44,125
72,,24/12/2016,CAIRNHILL ROAD,flash_flood,,,,,1.308031,103.836841,228512,44,56,856,1.308037583,103.8368597,1.308889004,103.8365568,1.307185511,103.8371607,,,,0,0,0,9710,44,56,856,44,56,,,,856,44,56,856,44,56
73,,24/12/2016,STEVENS ROAD,flash_flood,,,,,1.31317,103.828976,257878,48,134,1326,1.313128619,103.8289653,1.3130822,103.8291457,1.31335472,103.8280953,,,,0,0,0,1326,44,63,1326,44,63,,,,1326,44,63,1326,44,63
74,,24/12/2016,UPPER THOMSON ROAD,flash_flood,,,,,1.373054,103.828958,574419,52,171,31145,1.373034909,103.8286653,1.373937896,103.8286165,1.372944,103.8286712,,,,0,0,0,31145,52,171,31145,52,171,,,,31145,52,171,32840,52,171
75,,24/12/2016,ORCHARD ROAD,flash_flood,,,,,1.303228,103.83668,229921,45,79,851,1.30345247,103.8367949,1.3036983,103.8363243,1.303038902,103.8375937,,,,0,0,0,851,45,79,851,45,79,,,,844,44,56,851,45,79
76,,24/12/2016,NEWTON CIRCUS,flash_flood,,,,,1.313224,103.838945,307943,44,108,7358,1.313247397,103.8389285,1.3130024,103.8387115,1.3134317,103.8392881,,,,0,0,0,7358,44,108,7358,44,108,,,,543,44,108,12513,44,108
77,,19/1/2017,53041 (BUS STOP),flash_flood,,,,,1.353078,103.834364,574359,51,328,27356,1.353026719,103.8343201,1.35241864,103.8349841,1.3530769,103.8337355,,,,0,0,0,27356,51,328,27356,51,328,,,,27356,51,328,22150,51,328
78,,23/1/2017,134 TANJONG PAGAR ROAD,flash_flood,,,,,1.277471,103.843403,88534,46,3,1568,1.277379347,103.8433866,1.2774862,103.8429239,1.2773463,103.8435365,,,,0,0,0,9780,46,3,1568,46,3,,,,1567,46,3,9788,40,33
79,,23/1/2017,MAXWELL FOOD CENTRE,flash_flood,,,,,1.280331,103.844747,88437,40,40,8473,1.280101913,103.8444636,1.2803997,103.8441945,1.2797682,103.8447494,,,,0,0,0,8473,46,3,8473,46,3,,,,8472,46,3,8473,46,3
80,,3/2/2017,TAMPINES STREET 22,flash_flood,,,,,1.349038,103.951095,520272,47,185,42554,1.349037106,103.9510899,1.349459,103.9509683,1.348146733,103.9511771,,,,0,0,0,38811,47,185,38811,47,185,,,,38811,47,185,38811,47,185
81,,3/2/2017,LORONG HALUS,flash_flood,,,,,1.386169,103.923226,533850,14,242,42801,1.386168073,103.9232304,1.387057884,103.9233858,1.385283402,103.9230439,,,,0,0,0,42801,14,242,42801,14,242,,,,38296,14,242,42801,14,242
82,,4/2/2017,TAMPINES FLYOVER,flash_flood,,,,,1.381657,103.917491,520175,54,229,42891,1.3813614,103.9173899,1.380880771,103.9181417,1.381043049,103.916595,,,,0,0,0,42891,20,231,42891,20,231,,,,42891,20,231,42891,20,231
83,,4/2/2017,BEDOK NORTH FLYOVER,flash_flood,,,,,1.332028,103.920369,460540,1,95,37644,1.331708941,103.9201316,1.3321206,103.9197716,1.331773236,103.9209381,,,,0,0,0,37644,1,149,37644,1,149,,,,40918,1,149,37644,1,149
84,,8/2/2017,TOA PAYOH LORONG 1,flash_flood,,,,,1.338046,103.844734,310127,29,210,26287,1.338257054,103.8438268,1.338644,103.8439116,1.337371535,103.843649,,,,0,0,0,26287,29,210,26287,29,210,,,,22671,29,210,26287,29,210
85,,8/2/2017,TOA PAYOH LORONG 2,flash_flood,,,,,1.336287,103.846514,319640,29,96,22531,1.336228467,103.8462515,1.3370096,103.8461347,1.335400729,103.8466057,,,,0,0,0,22531,29,96,22531,29,96,,,,22531,29,96,22531,29,96
86,,8/2/2017,ORCHARD MRT EXIT 10,flash_flood,,,,,1.304048,103.831124,238878,45,73,89,1.304115063,103.8310442,1.304802289,103.8316278,1.3038595,103.8308472,,,,0,0,0,89,45,73,89,45,73,,,,89,45,73,89,45,73
87,,8/2/2017,STAMFORD HOUSE,flash_flood,,,,,1.294162,103.850711,179949,40,88,355,1.294340217,103.850824,1.293858065,103.8515842,1.2944574,103.8506392,,,,0,0,0,355,40,88,355,40,88,,,,355,40,88,282,43,78
88,,18/4/2017,MOUNT ELIZABETH MEDICAL CENTRE,flash_flood,,,,,1.322137,103.844361,329562,25,175,32831,1.321773476,103.8447333,1.3214892,103.8443224,1.3219801,103.8449657,,,,0,0,0,32831,25,140,32831,25,140,,,,32830,25,140,22328,25,140
89,,18/4/2017,UNIVERSITY FLYOVER,flash_flood,,,,,1.303247,103.771674,120611,17,51,3389,1.303165878,103.7712853,1.3036653,103.7712803,1.302796479,103.7719437,,,,0,0,0,3389,10,60,3389,10,60,,,,1142,10,60,3389,10,60
90,,18/4/2017,69 BOON KENG ROAD,flash_flood,,,,,1.317147,103.862497,339772,22,174,304,1.317040949,103.8624115,1.317600897,103.8617059,1.316887,103.8626036,,,,0,0,0,304,22,174,304,22,174,,,,304,22,174,469,22,131
91,,18/4/2017,40191 (BUS STOP),flash_flood,,,,,1.312686,103.830427,259978,44,63,1328,1.312738948,103.8304402,1.3125548,103.8311602,1.3129034,103.8297794,,,,0,0,0,1328,44,63,1328,44,63,,,,1328,44,63,1328,44,63
92,,18/4/2017,09191 (BUS STOP),flash_flood,,,,,1.304887,103.825498,247918,45,142,510,1.304909753,103.8255487,1.3046751,103.825654,1.3056011,103.8251977,,,,0,0,0,510,45,142,510,45,142,,,,510,45,142,168,45,142
93,,21/4/2017,UPPER CROSS STREET,flash_flood,,,,,1.285862,103.842811,58288,46,18,666,1.285869419,103.8428172,1.2857854,103.8429177,1.286607452,103.842341,,,,0,0,0,666,46,18,666,46,18,,,,648,46,6,666,46,18
94,,27/4/2017,KOVAN ROAD,flash_flood,,,,,1.358496,103.881234,548534,11,162,28005,1.358492745,103.8812372,1.3581369,103.8808786,1.3586098,103.8813552,,,,0,0,0,28005,11,162,28005,11,162,,,,28012,11,162,28005,11,162
95,,27/4/2017,63139 (BUS STOP),flash_flood,,,,,1.361202,103.891412,532373,11,186,27379,1.36119376,103.891413,1.361299671,103.8923054,1.3611535,103.891072,,,,0,0,0,27379,11,186,27379,11,186,,,,27379,11,186,16440,11,186
96,,27/4/2017,TAI SENG DRIVE,flash_flood,,,,,1.337758,103.893213,535222,11,202,28033,1.337749266,103.8932315,1.338097525,103.8938609,1.336940177,103.8928305,,,,0,0,0,28033,11,202,28033,11,202,,,,28033,11,202,16253,11,202
97,,18/6/2017,DAIRY FARM ROAD,flash_flood,,,,,1.353493,103.787868,289759,7,294,13708,1.353506366,103.7878759,1.353994443,103.7871196,1.3530251,103.7886365,,,,0,0,0,13708,5,184,13708,5,184,,,,13708,5,184,13708,5,184
98,,14/7/2017,63139 (BUS STOP),flash_flood,,,,,1.361202,103.891412,532373,11,186,27379,1.36119376,103.891413,1.361299671,103.8923054,1.3611535,103.891072,,,,0,0,0,27379,11,186,27379,11,186,,,,27379,11,186,16440,11,186
99,,14/7/2017,09191 (BUS STOP),flash_flood,,,,,1.304887,103.825498,247918,45,142,510,1.304909753,103.8255487,1.3046751,103.825654,1.3056011,103.8251977,,,,0,0,0,510,45,142,510,45,142,,,,510,45,142,168,45,142
100,,7/10/2017,BISHAN MRT STATION,flash_flood,,,,,1.350706,103.848079,579827,51,178,28324,1.350758079,103.8478261,1.351644252,103.8480051,1.34987253,103.8476437,,,,0,0,0,28324,51,331,28324,51,331,,,,28324,51,331,28324,51,331
101,,7/10/2017,BRADDEL MRT STATION,flash_flood,,,,,1.340605,103.847231,319758,29,205,13856,1.34061017,103.847128,1.3408368,103.847138,1.339740506,103.8469146,,,,0,0,0,13856,29,205,13856,29,205,,,,13855,29,205,13856,29,205
102,,30/10/2017,STAMFORD ROAD,flash_flood,,,,,1.294094,103.850124,178892,43,78,12227,1.294022673,103.8502655,1.2935834,103.8500426,1.2945111,103.8505331,,,,0,0,0,12227,43,78,12227,43,78,,,,12227,43,78,12227,43,78
103,,30/10/2017,VICTORIA STREET,flash_flood,,,,,1.300563,103.855781,188045,35,48,3591,1.300603991,103.8557337,1.299917829,103.8551485,1.3006936,103.8558114,,,,0,0,0,3591,40,47,3591,40,47,,,,3591,40,47,393,40,47
104,,30/10/2017,MOUNT ELIZABETH,flash_flood,,,,,1.32211,103.844317,329562,25,175,32831,1.321710072,103.8446691,1.3214892,103.8443224,1.3219801,103.8449657,,,,0,0,0,32831,25,140,32831,25,140,,,,32830,25,140,22328,25,140
105,,9/11/2017,63139 (BUS STOP),flash_flood,,,,,1.361202,103.891412,532373,11,186,27379,1.36119376,103.891413,1.361299671,103.8923054,1.3611535,103.891072,,,,0,0,0,27379,11,186,27379,11,186,,,,27379,11,186,16440,11,186
106,,18/11/2017,MANDAI ROAD,flash_flood,,,,,1.40743,103.783828,729979,7,294,36871,1.407286292,103.7837976,1.40747014,103.7829178,1.406960125,103.784615,,,,0,0,0,36871,50,266,36871,50,266,,,,36871,50,266,36871,50,266
107,,18/11/2017,YISHUN MRT,flash_flood,,,,,1.429525,103.834995,769093,55,316,15332,1.429507458,103.8352681,1.428604784,103.8352133,1.4303601,103.8352969,,,,0,0,0,15332,55,219,15332,55,219,,,,15332,55,219,15378,55,219
108,,22/11/2017,09191 (BUS STOP),flash_flood,,,,,1.304887,103.825498,247918,45,142,510,1.304909753,103.8255487,1.3046751,103.825654,1.3056011,103.8251977,,,,0,0,0,510,45,142,510,45,142,,,,510,45,142,168,45,142
109,,22/11/2017,40191 (BUS STOP),flash_flood,,,,,1.312686,103.830427,259978,44,63,1328,1.312738948,103.8304402,1.3125548,103.8311602,1.3129034,103.8297794,,,,0,0,0,1328,44,63,1328,44,63,,,,1328,44,63,1328,44,63
110,,15/12/2017,PASIR RIS FARMWAY,flash_flood,,,,,1.385908,103.934912,518221,14,242,39860,1.383565601,103.9363604,1.382801568,103.9358893,1.383440408,103.9371786,,,,0,0,0,39860,14,233,39860,14,233,,,,39860,14,233,39860,14,233
111,,8/1/2018,TAMPINES ROAD,flash_flood,,,,,1.362843,103.966929,509733,14,187,38718,1.362859938,103.9669198,1.362430963,103.9661288,1.363266676,103.9677222,,,,0,0,0,38718,14,187,38718,14,187,,,,38718,14,187,38718,14,187
112,,8/1/2018,THE GLADES,flash_flood,,,,,1.327081,103.947772,469601,1,157,41072,1.327398473,103.9476467,1.327730659,103.9484824,1.327090206,103.946802,,,,0,0,0,41072,1,157,41072,1,157,,,,41072,1,157,41072,1,157
113,,8/1/2018,JALAN NIPAH,flash_flood,,,,,1.325939,103.95278,468585,1,157,39110,1.325953448,103.952771,1.3258451,103.9525964,1.3265073,103.9534591,,,,0,0,0,39112,1,157,39110,1,157,,,,39112,1,157,39110,1,157
114,,8/1/2018,PAYA LEBAR QUARTER,flash_flood,,,,,1.316174,103.893139,437161,53,121,3835,1.316206356,103.8924432,1.3169357,103.8923629,1.315313856,103.8923051,,,,0,0,0,3835,53,121,3835,53,121,,,,817,53,121,3835,53,121
115,,8/1/2018,ARUMUGAM ROAD,flash_flood,,,,,1.325178,103.891377,409961,53,99,25246,1.325841741,103.8912281,1.3256917,103.8905503,1.3260027,103.8919693,,,,0,0,0,25246,53,93,25246,53,93,,,,25245,53,93,25246,53,93
116,,8/1/2018,CHANGI FIRE STATION,flash_flood,,,,,1.33488,103.951353,486123,47,196,41067,1.334714087,103.9514225,1.3344645,103.9509211,1.3348698,103.9517942,,,,0,0,0,41067,47,196,41067,47,196,,,,37899,47,196,39541,47,196
117,,8/1/2018,TAMPINES AVENUE 12,flash_flood,,,,,1.363297,103.944612,521637,47,169,43225,1.363279443,103.9446233,1.3634695,103.9449929,1.362861125,103.9438344,,,,0,0,0,43225,47,169,43225,47,169,,,,39425,47,169,43225,47,169
118,,9/1/2018,134 TANJONG PAGAR ROAD,flash_flood,,,,,1.277471,103.843403,88534,46,3,1568,1.277379347,103.8433866,1.2774862,103.8429239,1.2773463,103.8435365,,,,0,0,0,9780,46,3,1568,46,3,,,,1567,46,3,9788,40,33
119,,24/1/2018,CRAIG ROAD,flash_flood,,,,,1.277854,103.842278,89688,46,3,12123,1.277862697,103.8422936,1.2776434,103.8424956,1.2781618,103.8420984,,,,0,0,0,12123,46,3,12123,46,3,,,,1571,46,3,12123,46,3
120,,24/1/2018,PSC BUILDING,flash_flood,,,,,1.328863,103.706189,629813,13,105,15785,1.327816635,103.7062127,1.3278105,103.7059414,1.327926566,103.7071015,,,,0,0,0,15785,2,147,15785,2,147,,,,15785,2,147,15785,2,147
121,,30/1/2018,SELETAR NORTH LINK,flash_flood,,,,,1.424892,103.883643,797359,18,308,26672,1.424881307,103.8836368,1.424430042,103.8844155,1.425332559,103.8828581,,,,0,0,0,36961,18,308,26672,18,308,,,,26672,18,308,26672,18,308
122,,31/1/2018,ANG MO KIO INDUSTRIAL PARK 2,flash_flood,,,,,1.371047,103.862851,569500,21,112,32712,1.371293463,103.8636218,1.3706108,103.86384,1.3717576,103.8634735,,,,0,0,0,32712,21,112,32712,21,112,,,,13250,21,112,28972,21,112
123,,17/3/2018,21229,flash_flood,,,,,1.342064,103.71602,648923,13,208,25318,1.342067698,103.7159621,1.3425859,103.7159924,1.341165335,103.7159571,,,,0,0,0,25318,13,193,25318,13,193,,,,25320,13,197,25318,13,193
124,,30/3/2018,BUKIT BATOK ROAD,flash_flood,,,,,1.363244,103.742569,659203,49,285,29777,1.363255376,103.7425548,1.362793,103.7421843,1.363959338,103.7431189,,,,0,0,0,29777,49,285,29777,49,285,,,,14562,3,161,29777,49,285
125,,30/3/2018,CHOA CHU KANG AVENUE 1,flash_flood,,,,,1.37744,103.744383,680253,9,173,14481,1.3771579,103.744792,1.377408626,103.7456553,1.3771579,103.744792,,,,0,0,0,14481,9,173,14481,9,173,,,,14481,9,173,14481,9,173
126,,30/3/2018,CHUA CHU KANG CEMETERY OFFICE,flash_flood,,,,,1.374358,103.693645,698910,32,307,35197,1.374024441,103.6936135,1.374107755,103.6927188,1.3739433,103.6944036,,,,0,0,0,25729,32,307,25729,32,307,,,,25729,32,307,25729,32,307
127,,30/3/2018,LIM CHU KANG FARMWAY,flash_flood,,,,,1.428068,103.704222,718921,23,311,14821,1.427363624,103.7059272,1.4278075,103.7060926,1.426544608,103.7055465,,,,0,0,0,14818,23,311,14821,23,311,,,,14818,23,311,14818,23,311
128,,7/4/2018,MARYMOUNT MRT STATION,flash_flood,,,,,1.348707,103.839423,570302,51,328,13955,1.348715092,103.8393693,1.3484311,103.8393285,1.3491695,103.8394377,,,,0,0,0,13955,51,331,13955,51,331,,,,13955,51,331,13955,51,331
129,,20/4/2018,TENGAH FLYOVER,flash_flood,,,,,1.363822,103.707043,648170,49,113,13184,1.364410158,103.7065408,1.364976348,103.7072406,1.36382371,103.7058569,,,,0,0,0,13184,32,281,13184,32,281,,,,13184,32,281,13184,32,281
130,,23/4/2018,40191,flash_flood,,,,,1.312686,103.830427,259978,44,63,1328,1.312738948,103.8304402,1.3125548,103.8311602,1.3129034,103.8297794,,,,0,0,0,1328,44,63,1328,44,63,,,,1328,44,63,1328,44,63
131,,23/4/2018,GILSTEAD 2,flash_flood,,,,,1.31496,103.838459,307997,25,140,2862,1.315181128,103.8382375,1.3157187,103.8387265,1.3150218,103.8380808,,,,0,0,0,6232,44,108,2862,44,108,,,,2830,44,108,553,44,108
132,,27/4/2018,SELETAR NORTH LINK,flash_flood,,,,,1.424892,103.883643,797359,18,308,26672,1.424881307,103.8836368,1.424430042,103.8844155,1.425332559,103.8828581,,,,0,0,0,36961,18,308,26672,18,308,,,,26672,18,308,26672,18,308
133,,1/5/2018,BLK 448 CLEMENTI AVENUE 3,flash_flood,,,,,1.31332,103.764517,120448,10,128,11137,1.312726444,103.7639265,1.313494506,103.7635151,1.31209095,103.7645658,,,,0,0,0,11137,10,128,11137,10,128,,,,11137,10,128,11137,10,128
134,,26/5/2018,KRAMAT LANE,flash_flood,,,,,1.300979,103.842274,228750,45,79,5090,1.301476667,103.842412,1.3014583,103.8424817,1.301728768,103.8415491,,,,0,0,0,5090,45,79,5090,45,79,,,,6219,43,92,5090,45,79
135,,26/5/2018,CAVENAGH ROAD,flash_flood,,,,,1.308095,103.84214,229491,44,74,3438,1.308097862,103.8421373,1.307424438,103.8415435,1.308690046,103.8428163,,,,0,0,0,6052,44,58,3438,44,58,,,,6052,44,58,3438,44,58
136,,20/6/2018,21229,flash_flood,,,,,1.342064,103.71602,648923,13,208,25318,1.342067698,103.7159621,1.3425859,103.7159924,1.341165335,103.7159571,,,,0,0,0,25318,13,193,25318,13,193,,,,25320,13,197,25318,13,193
137,,26/6/2018,ENG NEO FLYOVER,flash_flood,,,,,1.339976,103.806539,288303,6,191,34644,1.33975359,103.8062675,1.340502614,103.8063855,1.339138289,103.8069252,,,,0,0,0,34644,6,191,34644,6,191,,,,34644,6,191,34644,6,191
138,,26/6/2018,TOH TUCK AVENUE,flash_flood,,,,,1.33054,103.758726,596226,10,189,23141,1.33050249,103.7587861,1.3306449,103.758875,1.329745809,103.758294,,,,0,0,0,23141,10,189,23141,10,189,,,,14763,10,189,23141,10,189
139,,26/6/2018,KISMIS ROAD,flash_flood,,,,,1.335544,103.771203,599430,6,152,20971,1.335542795,103.771211,1.3350799,103.7711409,1.3359983,103.7712799,,,,0,0,0,21056,6,152,20971,6,152,,,,20971,6,152,20968,6,152
140,,29/6/2018,LORONG KISMIS,flash_flood,,,,,1.336996,103.766805,598112,6,152,21090,1.33699167,103.766806,1.3371033,103.7672855,1.3368681,103.7662926,,,,0,0,0,21089,6,152,21089,6,152,,,,21089,6,152,21090,6,152
141,,29/6/2018,BUKIT TIMAH,flash_flood,,,,,1.333937,103.792132,276308,6,153,23272,1.333188702,103.7918903,1.3334475,103.7910787,1.33291238,103.7927459,,,,0,0,0,23272,6,153,23272,6,153,,,,23269,6,153,23272,6,153
142,,29/6/2018,DUNEARN ROAD,flash_flood,,,,,1.321188,103.825058,297753,25,150,10269,1.321204983,103.8250632,1.3212572,103.824893,1.321085,103.8254464,,,,0,0,0,10269,25,150,10269,25,150,,,,10268,25,150,6104,48,134
143,,19/9/2018,55189 (BUS STOP),flash_flood,,,,,1.382953,103.844225,569845,52,252,28516,1.382945082,103.8441556,1.383825096,103.8439618,1.38204118,103.8441776,,,,0,0,0,28516,52,252,28516,52,252,,,,28516,52,252,28516,52,252
144,,16/10/2018,21229 (BUS STOP),flash_flood,,,,,1.342064,103.71602,648923,13,208,25318,1.342067698,103.7159621,1.3425859,103.7159924,1.341165335,103.7159571,,,,0,0,0,25318,13,193,25318,13,193,,,,25320,13,197,25318,13,193
145,,23/10/2018,21229 (BUS STOP),flash_flood,,,,,1.342064,103.71602,648923,13,208,25318,1.342067698,103.7159621,1.3425859,103.7159924,1.341165335,103.7159571,,,,0,0,0,25318,13,193,25318,13,193,,,,25320,13,197,25318,13,193
146,,10/11/2018,CHOA CHU KANG WAY,flash_flood,,,,,1.377584,103.750314,688786,9,173,29948,1.377750195,103.7503891,1.377380717,103.7512092,1.378120573,103.7495693,,,,0,0,0,29948,9,173,29948,9,173,,,,29948,9,173,29948,9,173
147,,10/11/2018,CHOA CHU KANG AVENUE 1,flash_flood,,,,,1.37744,103.744383,680253,9,173,14481,1.3771579,103.744792,1.377408626,103.7456553,1.3771579,103.744792,,,,0,0,0,14481,9,173,14481,9,173,,,,14481,9,173,14481,9,173
148,,10/11/2018,BUKIT BATOK DRIVING CENTRE,flash_flood,,,,,1.3668,103.750142,659003,3,161,14570,1.367172509,103.7506114,1.366396823,103.7510675,1.367793172,103.7499639,,,,0,0,0,14570,3,161,14570,3,161,,,,14570,3,161,14570,3,161
149,,11/11/2018,LORONG 23 GEYLANG,flash_flood,,,,,1.315461,103.881255,388379,53,301,2142,1.315460084,103.8812445,1.316360985,103.8811659,1.314854,103.8813076,,,,0,0,0,2142,53,301,2142,53,301,,,,887,53,301,885,53,301
150,,11/11/2018,ALJUNIED WEST FLYOVER,flash_flood,,,,,1.319295,103.87634,387381,53,301,2775,1.319552715,103.8762638,1.319597,103.8766341,1.319034539,103.8755526,,,,0,0,0,2775,22,130,2775,22,130,,,,141,53,145,2775,22,130
151,,12/12/2018,42059 (BUS STOP),flash_flood,,,,,1.336445,103.782762,596288,6,153,20951,1.33635886,103.7827314,1.336636924,103.7818764,1.3361313,103.7833633,,,,0,0,0,20951,6,98,20951,6,98,,,,20951,6,98,20951,6,98
152,,12/12/2018,41069,flash_flood,,,,,1.326528,103.807586,269733,6,191,19513,1.326460704,103.80754,1.326968528,103.8067965,1.32595185,103.8082829,,,,0,0,0,19513,6,148,19513,6,148,,,,19513,6,148,19513,6,148
153,,12/12/2018,ORCHID VILLAGE,flash_flood,,,,,1.333111,103.800138,288735,6,191,19266,1.333296544,103.7999942,1.3335936,103.8003776,1.332744852,103.7992822,,,,0,0,0,19266,6,148,19266,6,148,,,,19263,6,191,19266,6,148
154,,15/12/2018,PSC BUILDING,flash_flood,,,,,1.328863,103.706189,629813,13,105,15785,1.327816635,103.7062127,1.3278105,103.7059414,1.327926566,103.7071015,,,,0,0,0,15785,2,147,15785,2,147,,,,15785,2,147,15785,2,147
155,,15/12/2018,YUAN CHING ROAD,flash_flood,,,,,1.325468,103.725222,618642,13,208,22270,1.325040225,103.7253231,1.324840885,103.7244467,1.3251312,103.7257079,,,,0,0,0,22270,12,123,22270,12,123,,,,22270,12,123,22269,12,123
156,,20/12/2018,SEMBAWANG PARK,flash_flood,,,,,1.461362,103.8365,757600,19,295,25421,1.4612351,103.8374412,1.4608248,103.8374248,1.46199487,103.8379108,,,,0,0,0,25421,19,295,25421,19,295,,,,20839,19,295,25421,19,295
157,,19/5/2019,NEO PEE TECK LANE,flash_flood,,,,,1.292623,103.769021,118759,17,25,10160,1.292604309,103.7690434,1.292127,103.7686515,1.2930744,103.7694361,,,,0,0,0,4539,17,51,10160,17,51,,,,4539,17,51,4539,17,51
158,,3/6/2019,OPHIR ROAD,flash_flood,,,,,1.299961,103.859066,307584,40,47,345,1.3000488,103.8591686,1.300708174,103.8585552,1.2998229,103.8593614,,,,0,0,0,345,35,82,345,35,82,,,,345,35,82,312,35,82
159,,3/6/2019,COMMONWEALTH LANE,flash_flood,,,,,1.304553,103.797475,149547,17,227,4923,1.304381983,103.797324,1.304988256,103.7966574,1.303885,103.7978921,,,,0,0,0,4915,17,53,4923,17,53,,,,4923,17,53,4910,17,53
160,,3/6/2019,CRAIG ROAD,flash_flood,,,,,1.277854,103.842278,89688,46,3,12123,1.277862697,103.8422936,1.2776434,103.8424956,1.2781618,103.8420984,,,,0,0,0,12123,46,3,12123,46,3,,,,1571,46,3,12123,46,3
161,,2/12/2019,JURONG EAST STREET 32,flash_flood,,,,,1.346948,103.733825,600314,12,204,34955,1.34694393,103.7338188,1.346115438,103.7341487,1.347653176,103.7332635,,,,0,0,0,15649,12,204,15649,12,204,,,,34955,12,204,15649,12,204
162,,2/12/2019,CHOA CHU KANG AVE 1,flash_flood,,,,,1.37744,103.744383,680253,9,173,14481,1.3771579,103.744792,1.377408626,103.7456553,1.3771579,103.744792,,,,0,0,0,14481,9,173,14481,9,173,,,,14481,9,173,14481,9,173
163,,30/4/2020,LICHI AVENUE,flash_flood,,,,,1.33316,103.876492,367874,29,100,22413,1.333141937,103.8764977,1.3331791,103.8766146,1.3329673,103.8759694,,,,0,0,0,22413,29,100,22413,29,100,,,,22412,29,100,22442,29,100
164,,30/4/2020,SERANGOON AVENUE 2,flash_flood,,,,,1.353626,103.867705,550304,21,177,15615,1.353710302,103.8680143,1.352833525,103.8682344,1.354598674,103.8678513,,,,0,0,0,15615,21,177,15615,21,177,,,,15615,21,177,15615,21,177
165,,30/4/2020,JALAN TELITI,flash_flood,,,,,1.360393,103.890228,532373,11,186,17941,1.360381013,103.8902294,1.3604831,103.8910788,1.360273774,103.8893372,,,,0,0,0,17941,11,186,13013,11,186,,,,17941,11,186,13013,11,186
166,,30/4/2020,LORONG GAMBIR,flash_flood,,,,,1.345476,103.875567,556140,21,201,26568,1.345490134,103.8755887,1.3459374,103.8753266,1.3452186,103.875769,,,,0,0,0,26568,21,201,26568,21,201,,,,26567,21,201,22563,21,201
167,,30/4/2020,50 HOUGANG AVENUE 1,flash_flood,,,,,1.360305,103.888083,530211,11,186,30585,1.360334788,103.8884129,1.3601609,103.8884286,1.3606533,103.8883796,,,,0,0,0,30585,11,186,30585,11,186,,,,13012,11,186,30587,11,186
168,,30/4/2020,UPPER PAYA LEBAR ROAD,flash_flood,,,,,1.335184,103.888238,534803,29,192,2715,1.335180983,103.8882305,1.334336203,103.8885512,1.33600943,103.8878702,,,,0,0,0,2715,29,192,2715,29,192,,,,2715,29,192,2715,29,192
169,,22/5/2020,CRAIG ROAD,flash_flood,,,,,1.277854,103.842278,89688,46,3,12123,1.277862697,103.8422936,1.2776434,103.8424956,1.2781618,103.8420984,,,,0,0,0,12123,46,3,12123,46,3,,,,1571,46,3,12123,46,3
170,,23/6/2020,JURONG TOWN HALL ROAD,flash_flood,,,,,1.331977,103.739634,608516,12,97,21593,1.331910925,103.7395896,1.3315065,103.7401917,1.332412812,103.7388421,,,,0,0,0,21593,12,97,21593,12,97,,,,21592,12,97,21593,12,97
171,,23/6/2020,CHANGI FIRE STATION,flash_flood,,,,,1.33488,103.951353,486123,47,196,41067,1.334714087,103.9514225,1.3344645,103.9509211,1.3348698,103.9517942,,,,0,0,0,41067,47,196,41067,47,196,,,,37899,47,196,39541,47,196
172,,23/6/2020,NEW UPPER CHANGI ROAD,flash_flood,,,,,1.324064,103.940749,461059,1,157,40140,1.3252106,103.9405245,1.3252465,103.9407022,1.325078698,103.9396356,,,,0,0,0,40140,1,157,40140,1,157,,,,38853,1,157,40140,1,157
173,,9/7/2020,PSC BUILDING,flash_flood,,,,,1.328863,103.706189,629813,13,105,15785,1.327816635,103.7062127,1.3278105,103.7059414,1.327926566,103.7071015,,,,0,0,0,15785,2,147,15785,2,147,,,,15785,2,147,15785,2,147
174,,13/8/2020,ALJUNIED ROAD,flash_flood,,,,,1.322313,103.881475,370023,53,93,2713,1.322333954,103.881467,1.322655442,103.8823068,1.322012467,103.8806271,,,,0,0,0,2713,53,93,2713,53,93,,,,2713,53,93,2713,53,93
175,,14/8/2020,CRAIG ROAD,flash_flood,,,,,1.277854,103.842278,89688,46,3,12123,1.277862697,103.8422936,1.2776434,103.8424956,1.2781618,103.8420984,,,,0,0,0,12123,46,3,12123,46,3,,,,1571,46,3,12123,46,3
176,,14/8/2020,TANJONG PAGAR ROAD,flash_flood,,,,,1.273715,103.842919,88542,40,33,658,1.273507849,103.8429192,1.273498962,103.8420208,1.2735081,103.8431338,,,,0,0,0,658,40,33,658,40,33,,,,658,40,33,592,40,33
177,,2/11/2020,MOUNT VERNON ROAD,flash_flood,,,,,1.34041,103.879577,361222,29,192,13822,1.340408157,103.8795781,1.340914446,103.8803226,1.340174089,103.8787189,,,,0,0,0,22527,29,206,13822,29,206,,,,22527,29,206,22527,29,206
178,,2/11/2020,UPPER PAYA LEBAR ROAD,flash_flood,,,,,1.335184,103.888238,534803,29,192,2715,1.335180983,103.8882305,1.334336203,103.8885512,1.33600943,103.8878702,,,,0,0,0,2715,29,192,2715,29,192,,,,2715,29,192,2715,29,192
179,,2/11/2020,LORONG GAMBIR,flash_flood,,,,,1.345476,103.875567,556140,21,201,26568,1.345490134,103.8755887,1.3459374,103.8753266,1.3452186,103.875769,,,,0,0,0,26568,21,201,26568,21,201,,,,26567,21,201,22563,21,201
180,,7/11/2020,ALJUNIED ROAD,flash_flood,,,,,1.322313,103.881475,370023,53,93,2713,1.322333954,103.881467,1.322655442,103.8823068,1.322012467,103.8806271,,,,0,0,0,2713,53,93,2713,53,93,,,,2713,53,93,2713,53,93
181,,1/1/2021,LORONG HALUS,flash_flood,,,,,1.386169,103.923226,533850,14,242,42801,1.386168073,103.9232304,1.387057884,103.9233858,1.385283402,103.9230439,,,,0,0,0,42801,14,242,42801,14,242,,,,38296,14,242,42801,14,242
182,,2/1/2021,PASIR RIS STREET 11,flash_flood,,,,,1.364996,103.958511,510136,14,168,39878,1.364971443,103.9584952,1.36444766,103.9592276,1.3653236,103.9579391,,,,0,0,0,39878,14,168,39878,14,168,,,,39878,14,168,39878,14,168
183,,23/3/2021,BOON LAY WAY,flash_flood,,,,,1.344351,103.727438,648164,12,209,33836,1.344405739,103.7274402,1.344532443,103.7265524,1.344395749,103.7283385,,,,0,0,0,33836,12,204,33836,12,204,,,,33836,12,204,33836,12,204
184,,23/3/2021,CORPORATION ROAD,flash_flood,,,,,1.338077,103.71708,618310,13,193,21823,1.338063341,103.7170525,1.3373806,103.7174645,1.3383686,103.716901,,,,0,0,0,21823,13,208,21823,13,208,,,,21822,13,208,33857,13,193
185,,23/3/2021,ENTERPRISE ROAD,flash_flood,,,,,1.333312,103.705117,629840,13,105,15786,1.333317663,103.705117,1.3333169,103.7055118,1.333316094,103.7042184,,,,0,0,0,15786,13,105,15786,13,105,,,,15788,13,193,15786,13,105
186,,29/3/2021,VICTORIA STREET,flash_flood,,,,,1.300563,103.855781,188030,35,48,3591,1.300603991,103.8557337,1.299917829,103.8551485,1.3006936,103.8558114,,,,0,0,0,3591,40,47,3591,40,47,,,,3591,40,47,393,40,47
187,,17/4/2021,DUNEARN ROAD,flash_flood,,,,,1.321188,103.825058,297753,25,150,10269,1.321204983,103.8250632,1.3212572,103.824893,1.321085,103.8254464,,,,0,0,0,10269,25,150,10269,25,150,,,,10268,25,150,6104,48,134
188,,17/4/2021,SUNGEI ULU PANDAN,flash_flood,,,,,1.317109,103.773462,597596,6,132,11015,1.3168219,103.7719081,1.317701505,103.7716993,1.315930028,103.7720565,,,,0,0,0,11015,10,119,11015,10,119,,,,11015,10,119,11015,10,119
189,,12/7/2021,CALTEX BINJAI PARK,flash_flood,,,,,1.335235,103.786793,589821,6,153,21013,1.335105262,103.7867453,1.334794802,103.7875893,1.3350008,103.7865566,,,,0,0,0,21013,6,153,21013,6,153,,,,24026,6,153,24026,6,153
190,,20/8/2021,75359 (BUS STOP),flash_flood,,,,,1.374387,103.931479,528764,47,169,38796,1.37444584,103.9313521,1.3747407,103.9314888,1.373625956,103.9309729,,,,0,0,0,38796,54,222,38796,54,222,,,,39788,54,222,38796,54,222
191,,24/8/2021,DUNEARN ROAD,flash_flood,,,,,1.321188,103.825058,297753,25,150,10269,1.321204983,103.8250632,1.3212572,103.824893,1.321085,103.8254464,,,,0,0,0,10269,25,150,10269,25,150,,,,10268,25,150,6104,48,134
192,,30/8/2021,HOUGANG AVENUE 8,flash_flood,,,,,1.373321,103.886366,530583,11,228,27700,1.373122441,103.886634,1.3724361,103.8861061,1.373809659,103.8872167,,,,0,0,0,27700,11,228,27700,11,228,,,,14051,11,228,27700,11,228
193,,30/8/2021,PUNGGOL WEST FLYOVER,flash_flood,,,,,1.398885,103.896382,543287,20,236,18172,1.399278055,103.8964759,1.399075227,103.8973515,1.3993143,103.8963242,,,,0,0,0,18172,16,275,18172,16,275,,,,18172,16,275,27004,16,275
194,,2/9/2021,PUNGGOL WEST FLYOVER,flash_flood,,,,,1.398885,103.896382,543287,20,236,18172,1.399278055,103.8964759,1.399075227,103.8973515,1.3993143,103.8963242,,,,0,0,0,18172,16,275,18172,16,275,,,,18172,16,275,27004,16,275
195,,6/9/2021,JURONG EAST STREET 32,flash_flood,,,,,1.346948,103.733825,600314,12,204,34955,1.34694393,103.7338188,1.346115438,103.7341487,1.347653176,103.7332635,,,,0,0,0,15649,12,204,15649,12,204,,,,34955,12,204,15649,12,204
196,,23/11/2021,JURONG EAST STREET 32,flash_flood,,,,,1.346948,103.733825,600314,12,204,34955,1.34694393,103.7338188,1.346115438,103.7341487,1.347653176,103.7332635,,,,0,0,0,15649,12,204,15649,12,204,,,,34955,12,204,15649,12,204
197,,27/2/2022,BEDOK NORTH FLYOVER,flash_flood,,,,,1.332028,103.920369,460540,1,95,37644,1.331708941,103.9201316,1.3321206,103.9197716,1.331773236,103.9209381,,,,0,0,0,37644,1,149,37644,1,149,,,,40918,1,149,37644,1,149
198,,27/2/2022,REGENT CENTRE,flash_flood,,,,,1.334035,103.899317,408609,53,99,14182,1.333805495,103.8989939,1.33307582,103.8995246,1.3340795,103.8987993,,,,0,0,0,14182,53,99,14182,53,99,,,,14182,53,99,14182,53,99
199,,2/3/2022,209 PUNGGOL PLACE PUNGGOL CREST,flash_flood,,,,,1.398977,103.900937,820209,16,275,18175,1.398771092,103.9008406,1.3991104,103.9000306,1.398378641,103.9016499,,,,0,0,0,18175,16,275,18175,16,275,,,,18173,16,275,18175,16,275
200,,2/3/2022,BUANGKOK FLYOVER,flash_flood,,,,,1.37684,103.910119,533952,20,231,38268,1.37654218,103.9104596,1.375812069,103.909932,1.37716526,103.9111088,,,,0,0,0,38268,54,229,38268,54,229,,,,38268,54,229,38268,54,229
201,,7/3/2022,SUNGEI TENGAH,flash_flood,,,,,1.398992,103.725111,698986,32,307,36863,1.3999602,103.7278042,1.399985,103.7282445,1.399985,103.7282445,,,,0,0,0,36863,9,241,36863,9,241,,,,36859,9,241,36859,9,241
202,,7/3/2022,JURONG EAST ST 32,flash_flood,,,,,1.346948,103.733825,600314,12,204,34955,1.34694393,103.7338188,1.346115438,103.7341487,1.347653176,103.7332635,,,,0,0,0,15649,12,204,15649,12,204,,,,34955,12,204,15649,12,204
203,,7/3/2022,ENTERPRISE ROAD,flash_flood,,,,,1.333312,103.705117,629840,13,105,15786,1.333317663,103.705117,1.3333169,103.7055118,1.333316094,103.7042184,,,,0,0,0,15786,13,105,15786,13,105,,,,15788,13,193,15786,13,105
204,,5/10/2022,LAVENDER MRT,flash_flood,,,,,1.307507,103.862938,208699,22,117,8630,1.307461814,103.8629807,1.3079698,103.8635138,1.306847108,103.8623217,,,,0,0,0,8630,22,278,8630,22,278,,,,455,22,278,8630,22,278
205,,7/11/2022,BKE EXIT 8,flash_flood,,,,,1.416285,103.770721,738078,28,303,13147,1.416287794,103.7712811,1.415383454,103.7712875,1.417192146,103.7712766,,,,0,0,0,13147,28,303,13147,28,303,,,,13147,28,303,13147,28,303
206,,12/11/2022,TANAH MERAH MRT,flash_flood,,,,,1.327311,103.946452,465514,1,95,42851,1.327546245,103.9463625,1.3272412,103.9455529,1.32786848,103.9472021,,,,0,0,0,42851,1,157,42851,1,157,,,,42851,1,157,42851,1,157
207,,11/12/2022,BUANGKOK FLYOVER,flash_flood,,,,,1.37684,103.910119,533952,20,231,38268,1.37654218,103.9104596,1.375812069,103.909932,1.37716526,103.9111088,,,,0,0,0,38268,54,229,38268,54,229,,,,38268,54,229,38268,54,229
208,,30/3/2023,KRAMAT LANE,flash_flood,,,,,1.300979,103.842274,228750,45,79,5090,1.301476667,103.842412,1.3014583,103.8424817,1.301728768,103.8415491,,,,0,0,0,5090,45,79,5090,45,79,,,,6219,43,92,5090,45,79
209,,30/3/2023,CAVENAGH ROAD,flash_flood,,,,,1.308095,103.84214,229491,44,74,3438,1.308097862,103.8421373,1.307424438,103.8415435,1.308690046,103.8428163,,,,0,0,0,6052,44,58,3438,44,58,,,,6052,44,58,3438,44,58
210,,20/7/2023,42059 (BUS STOP),flash_flood,,,,,1.336445,103.782762,596288,6,153,20951,1.33635886,103.7827314,1.336636924,103.7818764,1.3361313,103.7833633,,,,0,0,0,20951,6,98,20951,6,98,,,,20951,6,98,20951,6,98
211,,28/11/2023,21229 (BUS STOP),flash_flood,,,,,1.342064,103.71602,648923,13,208,25318,1.342067698,103.7159621,1.3425859,103.7159924,1.341165335,103.7159571,,,,0,0,0,25318,13,193,25318,13,193,,,,25320,13,197,25318,13,193
212,,3/2/2024,DUNEARN ROAD,flash_flood,,,,,1.321188,103.825058,297753,25,150,10269,1.321204983,103.8250632,1.3212572,103.824893,1.321085,103.8254464,,,,0,0,0,10269,25,150,10269,25,150,,,,10268,25,150,6104,48,134
213,,14/10/2024,DUNEARN ROAD,flash_flood,,,,,1.321188,103.825058,297753,25,150,10269,1.321204983,103.8250632,1.3212572,103.824893,1.321085,103.8254464,,,,0,0,0,10269,25,150,10269,25,150,,,,10268,25,150,6104,48,134
214,"[Risk of Flash Floods]

Due to heavy rain, please avoid this location for the next 1 hour: TPE (Punggol West Flyover) [15:28 hours]",16/11/2024,TPE (Punggol West Flyover),flash_flood_risk,Tampines Expressway Punggol West Flyover,,,Tampines Expressway Punggol West Flyover,1.379707,103.915978,533760,54,229,39450,1.379647513,103.9160082,1.379202481,103.9152268,1.380054282,103.9168107,,,,0,0,0,39450,20,231,39450,20,231,,,,39450,20,231,39450,20,231
215,,29/12/2024,DUNEARN ROAD,flash_flood,,,,,1.321188,103.825058,297753,25,150,10269,1.321204983,103.8250632,1.3212572,103.824893,1.321085,103.8254464,,,,0,0,0,10269,25,150,10269,25,150,,,,10268,25,150,6104,48,134
216,"[Risk of Flash Floods]

Due to heavy rain, please avoid this location for the next 1 hour: PIE (towards Changi Airport) after TPE [07:40 hours]",19/3/2025,PIE (towards Changi Airport) after TPE,flash_flood_risk,Pan Island Expressway towards Changi Airport,Tampines Expressway,,Pan Island Expressway towards Changi Airport to Tampines Expressway,1.339305,103.974505,486769,8,298,42952,1.339304993,103.974505,,,,,1.3704809,103.9415043,519961,47,169,38723,42952,47,154,42952,47,154,38723,47,169,,,,,,
217,"[Risk of Flash Floods]

Due to heavy rain, please avoid this location for the next 1 hour: Mountbatten Road / Jalan Seaview [14:45 hours]",19/3/2025,Mountbatten Road / Jalan Seaview,flash_flood_risk,Mountbatten Road,Jalan Seaview,,Mountbatten Road and Jalan Seaview,1.3028098,103.8996285,439970,39,72,3423,1.3028098,103.8996285,,,,,1.3008882,103.896421,438386,39,300,7880,3423,39,72,3423,39,72,2226,39,300,,,,,,
218,"[Risk of Flash Floods]

Due to heavy rain, please avoid this location for the next 1 hour: ECP (towards Changi Airport) after Bayshore Rd Exit [13:40 hours]",20/3/2025,ECP (towards Changi Airport) after Bayshore Rd Exit,flash_flood_risk,East Coast Parkway towards Changi Airport,Bayshore Road Slip,,East Coast Parkway towards Changi Airport to Bayshore Road Slip,1.338224,103.980555,819665,8,298,37427,1.338242608,103.9805125,,,,,1.312132,103.939068,469986,1,136,45531,37427,47,154,37427,47,154,45531,1,136,,,,,,
219,"[Risk of Flash Floods]

Due to heavy rain, please avoid this location for the next 1 hour: Mountbatten Road/Jalan Seaview [13:50 hours]",20/3/2025,Mountbatten Road/Jalan Seaview,flash_flood_risk,Mountbatten Road,Jalan Seaview,,Mountbatten Road and Jalan Seaview,1.3028098,103.8996285,439970,39,72,3423,1.3028098,103.8996285,,,,,1.3008882,103.896421,438386,39,300,7880,3423,39,72,3423,39,72,2226,39,300,,,,,,
220,"[Risk of Flash Floods]

Due to heavy rain, please avoid this location for the next 1 hour: ECP (towards Changi Airport) at Tanah Merah Coast Road Entrance [10:20 hours]",20/3/2025,ECP (towards Changi Airport) at Tanah Merah Coast Road Entrance,flash_flood_risk,East Coast Parkway towards Changi Airport,Tanah Merah Coast Road Entrance,,East Coast Parkway towards Changi Airport to Tanah Merah Coast Road Entrance,1.338224,103.980555,819665,8,298,37427,1.338242608,103.9805125,,,,,1.318466,103.984457,498720,47,154,45289,37427,47,154,37427,47,154,45289,47,154,,,,,,
221,"[Risk of Flash Floods]

Due to heavy rain, please avoid this location for the next 1 hour: Mountbatten Road/Jalan Seaview [01:31 hours]",22/3/2025,Mountbatten Road/Jalan Seaview,flash_flood_risk,Mountbatten Road,Jalan Seaview,,Mountbatten Road and Jalan Seaview,1.3028098,103.8996285,439970,39,72,3423,1.3028098,103.8996285,,,,,1.3008882,103.896421,438386,39,300,7880,3423,39,72,3423,39,72,2226,39,300,,,,,,
222,"[Risk of Flash Floods]

Due to heavy rain, please avoid this location for the next 1 hour: Thomson Rd (Balestier Rd to Novena Rise) [00:37 hours]",23/3/2025,Thomson Rd (Balestier Rd to Novena Rise),flash_flood_risk,balestier Road,novena rise,Thomson Road,Thomson Road (balestier Road to novena rise),1.3265878,103.8430003,329900,25,175,26155,1.3265878,103.8430003,,,,,1.3242731,103.8429008,307516,25,175,26059,26155,29,96,26155,29,96,26059,25,140,,,,,,
223,"[Risk of Flash Floods]

Due to heavy rain, please avoid this location for the next 1 hour: Lor Gambir
 [00:29 hours]",23/3/2025,Lor Gambir,flash_flood_risk,Lorong Gambir,,,Lorong Gambir,1.3461999,103.8744676,536652,21,201,32787,1.3461999,103.8744676,1.3461314,103.8748379,1.345903,103.8741313,,,,0,0,0,22572,21,201,22572,21,201,,,,22572,21,201,22571,21,201
224,"[Risk of Flash Floods]

Due to heavy rain, please avoid this location for the next 1 hour: Puay Hee Ave (near Siak Kew Ave);
Siang Kuang Ave; [00:28 hours]",23/3/2025,"Puay Hee Ave (near Siak Kew Ave);
Siang Kuang Ave;",flash_flood_risk,Puay Hee Avenue near Siak Kew Avenue Siang Kuang Avenue,,,Puay Hee Avenue near Siak Kew Avenue Siang Kuang Avenue,1.366923,103.801292,678278,7,294,23594,1.3741884,103.8114183,1.3741884,103.8114183,1.375052226,103.8111528,,,,0,0,0,15317,7,294,15317,7,294,,,,15317,7,294,15317,7,294
225,"[Risk of Flash Floods]

Due to heavy rain, please avoid this location for the next 1 hour: Macpherson Rd OD (Siang Kuang Ave) [00:33 hours]",23/3/2025,Macpherson Rd OD (Siang Kuang Ave),flash_flood_risk,Macpherson Road OD Siang Kuang Avenue,,,Macpherson Road OD Siang Kuang Avenue,1.329601,103.87201,347973,29,100,23808,1.329601372,103.8720099,1.329317666,103.8711568,1.329896049,103.8728593,,,,0,0,0,22390,29,100,22390,29,100,,,,22390,29,100,22390,29,100
226,"[Risk of Flash Floods]

Due to heavy rain, please avoid this location for the next 1 hour: Junction of Toa Payoh Lor 1 and Toa Payoh Lor 2
 [00:23 hours]",23/3/2025,Junction of Toa Payoh Lor 1 and Toa Payoh Lor 2,flash_flood_risk,toa payoh Lorong 1,toa payoh Lorong 2,,toa payoh Lorong 1 and toa payoh Lorong 2,1.33961615,103.8533722,310001,29,194,36389,1.340002996,103.8536012,,,,,1.33252575,103.8473865,310157,29,96,13883,36389,29,194,36389,29,194,13883,29,96,,,,,,
227,"[Risk of Flash Floods]

Due to heavy rain, please avoid this location for the next 1 hour: Langsat Rd (Everitt Rd North to Lor 106 Changi);
Lor 105 Changi; [00:20 hours]",23/3/2025,"Langsat Rd (Everitt Rd North to Lor 106 Changi);
Lor 105 Changi;",flash_flood_risk,everitt Road north,Lorong 106 changi,Langsat Road,Langsat Road (everitt Road north to Lorong 106 changi),1.3168363,103.9013344,419718,53,121,45584,1.316835994,103.901333,,,,,1.3171815,103.9032135,419974,53,121,43515,45584,53,121,45584,53,121,43515,53,121,,,,,,
228,"[Risk of Flash Floods]

Due to heavy rain, please avoid this location for the next 1 hour: Marine Parade Ctrl;
Marine Parade Rd [00:15 hours]",23/3/2025,"Marine Parade Ctrl;
Marine Parade Rd",flash_flood_risk,Marine Parade Ctrl Marine Parade Road,,,Marine Parade Ctrl Marine Parade Road,1.301396,103.905945,449408,39,143,45672,1.3013762,103.9065952,1.3013762,103.9065952,1.301442,103.9066939,,,,0,0,0,45672,39,143,45672,39,143,,,,45672,39,143,45669,39,143
229,"[Risk of Flash Floods]

Due to heavy rain, please avoid this location for the next 1 hour: East Coast Rd [00:12 hours]",23/3/2025,East Coast Rd,flash_flood_risk,East Coast Road,,,East Coast Road,1.3065136,103.9057043,428877,39,72,44542,1.3065136,103.9057043,1.306001377,103.9049638,1.3065136,103.9057043,,,,0,0,0,44542,39,72,44542,39,72,,,,44542,39,72,44542,39,72
230,"[Risk of Flash Floods]

Due to heavy rain, please avoid this location for the next 1 hour: Upp Paya Lebar Service Rd (Lim Teck Boo Rd to Rochdale Rd);
Jln Lokam (near Upp Paya Lebar Rd);
Thrift Dr (near Jln Usaha); [00:28 hours]",23/3/2025,"Upp Paya Lebar Service Rd (Lim Teck Boo Rd to Rochdale Rd);
Jln Lokam (near Upp Paya Lebar Rd);
Thrift Dr (near Jln Usaha);",flash_flood_risk,lim teck boo Road,rochdale Road,Upper Paya Lebar Service Road,Upper Paya Lebar Service Road (lim teck boo Road to rochdale Road),1.3422987,103.8844939,534878,11,202,33344,1.3422987,103.8844939,,,,,1.3433183,103.8835973,535823,11,202,18534,17903,11,202,17903,11,202,17911,11,202,,,,,,
231,"[Risk of Flash Floods]

Due to heavy rain, please avoid this location for the next 1 hour: Jln Arif [18:35 hours]",5/4/2025,Jln Arif,flash_flood_risk,Jalan Arif,,,Jalan Arif,1.3683562,103.8828034,545114,11,162,19674,1.3683562,103.8828034,1.3683562,103.8828034,1.3680348,103.882736,,,,0,0,0,16927,11,162,16927,11,162,,,,16927,11,162,19674,11,162
232,"[Risk of Flash Floods]

Due to heavy rain, please avoid this location for the next 1 hour: Junction of Toa Payoh Lor 1 and Toa Payoh Lor 2
 [14:11 hours]",13/4/2025,Junction of Toa Payoh Lor 1 and Toa Payoh Lor 2,flash_flood_risk,toa payoh Lorong 1,toa payoh Lorong 2,,toa payoh Lorong 1 and toa payoh Lorong 2,1.33961615,103.8533722,310001,29,194,36389,1.340002996,103.8536012,,,,,1.33252575,103.8473865,310157,29,96,13883,36389,29,194,36389,29,194,13883,29,96,,,,,,
233,Flash flood subsided at Yishun Ave 7. Issued 1430 hours.,13/4/2025,Yishun Ave 7,flood_subsided,Yishun Avenue 7,,,Yishun Avenue 7,1.4380871,103.8326446,760175,55,316,32992,1.4380871,103.8326446,1.4380871,103.8326446,1.437762805,103.8318058,,,,0,0,0,23248,55,320,23248,55,320,,,,23248,55,320,32992,55,320
234,"[Risk of Flash Floods]

Due to heavy rain, please avoid this location for the next 1 hour: Jln Pokok Serunai [14:15 hours]",13/4/2025,Jln Pokok Serunai,flash_flood_risk,Jalan Pokok Serunai,,,Jalan Pokok Serunai,1.3143531,103.9363658,466433,1,136,44168,1.3143531,103.9363658,1.313468103,103.9365508,1.3144068,103.9363546,,,,0,0,0,44168,1,157,44168,1,157,,,,44168,1,157,43614,1,157
235,"[Risk of Flash Floods]

Due to heavy rain, please avoid this location for the next 1 hour: Bt Timah Rd (Wilby Rd to Blackmore Dr) [14:15 hours]",13/4/2025,Bt Timah Rd (Wilby Rd to Blackmore Dr),flash_flood_risk,wilby Road,blackmore Drive,Bukit Timah Road,Bukit Timah Road (wilby Road to blackmore Drive),1.3302335,103.7876928,275982,6,98,16262,1.3302335,103.7876928,,,,,1.3356733,103.7836073,599987,6,98,23267,16262,6,98,16262,6,98,23267,6,98,,,,,,
236,"[FLASH FLOOD OCCURRED]  

Flash flood at KPE (Slip Rd to Buangkok East Drive). Please avoid the area. PUB officers have been deployed to render assistance. Issued 1405 hours.",13/4/2025,KPE (Slip Rd to Buangkok East Drive),flash_flood,slip Road,buangkok east drive,Kallang-Paya Lebar Expressway,Kallang-Paya Lebar Expressway (slip Road to buangkok east drive),1.385923,103.7570677,671634,5,247,23016,1.385887782,103.7570177,,,,,1.3739123,103.9113798,535191,54,229,38290,23016,5,247,23016,5,247,37811,54,229,,,,,,
237,"[Risk of Flash Floods]

Due to heavy rain, please avoid this location for the next 1 hour: Lor Ong Lye (near Lor Lew Lian) [14:12 hours]",13/4/2025,Lor Ong Lye (near Lor Lew Lian),flash_flood_risk,Lorong Ong Lye near Lorong Lew Lian,,,Lorong Ong Lye near Lorong Lew Lian,1.366923,103.801292,678278,7,294,23594,1.3741884,103.8114183,1.3741884,103.8114183,1.375052226,103.8111528,,,,0,0,0,15317,7,294,15317,7,294,,,,15317,7,294,15317,7,294
238,"[Risk of Flash Floods]

Due to heavy rain, please avoid this location for the next 1 hour: Eng Kong Pl (Greenridge Cres to Eng Kong Gdn) [14:11 hours]",13/4/2025,Eng Kong Pl (Greenridge Cres to Eng Kong Gdn),flash_flood_risk,greenridge Crescent,eng kong gdn,Eng Kong Place,Eng Kong Place (greenridge Crescent to eng kong gdn),1.3336062,103.7662483,598909,6,152,21125,1.3336062,103.7662483,,,,,1.33712705,103.7690427,596463,6,152,33677,21125,6,152,21125,6,152,33677,6,152,,,,,,
239,Flash flood subsided at KPE (Slip Rd to Buangkok East Drive). Issued 1500 hours.,13/4/2025,KPE (Slip Rd to Buangkok East Drive),flood_subsided,slip Road,buangkok east drive,Kallang-Paya Lebar Expressway,Kallang-Paya Lebar Expressway (slip Road to buangkok east drive),1.385923,103.7570677,671634,5,247,23016,1.385887782,103.7570177,,,,,1.3739123,103.9113798,535191,54,229,38290,23016,5,247,23016,5,247,37811,54,229,,,,,,
240,"[Risk of Flash Floods]

Due to heavy rain, please avoid this location for the next 1 hour: Upp Paya Lebar Service Rd (Lim Teck Boo Rd to Rochdale Rd);
Jln Lokam (near Upp Paya Lebar Rd);
Thrift Dr (near Jln Usaha); [14:03 hours]",13/4/2025,"Upp Paya Lebar Service Rd (Lim Teck Boo Rd to Rochdale Rd);
Jln Lokam (near Upp Paya Lebar Rd);
Thrift Dr (near Jln Usaha);",flash_flood_risk,lim teck boo Road,rochdale Road,Upper Paya Lebar Service Road,Upper Paya Lebar Service Road (lim teck boo Road to rochdale Road),1.3422987,103.8844939,534878,11,202,33344,1.3422987,103.8844939,,,,,1.3433183,103.8835973,535823,11,202,18534,17903,11,202,17903,11,202,17911,11,202,,,,,,
241,"[FLASH FLOOD OCCURRED]  

Flash flood at Punggol Way (Slip Rd to TPE). Please avoid the area. PUB officers have been deployed to render assistance. Issued 1357 hours.",13/4/2025,Punggol Way (Slip Rd to TPE),flash_flood,slip Road,Tampines Expressway,Punggol Way,Punggol Way (slip Road to Tampines Expressway),1.385923,103.7570677,671634,5,247,23016,1.385887782,103.7570177,,,,,1.3704809,103.9415043,519961,47,169,38723,23016,5,247,23016,5,247,38723,47,169,,,,,,
242,"[Risk of Flash Floods]

Due to heavy rain, please avoid this location for the next 1 hour: Yishun Avenue 7 [13:39 hours]",13/4/2025,Yishun Avenue 7,flash_flood_risk,Yishun Avenue 7,,,Yishun Avenue 7,1.4380871,103.8326446,760175,55,316,32992,1.4380871,103.8326446,1.4380871,103.8326446,1.437762805,103.8318058,,,,0,0,0,23248,55,320,23248,55,320,,,,23248,55,320,32992,55,320
243,"[Risk of Flash Floods]

Due to heavy rain, please avoid this location for the next 1 hour: Junction of Yishun Ave 2 and Yishun Ave 5 [13:49 hours]",13/4/2025,Junction of Yishun Ave 2 and Yishun Ave 5,flash_flood_risk,yishun Avenue 2,yishun Avenue 5,,yishun Avenue 2 and yishun Avenue 5,1.4371108,103.8337382,760170,55,320,30729,1.4371108,103.8337382,,,,,1.4304259,103.8315094,760145,55,316,15461,30729,55,320,30729,55,320,15461,55,316,,,,,,
244,Flash flood subsided at Punggol Way (Slip Rd to TPE). Issued 1450 hours.,13/4/2025,Punggol Way (Slip Rd to TPE),flood_subsided,slip Road,Tampines Expressway,Punggol Way,Punggol Way (slip Road to Tampines Expressway),1.385923,103.7570677,671634,5,247,23016,1.385887782,103.7570177,,,,,1.3704809,103.9415043,519961,47,169,38723,23016,5,247,23016,5,247,38723,47,169,,,,,,
245,"[Risk of Flash Floods]

Due to heavy rain, please avoid this location for the next 1 hour: KPE(ECP) after Buangkok East Dr Exit [13:53 hours]",13/4/2025,KPE(ECP) after Buangkok East Dr Exit,flash_flood_risk,Kallang-Paya Lebar Expressway East Coast Parkway after Buangkok East Drive Slip,,,Kallang-Paya Lebar Expressway East Coast Parkway after Buangkok East Drive Slip,1.375612,103.91004,535191,54,229,38170,1.375612002,103.9100401,1.376445975,103.9097362,1.374746598,103.9098062,,,,0,0,0,38170,54,229,38170,54,229,,,,38170,54,229,38170,54,229
246,"[Risk of Flash Floods]

Due to heavy rain, please avoid this location for the next 1 hour: TPE Slip Rd towards Punggol Rd [13:56 hours]",13/4/2025,TPE Slip Rd towards Punggol Rd,flash_flood_risk,Tampines Expressway Slip Road,Punggol Road,,Tampines Expressway Slip Road to Punggol Road,1.366923,103.801292,678278,7,294,23594,1.3741884,103.8114183,,,,,1.4012946,103.9055736,821296,16,275,40885,15317,7,294,15317,7,294,40885,16,292,,,,,,
247,"[Risk of Flash Floods]

Due to heavy rain, please avoid this location for the next 1 hour: TPE (Punggol West Flyover) [13:51 hours]",13/4/2025,TPE (Punggol West Flyover),flash_flood_risk,Tampines Expressway Punggol West Flyover,,,Tampines Expressway Punggol West Flyover,1.379707,103.915978,533760,54,229,39450,1.379647513,103.9160082,1.379202481,103.9152268,1.380054282,103.9168107,,,,0,0,0,39450,20,231,39450,20,231,,,,39450,20,231,39450,20,231
248,"[FLASH FLOOD OCCURRED]  

Flash flood at Yishun Avenue 7. Please avoid the area. PUB officers have been deployed to render assistance. Issued 1350 hours.",13/4/2025,Yishun Avenue 7,flash_flood,Yishun Avenue 7,,,Yishun Avenue 7,1.4380871,103.8326446,760175,55,316,32992,1.4380871,103.8326446,1.4380871,103.8326446,1.437762805,103.8318058,,,,0,0,0,23248,55,320,23248,55,320,,,,23248,55,320,32992,55,320
249,"[Risk of Flash Floods]

Due to heavy rain, please avoid this location for the next 1 hour: Yishun Ave 7 (near intersection of Yishun St 22) [16:28 hours]",15/4/2025,Yishun Ave 7 (near intersection of Yishun St 22),flash_flood_risk,Yishun Avenue 7 near intersection of Yishun Street 22,,,Yishun Avenue 7 near intersection of Yishun Street 22,1.366923,103.801292,678278,7,294,23594,1.3741884,103.8114183,1.3741884,103.8114183,1.375052226,103.8111528,,,,0,0,0,15317,7,294,15317,7,294,,,,15317,7,294,15317,7,294
250,"[FLASH FLOOD OCCURRED]  

Flash flood at Yishun Avenue 7 (near intersection of Yishun St 22). Please avoid the area. PUB officers have been deployed to render assistance. Issued 1635 hours.",15/4/2025,Yishun Avenue 7 (near intersection of Yishun St 22),flash_flood,Yishun Avenue 7 near intersection of Yishun Street 22,,,Yishun Avenue 7 near intersection of Yishun Street 22,1.366923,103.801292,678278,7,294,23594,1.3741884,103.8114183,1.3741884,103.8114183,1.375052226,103.8111528,,,,0,0,0,15317,7,294,15317,7,294,,,,15317,7,294,15317,7,294
251,"[Risk of Flash Floods]

Due to heavy rain, please avoid this location for the next 1 hour: TPE (Punggol West Flyover) [16:55 hours]",15/4/2025,TPE (Punggol West Flyover),flash_flood_risk,Tampines Expressway Punggol West Flyover,,,Tampines Expressway Punggol West Flyover,1.379707,103.915978,533760,54,229,39450,1.379647513,103.9160082,1.379202481,103.9152268,1.380054282,103.9168107,,,,0,0,0,39450,20,231,39450,20,231,,,,39450,20,231,39450,20,231
252,Flash flood subsided at Yishun Avenue 7 (near intersection of Yishun St 22). Issued 1655 hours.,15/4/2025,Yishun Avenue 7 (near intersection of Yishun St 22),flood_subsided,Yishun Avenue 7 near intersection of Yishun Street 22,,,Yishun Avenue 7 near intersection of Yishun Street 22,1.366923,103.801292,678278,7,294,23594,1.3741884,103.8114183,1.3741884,103.8114183,1.375052226,103.8111528,,,,0,0,0,15317,7,294,15317,7,294,,,,15317,7,294,15317,7,294
253,"[Risk of Flash Floods]

Due to heavy rain, please avoid this location for the next 1 hour: Alexandra Rd (opp Alexis Condo) [17:19 hours]",20/4/2025,Alexandra Rd (opp Alexis Condo),flash_flood_risk,Alexandra Road opp Alexis Condo,,,Alexandra Road opp Alexis Condo,1.366923,103.801292,678278,7,294,23594,1.3741884,103.8114183,1.3741884,103.8114183,1.375052226,103.8111528,,,,0,0,0,15317,7,294,15317,7,294,,,,15317,7,294,15317,7,294
254,"[Risk of Flash Floods]

Due to heavy rain, please avoid this location for the next 1 hour: Jln Pokok Serunai [17:19 hours]",20/4/2025,Jln Pokok Serunai,flash_flood_risk,Jalan Pokok Serunai,,,Jalan Pokok Serunai,1.3143531,103.9363658,466433,1,136,44168,1.3143531,103.9363658,1.313468103,103.9365508,1.3144068,103.9363546,,,,0,0,0,44168,1,157,44168,1,157,,,,44168,1,157,43614,1,157
255,"[FLASH FLOOD OCCURRED]  

Flash flood at Kings Rd (between Prince Rd and Lutheran Rd). Please avoid the area. PUB officers have been deployed to render assistance. Issued 17:05 hours.",20/4/2025,Kings Rd (between Prince Rd and Lutheran Rd),flash_flood,prince Road,lutheran Road,Kings Road,Kings Road (prince Road to lutheran Road),1.3209988,103.8095728,266748,6,148,1968,1.3209988,103.8095728,,,,,1.3220164,103.8098766,268070,6,148,20441,1968,6,133,1968,6,133,1966,6,133,,,,,,
256,Flash flood subsided at Bukit Timah Rd (between Clementi Rd and Blackmore Dr). Issued 1739 hours.,20/4/2025,Bukit Timah Rd (between Clementi Rd and Blackmore Dr),flood_subsided,clementi Road,blackmore Drive,Bukit Timah Road,Bukit Timah Road (clementi Road to blackmore Drive),1.3268641,103.7757811,599477,6,152,36537,1.3268641,103.7757811,,,,,1.3356733,103.7836073,599987,6,98,23267,36537,10,151,36537,10,151,23267,6,98,,,,,,
257,"[FLASH FLOOD OCCURRED]

Flash flood at Coronation Walk. Please avoid the area. PUB officers have been deployed to render assistance. Issued 1735 hours.",20/4/2025,Coronation Walk,flash_flood,Coronation Walk,,,Coronation Walk,1.3239188,103.8095468,269212,6,148,30847,1.3239188,103.8095468,1.3243465,103.8098373,1.323176147,103.809034,,,,0,0,0,20438,6,133,20438,6,133,,,,13985,6,148,20438,6,133
258,"[Risk of Flash Floods]

Due to heavy rain, please avoid this location for the next 1 hour: Junction of Boon Lay Way and Corporation Rd [17:17 hours]",20/4/2025,Junction of Boon Lay Way and Corporation Rd,flash_flood_risk,boon lay way,corporation Road,,boon lay way and corporation Road,1.340203,103.7089227,642697,13,105,25822,1.340203,103.7089227,,,,,1.3308794,103.721094,619978,2,147,32257,23549,13,197,23549,13,197,32257,13,208,,,,,,
259,Flash flood subsided at junction of Stevens Road and Balmoral Road. Issued 1740 hours.,20/4/2025,junction of Stevens Road and Balmoral Road,flood_subsided,stevens road,balmoral road,,stevens road and balmoral road,1.3178998,103.8258621,257892,48,134,11388,1.3178998,103.8258621,,,,,1.3165606,103.8342843,259811,44,125,2919,11388,48,134,11388,48,134,2919,44,125,,,,,,
260,Flash flood subsided at Coronation Walk. Issued 1810 hours.,20/4/2025,Coronation Walk,flood_subsided,Coronation Walk,,,Coronation Walk,1.3239188,103.8095468,269212,6,148,30847,1.3239188,103.8095468,1.3243465,103.8098373,1.323176147,103.809034,,,,0,0,0,20438,6,133,20438,6,133,,,,13985,6,148,20438,6,133
261,Flash flood subsided at Kings Rd (between Prince Rd and Lutheran Rd). Issued 1820 hours.,20/4/2025,Kings Rd (between Prince Rd and Lutheran Rd),flood_subsided,prince Road,lutheran Road,Kings Road,Kings Road (prince Road to lutheran Road),1.3209988,103.8095728,266748,6,148,1968,1.3209988,103.8095728,,,,,1.3220164,103.8098766,268070,6,148,20441,1968,6,133,1968,6,133,1966,6,133,,,,,,
262,"[FLASH FLOOD OCCURRED]

Flash flood at Junction of Stevens Road and Balmoral Road. Please avoid the area. PUB officers have been deployed to render assistance. Issued 1720 hours.",20/4/2025,Junction of Stevens Road and Balmoral Road,flash_flood,stevens road,balmoral road,,stevens road and balmoral road,1.3178998,103.8258621,257892,48,134,11388,1.3178998,103.8258621,,,,,1.3165606,103.8342843,259811,44,125,2919,11388,48,134,11388,48,134,2919,44,125,,,,,,
263,"[Risk of Flash Floods]

Due to heavy rain, please avoid this location for the next 1 hour: KG Java Rd (Newton Circus to CTE) [17:15 hours]",20/4/2025,KG Java Rd (Newton Circus to CTE),flash_flood_risk,newton circus,Central Expressway,Kampong Java Road,Kampong Java Road (newton circus to Central Expressway),1.312812,103.8390316,228234,44,108,928,1.312881449,103.8390955,,,,,1.321741,103.856535,320095,22,174,14313,928,44,108,928,44,108,14313,22,174,,,,,,
264,"[Risk of Flash Floods]

Due to heavy rain, please avoid this location for the next 1 hour: Cambridge Rd;
Carlisle Rd; [17:12 hours]",20/4/2025,"Cambridge Rd;
Carlisle Rd;",flash_flood_risk,Cambridge Road Carlisle Road,,,Cambridge Road Carlisle Road,1.313642,103.848075,219606,22,129,3478,1.313642074,103.8480749,1.3139885,103.8485057,1.3132997,103.8476412,,,,0,0,0,3478,22,129,3478,22,129,,,,3474,22,129,3475,22,129
265,"[FLASH FLOOD OCCURRED]  

Flash flood at Bt Timah Rd (between Clementi Rd and Blackmore Dr). Please avoid the area. PUB officers have been deployed to render assistance. Issued 17:05 hours.",20/4/2025,Bt Timah Rd (between Clementi Rd and Blackmore Dr),flash_flood,clementi Road,blackmore Drive,Bukit Timah Road,Bukit Timah Road (clementi Road to blackmore Drive),1.3268641,103.7757811,599477,6,152,36537,1.3268641,103.7757811,,,,,1.3356733,103.7836073,599987,6,98,23267,36537,10,151,36537,10,151,23267,6,98,,,,,,
266,"[Risk of Flash Floods]

Due to heavy rain, please avoid this location for the next 1 hour: Orchard Rd (Paterson Rd to Mt Elizabeth) [17:13 hours]",20/4/2025,Orchard Rd (Paterson Rd to Mt Elizabeth),flash_flood_risk,paterson Road,mt elizabeth,Orchard Road,Orchard Road (paterson Road to mt elizabeth),1.3019737,103.8297013,238520,34,49,10981,1.3019737,103.8297013,,,,,1.3048854,103.8358774,229920,44,56,6948,10981,34,49,10981,34,49,6948,44,56,,,,,,
267,"[Risk of Flash Floods]

Due to heavy rain, please avoid this location for the next 1 hour: Junction of Sunset Dr and Sunset Way Rd [17:06 hours]",20/4/2025,Junction of Sunset Dr and Sunset Way Rd,flash_flood_risk,sunset Drive,sunset way Road,,sunset Drive and sunset way Road,1.3255969,103.7665223,597299,10,151,17622,1.3255969,103.7665223,,,,,1.3139784,103.8871279,389509,53,301,2178,17622,10,151,17622,10,151,2178,53,301,,,,,,
268,"[Risk of Flash Floods]

Due to heavy rain, please avoid this location for the next 1 hour: Thomson Rd (Balestier Rd to Novena Rise) [17:02 hours]",20/4/2025,Thomson Rd (Balestier Rd to Novena Rise),flash_flood_risk,balestier Road,novena rise,Thomson Road,Thomson Road (balestier Road to novena rise),1.3265878,103.8430003,329900,25,175,26155,1.3265878,103.8430003,,,,,1.3242731,103.8429008,307516,25,175,26059,26155,29,96,26155,29,96,26059,25,140,,,,,,
269,"[Risk of Flash Floods]

Due to heavy rain, please avoid this location for the next 1 hour: Junction of Toa Payoh Lor 1 and Toa Payoh Lor 2
 [17:00 hours]",20/4/2025,Junction of Toa Payoh Lor 1 and Toa Payoh Lor 2,flash_flood_risk,toa payoh Lorong 1,toa payoh Lorong 2,,toa payoh Lorong 1 and toa payoh Lorong 2,1.33961615,103.8533722,310001,29,194,36389,1.340002996,103.8536012,,,,,1.33252575,103.8473865,310157,29,96,13883,36389,29,194,36389,29,194,13883,29,96,,,,,,
270,"[Risk of Flash Floods]

Due to heavy rain, please avoid this location for the next 1 hour: Junction of Lor Kismis and Toh Tuck Rise [17:00 hours]",20/4/2025,Junction of Lor Kismis and Toh Tuck Rise,flash_flood_risk,Lorong kismis,toh tuck rise,,Lorong kismis and toh tuck rise,1.3380857,103.7704357,596490,6,152,20966,1.3380857,103.7704357,,,,,1.3366283,103.7645733,598098,6,152,22761,20966,6,152,20966,6,152,21161,6,152,,,,,,
271,"[Risk of Flash Floods]

Due to heavy rain, please avoid this location for the next 1 hour: Eng Kong Pl (Greenridge Cres to Eng Kong Gdn) [16:56 hours]",20/4/2025,Eng Kong Pl (Greenridge Cres to Eng Kong Gdn),flash_flood_risk,greenridge Crescent,eng kong gdn,Eng Kong Place,Eng Kong Place (greenridge Crescent to eng kong gdn),1.3336062,103.7662483,598909,6,152,21125,1.3336062,103.7662483,,,,,1.33712705,103.7690427,596463,6,152,33677,21125,6,152,21125,6,152,33677,6,152,,,,,,
272,"[Risk of Flash Floods]

Due to heavy rain, please avoid this location for the next 1 hour: Upp Paya Lebar Service Rd (Lim Teck Boo Rd to Rochdale Rd);
Jln Lokam (near Upp Paya Lebar Rd);
Thrift Dr (near Jln Usaha); [16:48 hours]",20/4/2025,"Upp Paya Lebar Service Rd (Lim Teck Boo Rd to Rochdale Rd);
Jln Lokam (near Upp Paya Lebar Rd);
Thrift Dr (near Jln Usaha);",flash_flood_risk,lim teck boo Road,rochdale Road,Upper Paya Lebar Service Road,Upper Paya Lebar Service Road (lim teck boo Road to rochdale Road),1.3422987,103.8844939,534878,11,202,33344,1.3422987,103.8844939,,,,,1.3433183,103.8835973,535823,11,202,18534,17903,11,202,17903,11,202,17911,11,202,,,,,,
273,"[Risk of Flash Floods]

Due to heavy rain, please avoid this location for the next 1 hour: KPE(ECP) after Buangkok East Dr Exit [16:36 hours]",20/4/2025,KPE(ECP) after Buangkok East Dr Exit,flash_flood_risk,Kallang-Paya Lebar Expressway East Coast Parkway after Buangkok East Drive Slip,,,Kallang-Paya Lebar Expressway East Coast Parkway after Buangkok East Drive Slip,1.375612,103.91004,535191,54,229,38170,1.375612002,103.9100401,1.376445975,103.9097362,1.374746598,103.9098062,,,,0,0,0,38170,54,229,38170,54,229,,,,38170,54,229,38170,54,229
274,"[Risk of Flash Floods]

Due to heavy rain, please avoid this location for the next 1 hour: Junction of Stevens Rd and Balmoral Rd [17:14 hours]",20/4/2025,Junction of Stevens Rd and Balmoral Rd,flash_flood_risk,stevens Road,balmoral Road,,stevens Road and balmoral Road,1.3178998,103.8258621,257892,48,134,11388,1.3178998,103.8258621,,,,,1.3165606,103.8342843,259811,44,125,2919,11388,48,134,11388,48,134,2919,44,125,,,,,,
275,"[Risk of Flash Floods]

Due to heavy rain, please avoid this location for the next 1 hour: Hillcrest Rd (Watten Rise to Dunearn Rd) [17:02 hours]",20/4/2025,Hillcrest Rd (Watten Rise to Dunearn Rd),flash_flood_risk,watten rise,dunearn Road,Hillcrest Road,Hillcrest Road (watten rise to dunearn Road),1.3285739,103.8094744,287367,6,191,34688,1.3285739,103.8094744,,,,,1.332195,103.7947496,279886,6,153,24035,19435,6,191,19435,6,191,24035,6,153,,,,,,
276,Flash flood subsided at Yishun Avenue 7 (near intersection of Yishun St 22). Issued 1555 hours.,21/4/2025,Yishun Avenue 7 (near intersection of Yishun St 22),flood_subsided,Yishun Avenue 7 near intersection of Yishun Street 22,,,Yishun Avenue 7 near intersection of Yishun Street 22,1.366923,103.801292,678278,7,294,23594,1.3741884,103.8114183,1.3741884,103.8114183,1.375052226,103.8111528,,,,0,0,0,15317,7,294,15317,7,294,,,,15317,7,294,15317,7,294
277,"[FLASH FLOOD OCCURRED]  

Flash flood at Yishun Ave 7 (near intersection of Yishun St 22). Please avoid the area. PUB officers have been deployed to render assistance. Issued 15:30 hours.",21/4/2025,Yishun Ave 7 (near intersection of Yishun St 22),flash_flood,Yishun Avenue 7 near intersection of Yishun Street 22,,,Yishun Avenue 7 near intersection of Yishun Street 22,1.366923,103.801292,678278,7,294,23594,1.3741884,103.8114183,1.3741884,103.8114183,1.375052226,103.8111528,,,,0,0,0,15317,7,294,15317,7,294,,,,15317,7,294,15317,7,294
278,"[Risk of Flash Floods]

Due to heavy rain, please avoid this location for the next 1 hour: Yishun Ave 7 (near intersection of Yishun St 22) [15:18 hours]",21/4/2025,Yishun Ave 7 (near intersection of Yishun St 22),flash_flood_risk,Yishun Avenue 7 near intersection of Yishun Street 22,,,Yishun Avenue 7 near intersection of Yishun Street 22,1.366923,103.801292,678278,7,294,23594,1.3741884,103.8114183,1.3741884,103.8114183,1.375052226,103.8111528,,,,0,0,0,15317,7,294,15317,7,294,,,,15317,7,294,15317,7,294
279,"[Risk of Flash Floods] 

Due to heavy rain, please avoid this location for the next 1 hour: Riverside Road (near Junction of Riverside Road and Admiralty Road) [Issued 14:40 hours]",26/4/2025,Riverside Road (near Junction of Riverside Road and Admiralty Road),flash_flood_risk,junction of riverside road,admiralty road,Riverside Road,Riverside Road (junction of riverside road and admiralty road),1.366923,103.801292,678278,7,294,23594,1.3741884,103.8114183,,,,,1.4418389,103.775189,739297,33,322,15066,15317,7,294,15317,7,294,15066,33,322,,,,,,
280,"[Risk of Flash Floods]

Due to heavy rain, please avoid this location for the next 1 hour: Choa Chu Kang Ave 1 (towards Choa Chu Kang Way, Choa Chu kang Dr to Teck Whye Lane) [17:47 hours]",29/4/2025,"Choa Chu Kang Ave 1 (towards Choa Chu Kang Way, Choa Chu kang Dr to Teck Whye Lane)",flash_flood_risk,"towards choa chu kang way, choa chu kang Drive",teck whye lane,Choa Chu Kang Avenue 1,"Choa Chu Kang Avenue 1 (towards choa chu kang way, choa chu kang Drive to teck whye lane)",1.397513,103.747745,680637,9,241,30320,1.397513102,103.7477446,,,,,1.3769504,103.7547497,680102,9,244,32142,30320,9,241,30320,9,241,14457,9,244,,,,,,
281,"[Risk of Flash Floods]

Due to heavy rain, please avoid this location for the next 1 hour: KJE Slip Rd (KJE to Woodlands Rd, towards Senja Way) [17:48 hours]",29/4/2025,"KJE Slip Rd (KJE to Woodlands Rd, towards Senja Way)",flash_flood_risk,Kranji Expressway Slip Road Kranji Expressway to Woodlands Road,Senja Way,,Kranji Expressway Slip Road Kranji Expressway to Woodlands Road to Senja Way,1.366923,103.801292,678278,7,294,23594,1.3741884,103.8114183,,,,,1.3838523,103.7589849,672632,5,247,27284,15317,7,294,15317,7,294,27284,5,247,,,,,,
282,"[Risk of Flash Floods]

Due to heavy rain, please avoid this location for the next 1 hour: Junction of Toa Payoh Lor 1 and Toa Payoh Lor 2
 [17:15 hours]",30/4/2025,Junction of Toa Payoh Lor 1 and Toa Payoh Lor 2,flash_flood_risk,toa payoh Lorong 1,toa payoh Lorong 2,,toa payoh Lorong 1 and toa payoh Lorong 2,1.33961615,103.8533722,310001,29,194,36389,1.340002996,103.8536012,,,,,1.33252575,103.8473865,310157,29,96,13883,36389,29,194,36389,29,194,13883,29,96,,,,,,
283,"[Risk of Flash Floods]

Due to heavy rain, please avoid this location for the next 1 hour: Junction of Toa Payoh Lor 1 and Toa Payoh Lor 2
 [15:52 hours]",1/5/2025,Junction of Toa Payoh Lor 1 and Toa Payoh Lor 2,flash_flood_risk,toa payoh Lorong 1,toa payoh Lorong 2,,toa payoh Lorong 1 and toa payoh Lorong 2,1.33961615,103.8533722,310001,29,194,36389,1.340002996,103.8536012,,,,,1.33252575,103.8473865,310157,29,96,13883,36389,29,194,36389,29,194,13883,29,96,,,,,,
284,"[Risk of Flash Floods]

Due to heavy rain, please avoid this location for the next 1 hour: Lor Gambir
 [16:08 hours]",1/5/2025,Lor Gambir,flash_flood_risk,Lorong Gambir,,,Lorong Gambir,1.3461999,103.8744676,536652,21,201,32787,1.3461999,103.8744676,1.3461314,103.8748379,1.345903,103.8741313,,,,0,0,0,22572,21,201,22572,21,201,,,,22572,21,201,22571,21,201
285,"[Risk of Flash Floods]

Due to heavy rain, please avoid this location for the next 1 hour: Upp Paya Lebar Service Rd (Lim Teck Boo Rd to Rochdale Rd);
Jln Lokam (near Upp Paya Lebar Rd);
Thrift Dr (near Jln Usaha); [08:12 hours]",3/5/2025,"Upp Paya Lebar Service Rd (Lim Teck Boo Rd to Rochdale Rd);
Jln Lokam (near Upp Paya Lebar Rd);
Thrift Dr (near Jln Usaha);",flash_flood_risk,lim teck boo Road,rochdale Road,Upper Paya Lebar Service Road,Upper Paya Lebar Service Road (lim teck boo Road to rochdale Road),1.3422987,103.8844939,534878,11,202,33344,1.3422987,103.8844939,,,,,1.3433183,103.8835973,535823,11,202,18534,17903,11,202,17903,11,202,17911,11,202,,,,,,
286,Flash flood subsided at King's Road (from Prince Road to Lutheran Road). Issued 1425 hours.,5/5/2025,King's Road (from Prince Road to Lutheran Road),flood_subsided,prince road,lutheran road,King s Road,King s Road (prince road to lutheran road),1.3209988,103.8095728,266748,6,148,1968,1.3209988,103.8095728,,,,,1.3220164,103.8098766,268070,6,148,20441,1968,6,133,1968,6,133,1966,6,133,,,,,,
287,Flash flood subsided at Woollerton Drive. Issued 1415 hours.,5/5/2025,Woollerton Drive,flood_subsided,Woollerton Drive,,,Woollerton Drive,1.3174547,103.8099872,257555,48,139,3787,1.3174547,103.8099872,1.3174547,103.8099872,1.316662345,103.8095542,,,,0,0,0,2903,48,139,2903,48,139,,,,2903,48,139,3787,48,139
288,"[FLASH FLOOD OCCURRED]  

Flash flood at Woollerton Drive. Please avoid the area. PUB officers have been deployed to render assistance. Issued 1405 hours.",5/5/2025,Woollerton Drive,flash_flood,Woollerton Drive,,,Woollerton Drive,1.3174547,103.8099872,257555,48,139,3787,1.3174547,103.8099872,1.3174547,103.8099872,1.316662345,103.8095542,,,,0,0,0,2903,48,139,2903,48,139,,,,2903,48,139,3787,48,139
289,"[FLASH FLOOD OCCURRED]  

Flash flood at King's Road (from Prince Road to Lutheran Road). Please avoid the area. PUB officers have been deployed to render assistance. Issued 1400 hours.",5/5/2025,King's Road (from Prince Road to Lutheran Road),flash_flood,prince road,lutheran road,King s Road,King s Road (prince road to lutheran road),1.3209988,103.8095728,266748,6,148,1968,1.3209988,103.8095728,,,,,1.3220164,103.8098766,268070,6,148,20441,1968,6,133,1968,6,133,1966,6,133,,,,,,
290,"[Risk of Flash Floods]

Due to heavy rain, please avoid this location for the next 1 hour: Woollerton Drive [Issued 13:58 hours]",5/5/2025,Woollerton Drive,flash_flood_risk,Woollerton Drive,,,Woollerton Drive,1.3174547,103.8099872,257555,48,139,3787,1.3174547,103.8099872,1.3174547,103.8099872,1.316662345,103.8095542,,,,0,0,0,2903,48,139,2903,48,139,,,,2903,48,139,3787,48,139
291,"[Risk of Flash Floods]

Due to heavy rain, please avoid this location for the next 1 hour: Queen's Rd [13:56 hours]",5/5/2025,Queen's Rd,flash_flood_risk,Queen s Road,,,Queen s Road,1.3217094,103.8102837,267746,6,148,16556,1.3217094,103.8102837,1.3216654,103.8102445,1.32237388,103.8108932,,,,0,0,0,13978,6,133,13978,6,133,,,,1959,6,133,16556,6,133
292,"[Risk of Flash Floods]

Due to heavy rain, please avoid this location for the next 1 hour: Kings Road (from Prince Road to Lutheran Rd) [Issued 13:20 hours]",5/5/2025,Kings Road (from Prince Road to Lutheran Rd),flash_flood_risk,prince road,lutheran Road,Kings Road,Kings Road (prince road to lutheran Road),1.3209988,103.8095728,266748,6,148,1968,1.3209988,103.8095728,,,,,1.3220164,103.8098766,268070,6,148,20441,1968,6,133,1968,6,133,1966,6,133,,,,,,
293,"[Risk of Flash Floods]

Due to heavy rain, please avoid this location for the next 1 hour: Margaret Drive [Issued 13:12 hours]",5/5/2025,Margaret Drive,flash_flood_risk,Margaret Drive,,,Margaret Drive,1.3001247,103.8030061,149312,17,86,1682,1.3001247,103.8030061,1.2997655,103.8034002,1.300772753,103.80238,,,,0,0,0,1682,17,53,1682,17,53,,,,1682,17,53,1682,17,53
294,"[Risk of Flash Floods] 

Due to heavy rain, please avoid this location for the next 1 hour: Jln Boon Lay (Enterprise Rd to International Rd) [Issued 07:30 hours]",7/5/2025,Jln Boon Lay (Enterprise Rd to International Rd),flash_flood_risk,enterprise Road,international Road,Jalan Boon Lay,Jalan Boon Lay (enterprise Road to international Road),1.3333182,103.7026361,627667,13,105,15789,1.3333182,103.7026361,,,,,1.3303924,103.716687,618680,13,193,15739,15789,13,105,15789,13,105,15735,13,193,,,,,,
295,"[Risk of Flash Floods]

Due to heavy rain, please avoid this location for the next 1 hour: Lor H Telok Kurau (cul-de-sac);
Joo Chiat Ave(cul-de-sac) [04:18 hours]",10/5/2025,"Lor H Telok Kurau (cul-de-sac);
Joo Chiat Ave(cul-de-sac)",flash_flood_risk,Lorong H Telok Kurau cul-de-sac Joo Chiat Avenue cul-de-sac,,,Lorong H Telok Kurau cul-de-sac Joo Chiat Avenue cul-de-sac,1.366923,103.801292,678278,7,294,23594,1.3741884,103.8114183,1.3741884,103.8114183,1.375052226,103.8111528,,,,0,0,0,15317,7,294,15317,7,294,,,,15317,7,294,15317,7,294
296,"[Risk of Flash Floods]

Due to heavy rain, please avoid this location for the next 1 hour: KG Java Rd (Newton Circus to CTE) [04:08 hours]",10/5/2025,KG Java Rd (Newton Circus to CTE),flash_flood_risk,newton circus,Central Expressway,Kampong Java Road,Kampong Java Road (newton circus to Central Expressway),1.312812,103.8390316,228234,44,108,928,1.312881449,103.8390955,,,,,1.321741,103.856535,320095,22,174,14313,928,44,108,928,44,108,14313,22,174,,,,,,
297,"[Risk of Flash Floods]

Due to heavy rain, please avoid this location for the next 1 hour: East Coast Rd [04:07 hours]",10/5/2025,East Coast Rd,flash_flood_risk,East Coast Road,,,East Coast Road,1.3065136,103.9057043,428877,39,72,44542,1.3065136,103.9057043,1.306001377,103.9049638,1.3065136,103.9057043,,,,0,0,0,44542,39,72,44542,39,72,,,,44542,39,72,44542,39,72
298,"[Risk of Flash Floods]

Due to heavy rain, please avoid this location for the next 1 hour: Puay Hee Ave (near Siak Kew Ave);
 [04:04 hours]",10/5/2025,Puay Hee Ave (near Siak Kew Ave);,flash_flood_risk,Puay Hee Avenue near Siak Kew Avenue,,,Puay Hee Avenue near Siak Kew Avenue,1.330209,103.871778,348072,29,100,22419,1.330208956,103.871778,1.3300113,103.8711806,1.330501129,103.8726284,,,,0,0,0,22419,29,100,22398,29,100,,,,22361,29,100,22398,29,100
299,"[Risk of Flash Floods]

Due to heavy rain, please avoid this location for the next 1 hour: Cambridge Rd;
Carlisle Rd; [04:03 hours]",10/5/2025,"Cambridge Rd;
Carlisle Rd;",flash_flood_risk,Cambridge Road Carlisle Road,,,Cambridge Road Carlisle Road,1.313642,103.848075,219606,22,129,3478,1.313642074,103.8480749,1.3139885,103.8485057,1.3132997,103.8476412,,,,0,0,0,3478,22,129,3478,22,129,,,,3474,22,129,3475,22,129
300,"[Risk of Flash Floods]

Due to heavy rain, please avoid this location for the next 1 hour: Orchard Rd (Paterson Rd to Mt Elizabeth) [03:59 hours]",10/5/2025,Orchard Rd (Paterson Rd to Mt Elizabeth),flash_flood_risk,paterson Road,mt elizabeth,Orchard Road,Orchard Road (paterson Road to mt elizabeth),1.3019737,103.8297013,238520,34,49,10981,1.3019737,103.8297013,,,,,1.3048854,103.8358774,229920,44,56,6948,10981,34,49,10981,34,49,6948,44,56,,,,,,
301,"[Risk of Flash Floods]

Due to heavy rain, please avoid this location for the next 1 hour: Mountbatten Rd leading to Jln Seaview [04:10 hours]",10/5/2025,Mountbatten Rd leading to Jln Seaview,flash_flood_risk,Mountbatten Road,Jalan Seaview,,Mountbatten Road to Jalan Seaview,1.3028098,103.8996285,439970,39,72,3423,1.3028098,103.8996285,,,,,1.3008882,103.896421,438386,39,300,7880,3423,39,72,3423,39,72,2226,39,300,,,,,,
302,"[Risk of Flash Floods]

Due to heavy rain, please avoid this location for the next 1 hour: Junction of Toa Payoh Lor 1 and Toa Payoh Lor 2
 [03:56 hours]",10/5/2025,Junction of Toa Payoh Lor 1 and Toa Payoh Lor 2,flash_flood_risk,toa payoh Lorong 1,toa payoh Lorong 2,,toa payoh Lorong 1 and toa payoh Lorong 2,1.33961615,103.8533722,310001,29,194,36389,1.340002996,103.8536012,,,,,1.33252575,103.8473865,310157,29,96,13883,36389,29,194,36389,29,194,13883,29,96,,,,,,
303,"[Risk of Flash Floods]

Due to heavy rain, please avoid this location for the next 1 hour: Aljunied Rd under PIE Flyover [03:56 hours]",10/5/2025,Aljunied Rd under PIE Flyover,flash_flood_risk,Aljunied Road under Pan Island Expressway Flyover,,,Aljunied Road under Pan Island Expressway Flyover,1.366923,103.801292,678278,7,294,23594,1.3741884,103.8114183,1.3741884,103.8114183,1.375052226,103.8111528,,,,0,0,0,15317,7,294,15317,7,294,,,,15317,7,294,15317,7,294
304,"[Risk of Flash Floods]

Due to heavy rain, please avoid this location for the next 1 hour: Lor Gambir
 [03:54 hours]",10/5/2025,Lor Gambir,flash_flood_risk,Lorong Gambir,,,Lorong Gambir,1.3461999,103.8744676,536652,21,201,32787,1.3461999,103.8744676,1.3461314,103.8748379,1.345903,103.8741313,,,,0,0,0,22572,21,201,22572,21,201,,,,22572,21,201,22571,21,201
305,"[Risk of Flash Floods]

Due to heavy rain, please avoid this location for the next 1 hour: Junction of Neo Pee Teck Lane and Pasir Panjang Rd [03:51 hours]",10/5/2025,Junction of Neo Pee Teck Lane and Pasir Panjang Rd,flash_flood_risk,neo pee teck lane,pasir panjang Road,,neo pee teck lane and pasir panjang Road,1.2920468,103.7685915,118759,17,25,4546,1.2920468,103.7685915,,,,,1.2784095,103.7859948,118135,17,44,10564,4540,17,51,4540,17,51,10124,17,44,,,,,,
306,"[Risk of Flash Floods]

Due to heavy rain, please avoid this location for the next 1 hour: Thomson Rd (Balestier Rd to Novena Rise) [03:50 hours]",10/5/2025,Thomson Rd (Balestier Rd to Novena Rise),flash_flood_risk,balestier Road,novena rise,Thomson Road,Thomson Road (balestier Road to novena rise),1.3265878,103.8430003,329900,25,175,26155,1.3265878,103.8430003,,,,,1.3242731,103.8429008,307516,25,175,26059,26155,29,96,26155,29,96,26059,25,140,,,,,,
307,"[Risk of Flash Floods]

Due to heavy rain, please avoid this location for the next 1 hour: Jln Boon Lay (Enterprise Rd to International Rd) [03:43 hours]",10/5/2025,Jln Boon Lay (Enterprise Rd to International Rd),flash_flood_risk,enterprise Road,international Road,Jalan Boon Lay,Jalan Boon Lay (enterprise Road to international Road),1.3333182,103.7026361,627667,13,105,15789,1.3333182,103.7026361,,,,,1.3303924,103.716687,618680,13,193,15739,15789,13,105,15789,13,105,15735,13,193,,,,,,
308,"[Risk of Flash Floods]

Due to heavy rain, please avoid this location for the next 1 hour: Lor Gambir
 [03:42 hours]",10/5/2025,Lor Gambir,flash_flood_risk,Lorong Gambir,,,Lorong Gambir,1.3461999,103.8744676,536652,21,201,32787,1.3461999,103.8744676,1.3461314,103.8748379,1.345903,103.8741313,,,,0,0,0,22572,21,201,22572,21,201,,,,22572,21,201,22571,21,201
309,"[Risk of Flash Floods]

Due to heavy rain, please avoid this location for the next 1 hour: Queen's Rd [03:57 hours]",10/5/2025,Queen's Rd,flash_flood_risk,Queen s Road,,,Queen s Road,1.3217094,103.8102837,267746,6,148,16556,1.3217094,103.8102837,1.3216654,103.8102445,1.32237388,103.8108932,,,,0,0,0,13978,6,133,13978,6,133,,,,1959,6,133,16556,6,133
310,"[Risk of Flash Floods]

Due to heavy rain, please avoid this location for the next 1 hour: Jln Boon Lay (Enterprise Rd to International Rd) [11:29 hours]",18/5/2025,Jln Boon Lay (Enterprise Rd to International Rd),flash_flood_risk,enterprise Road,international Road,Jalan Boon Lay,Jalan Boon Lay (enterprise Road to international Road),1.3333182,103.7026361,627667,13,105,15789,1.3333182,103.7026361,,,,,1.3303924,103.716687,618680,13,193,15739,15789,13,105,15789,13,105,15735,13,193,,,,,,
311,"[Risk of Flash Floods]

Due to heavy rain, please avoid this location for the next 1 hour: Dunearn Rd (Yarwood Ave to Binjai Pk) [12:15 hours]",18/5/2025,Dunearn Rd (Yarwood Ave to Binjai Pk),flash_flood_risk,yarwood Avenue,binjai Park,Dunearn Road,Dunearn Road (yarwood Avenue to binjai Park),1.3375703,103.7839724,588035,6,153,25049,1.3375703,103.7839724,,,,,1.3404925,103.787472,589871,6,153,25614,25049,6,153,25049,6,153,24024,6,153,,,,,,
312,"[Risk of Flash Floods]

Due to heavy rain, please avoid this location for the next 1 hour: Craig Rd (Duxton Rd to TG Pagar Rd) [03:46 hours]",7/6/2025,Craig Rd (Duxton Rd to TG Pagar Rd),flash_flood_risk,duxton Road,tg pagar Road,Craig Road,Craig Road (duxton Road to tg pagar Road),1.2775364,103.8429301,89667,46,3,9789,1.2775364,103.8429301,,,,,1.278193,103.843765,88474,46,3,10016,9789,46,3,9789,46,3,10016,46,3,,,,,,
313,"[Risk of Flash Floods]

Due to heavy rain, please avoid this location for the next 1 hour: Lor Gambir
 [03:55 hours]",7/6/2025,Lor Gambir,flash_flood_risk,Lorong Gambir,,,Lorong Gambir,1.3461999,103.8744676,536652,21,201,32787,1.3461999,103.8744676,1.3461314,103.8748379,1.345903,103.8741313,,,,0,0,0,22572,21,201,22572,21,201,,,,22572,21,201,22571,21,201
314,"[Risk of Flash Floods]

Due to heavy rain, please avoid this location for the next 1 hour: Rowell Rd;
Syed Alwi Rd;
Jln Besar Rd (Veerasamy Rd to Kitchener Rd);
Veerasamy Rd;
Kg Kapor Rd (Hindoo Rd to Kitchener Rd); [03:56 hours]",7/6/2025,"Rowell Rd;
Syed Alwi Rd;
Jln Besar Rd (Veerasamy Rd to Kitchener Rd);
Veerasamy Rd;
Kg Kapor Rd (Hindoo Rd to Kitchener Rd);",flash_flood_risk,veerasamy Road,kitchener Road,Rowell Road Syed Alwi Road Jalan Besar Road,Rowell Road Syed Alwi Road Jalan Besar Road (veerasamy Road to kitchener Road),1.3069003,103.8551773,200637,35,75,11379,1.3069003,103.8551773,,,,,1.3099242,103.8571424,208524,22,117,483,11379,35,75,11379,35,75,483,22,117,,,,,,
315,"[Risk of Flash Floods]

Due to heavy rain, please avoid this location for the next 1 hour: Upp Paya Lebar Service Rd (Lim Teck Boo Rd to Rochdale Rd);
Jln Lokam (near Upp Paya Lebar Rd);
Thrift Dr (near Jln Usaha); [04:00 hours]",7/6/2025,"Upp Paya Lebar Service Rd (Lim Teck Boo Rd to Rochdale Rd);
Jln Lokam (near Upp Paya Lebar Rd);
Thrift Dr (near Jln Usaha);",flash_flood_risk,lim teck boo Road,rochdale Road,Upper Paya Lebar Service Road,Upper Paya Lebar Service Road (lim teck boo Road to rochdale Road),1.3422987,103.8844939,534878,11,202,33344,1.3422987,103.8844939,,,,,1.3433183,103.8835973,535823,11,202,18534,17903,11,202,17903,11,202,17911,11,202,,,,,,
316,"[Risk of Flash Floods]

Due to heavy rain, please avoid this location for the next 1 hour: Jln Pokok Serunai [04:09 hours]",7/6/2025,Jln Pokok Serunai,flash_flood_risk,Jalan Pokok Serunai,,,Jalan Pokok Serunai,1.3143531,103.9363658,466433,1,136,44168,1.3143531,103.9363658,1.313468103,103.9365508,1.3144068,103.9363546,,,,0,0,0,44168,1,157,44168,1,157,,,,44168,1,157,43614,1,157
317,"[Risk of Flash Floods] 

Due to heavy rain, please avoid this location for the next 1 hour: Riverside Road (near Junction of Riverside Road and Admiralty Road).",28/6/2025,Riverside Road (near Junction of Riverside Road and Admiralty Road).,flash_flood_risk,junction of riverside road,admiralty road,Riverside Road,Riverside Road (junction of riverside road and admiralty road),1.366923,103.801292,678278,7,294,23594,1.3741884,103.8114183,,,,,1.4418389,103.775189,739297,33,322,15066,15317,7,294,15317,7,294,15066,33,322,,,,,,
318,"[Risk of Flash Floods]

Due to heavy rain, please avoid this location for the next 1 hour: Jln Pokok Serunai [17:51 hours]",4/7/2025,Jln Pokok Serunai,flash_flood_risk,Jalan Pokok Serunai,,,Jalan Pokok Serunai,1.3143531,103.9363658,466433,1,136,44168,1.3143531,103.9363658,1.313468103,103.9365508,1.3144068,103.9363546,,,,0,0,0,44168,1,157,44168,1,157,,,,44168,1,157,43614,1,157
319,"[Risk of Flash Floods]

Due to heavy rain, please avoid this location for the next 1 hour: Lor Gambir
 [17:23 hours]",4/7/2025,Lor Gambir,flash_flood_risk,Lorong Gambir,,,Lorong Gambir,1.3461999,103.8744676,536652,21,201,32787,1.3461999,103.8744676,1.3461314,103.8748379,1.345903,103.8741313,,,,0,0,0,22572,21,201,22572,21,201,,,,22572,21,201,22571,21,201
320,"[Risk of Flash Floods]

Due to heavy rain, please avoid this location for the next 1 hour: Lor Gambir
 [17:51 hours]",4/7/2025,Lor Gambir,flash_flood_risk,Lorong Gambir,,,Lorong Gambir,1.3461999,103.8744676,536652,21,201,32787,1.3461999,103.8744676,1.3461314,103.8748379,1.345903,103.8741313,,,,0,0,0,22572,21,201,22572,21,201,,,,22572,21,201,22571,21,201
321,"[Risk of Flash Floods]

Due to heavy rain, please avoid this location for the next 1 hour:   Dunearn Road (between Yarwood Ave and Binjai Park)[Issued 08:13hours]",9/7/2025,Dunearn Road (between Yarwood Ave and Binjai Park)[Issued 08:13hours],flash_flood_risk,yarwood Avenue,binjai park,Dunearn Road,Dunearn Road (yarwood Avenue to binjai park),1.3375703,103.7839724,588035,6,153,25049,1.3375703,103.7839724,,,,,1.3404925,103.787472,589871,6,153,25614,25049,6,153,25049,6,153,24024,6,153,,,,,,
322,"[Risk of Flash Floods]

Due to heavy rain, please avoid this location for the next 1 hour: Craig Rd (Duxton Rd to TG Pagar Rd) [11:20 hours]",21/7/2025,Craig Rd (Duxton Rd to TG Pagar Rd),flash_flood_risk,duxton Road,tg pagar Road,Craig Road,Craig Road (duxton Road to tg pagar Road),1.2775364,103.8429301,89667,46,3,9789,1.2775364,103.8429301,,,,,1.278193,103.843765,88474,46,3,10016,9789,46,3,9789,46,3,10016,46,3,,,,,,
323,"[Risk of Flash Floods]

Due to heavy rain, please avoid this location for the next 1 hour: Lor Gambir
 [11:30 hours]",21/7/2025,Lor Gambir,flash_flood_risk,Lorong Gambir,,,Lorong Gambir,1.3461999,103.8744676,536652,21,201,32787,1.3461999,103.8744676,1.3461314,103.8748379,1.345903,103.8741313,,,,0,0,0,22572,21,201,22572,21,201,,,,22572,21,201,22571,21,201
324,"[Risk of Flash Floods]

Due to heavy rain, please avoid this location for the next 1 hour: Upp Paya Lebar Service Rd (Lim Teck Boo Rd to Rochdale Rd);
Jln Lokam (near Upp Paya Lebar Rd);
Thrift Dr (near Jln Usaha); [11:38 hours]",21/7/2025,"Upp Paya Lebar Service Rd (Lim Teck Boo Rd to Rochdale Rd);
Jln Lokam (near Upp Paya Lebar Rd);
Thrift Dr (near Jln Usaha);",flash_flood_risk,lim teck boo Road,rochdale Road,Upper Paya Lebar Service Road,Upper Paya Lebar Service Road (lim teck boo Road to rochdale Road),1.3422987,103.8844939,534878,11,202,33344,1.3422987,103.8844939,,,,,1.3433183,103.8835973,535823,11,202,18534,17903,11,202,17903,11,202,17911,11,202,,,,,,
325,"[Risk of Flash Floods]

Due to heavy rain, please avoid this location for the next 1 hour: Jln Pokok Serunai [12:00 hours]",21/7/2025,Jln Pokok Serunai,flash_flood_risk,Jalan Pokok Serunai,,,Jalan Pokok Serunai,1.3143531,103.9363658,466433,1,136,44168,1.3143531,103.9363658,1.313468103,103.9365508,1.3144068,103.9363546,,,,0,0,0,44168,1,157,44168,1,157,,,,44168,1,157,43614,1,157
326,"[Risk of Flash Floods]

Due to heavy rain, please avoid this location for the next 1 hour: Jln Boon Lay (Enterprise Rd to International Rd) [07:39hours]",3/8/2025,Jln Boon Lay (Enterprise Rd to International Rd),flash_flood_risk,enterprise Road,international Road,Jalan Boon Lay,Jalan Boon Lay (enterprise Road to international Road),1.3333182,103.7026361,627667,13,105,15789,1.3333182,103.7026361,,,,,1.3303924,103.716687,618680,13,193,15739,15789,13,105,15789,13,105,15735,13,193,,,,,,
327,"[Risk of Flash Floods]

Due to heavy rain, please avoid this location for the next 1 hour: Mountbatten Rd leading to Jln Seaview [02:08 hours]",12/8/2025,Mountbatten Rd leading to Jln Seaview,flash_flood_risk,Mountbatten Road,Jalan Seaview,,Mountbatten Road to Jalan Seaview,1.3028098,103.8996285,439970,39,72,3423,1.3028098,103.8996285,,,,,1.3008882,103.896421,438386,39,300,7880,3423,39,72,3423,39,72,2226,39,300,,,,,,
328,"[Risk of Flash Floods]

Due to heavy rain, please avoid this location for the next 1 hour: Junction of TG Pagar Rd and Hoe Chiang Rd [01:48 hours]",12/8/2025,Junction of TG Pagar Rd and Hoe Chiang Rd,flash_flood_risk,tg pagar Road,hoe chiang Road,,tg pagar Road and hoe chiang Road,1.278193,103.843765,88474,46,3,10016,1.278194264,103.8437612,,,,,1.2740948,103.8423663,89314,40,33,9786,10016,46,3,10016,46,3,9786,40,33,,,,,,
329,"[Risk of Flash Floods]

Due to heavy rain, please avoid this location for the next 1 hour: Dunearn Rd (Yarwood Ave to Binjai Pk) [07:21 hours]",23/8/2025,Dunearn Rd (Yarwood Ave to Binjai Pk),flash_flood_risk,yarwood Avenue,binjai Park,Dunearn Road,Dunearn Road (yarwood Avenue to binjai Park),1.3375703,103.7839724,588035,6,153,25049,1.3375703,103.7839724,,,,,1.3404925,103.787472,589871,6,153,25614,25049,6,153,25049,6,153,24024,6,153,,,,,,
330,"[Risk of Flash Floods] 

Due to heavy rain, please avoid this location for the next 1 hour: Jurong Town Hall Road (towards PIE) before Jurong East Street 11 [Issued 07:43hours]",23/8/2025,Jurong Town Hall Road (towards PIE) before Jurong East Street 11,flash_flood_risk,Jurong Town Hall Road towards Pan Island Expressway,Jurong East Street 11,,Jurong Town Hall Road towards Pan Island Expressway to Jurong East Street 11,1.340929,103.971106,486059,47,154,37919,1.340928727,103.9711058,,,,,1.3299899,103.7457325,609930,12,146,27045,37919,47,154,37919,47,154,27045,12,146,,,,,,
331,"[FLASH FLOOD OCCURRED]  

Flash flood at Jurong Town Hall Road (towards PIE) before Jurong East Street 11. Please avoid the area. Issued 0749 hours.",23/8/2025,Jurong Town Hall Road (towards PIE) before Jurong East Street 11,flash_flood,Jurong Town Hall Road towards Pan Island Expressway,Jurong East Street 11,,Jurong Town Hall Road towards Pan Island Expressway to Jurong East Street 11,1.340929,103.971106,486059,47,154,37919,1.340928727,103.9711058,,,,,1.3299899,103.7457325,609930,12,146,27045,37919,47,154,37919,47,154,27045,12,146,,,,,,
332,Flash flood subsided at Jurong Town Hall Road (towards PIE) before Jurong East Street 11. Issued 0810 hours.,24/8/2025,Jurong Town Hall Road (towards PIE) before Jurong East Street 11,flood_subsided,Jurong Town Hall Road towards Pan Island Expressway,Jurong East Street 11,,Jurong Town Hall Road towards Pan Island Expressway to Jurong East Street 11,1.340929,103.971106,486059,47,154,37919,1.340928727,103.9711058,,,,,1.3299899,103.7457325,609930,12,146,27045,37919,47,154,37919,47,154,27045,12,146,,,,,,
333,"[Risk of Flash Floods]

Due to heavy rain, please avoid this location for the next 1 hour:   Dunearn Road (between Yarwood Ave and Binjai Park)[Issued 1347hours]",28/8/2025,Dunearn Road (between Yarwood Ave and Binjai Park)[Issued 1347hours],flash_flood_risk,yarwood Avenue,binjai park,Dunearn Road,Dunearn Road (yarwood Avenue to binjai park),1.3375703,103.7839724,588035,6,153,25049,1.3375703,103.7839724,,,,,1.3404925,103.787472,589871,6,153,25614,25049,6,153,25049,6,153,24024,6,153,,,,,,
334,"[Risk of Flash Floods]

Due to heavy rain, please avoid this location for the next 1 hour: Yishun Avenue 7 [09:13 hours]",5/9/2025,Yishun Avenue 7,flash_flood_risk,Yishun Avenue 7,,,Yishun Avenue 7,1.4380871,103.8326446,760175,55,316,32992,1.4380871,103.8326446,1.4380871,103.8326446,1.437762805,103.8318058,,,,0,0,0,23248,55,320,23248,55,320,,,,23248,55,320,32992,55,320
335,"[Risk of Flash Floods]

Due to heavy rain, please avoid this location for the next 1 hour: Junction of Yishun Ave 2 and Yishun Ave 5 [09:16 hours]",5/9/2025,Junction of Yishun Ave 2 and Yishun Ave 5,flash_flood_risk,yishun Avenue 2,yishun Avenue 5,,yishun Avenue 2 and yishun Avenue 5,1.4371108,103.8337382,760170,55,320,30729,1.4371108,103.8337382,,,,,1.4304259,103.8315094,760145,55,316,15461,30729,55,320,30729,55,320,15461,55,316,,,,,,
336,"[Risk of Flash Floods]

Due to heavy rain, please avoid this location for the next 1 hour: TPE (Punggol West Flyover) [09:28 hours]",5/9/2025,TPE (Punggol West Flyover),flash_flood_risk,Tampines Expressway Punggol West Flyover,,,Tampines Expressway Punggol West Flyover,1.379707,103.915978,533760,54,229,39450,1.379647513,103.9160082,1.379202481,103.9152268,1.380054282,103.9168107,,,,0,0,0,39450,20,231,39450,20,231,,,,39450,20,231,39450,20,231
