origin_id,subzone_name,planning_area,category,model,score
000001,DEPOT ROAD,BUKIT MERAH,community_spaces,2sfca,17.18006722240015
000002,BUKIT MERAH,BUKIT MERAH,community_spaces,2sfca,16.727526371119673
000003,CHINATOWN,OUTRAM,community_spaces,2sfca,8.42777524505653
000004,PHILLIP,DOWNTOWN CORE,community_spaces,2sfca,9.855668204321235
000005,RAFFLES PLACE,DOWNTOWN CORE,community_spaces,2sfca,8.937210606157647
000006,CHINA SQUARE,OUTRAM,community_spaces,2sfca,10.088701400743348
000007,TIONG BAHRU,BUKIT MERAH,community_spaces,2sfca,13.600635636826699
000008,BAYFRONT SUBZONE,DOWNTOWN CORE,community_spaces,2sfca,10.515741803810549
000009,TIONG BAHRU STATION,BUKIT MERAH,community_spaces,2sfca,16.080783962193923
000010,CLIFFORD PIER,DOWNTOWN CORE,community_spaces,2sfca,11.482364832442375
000011,MARINA SOUTH,MARINA SOUTH,community_spaces,2sfca,4.901617241300519
000012,NICOLL,DOWNTOWN CORE,community_spaces,2sfca,17.55851253364581
000013,MARINA EAST,MARINA EAST,community_spaces,2sfca,18.892664591120834
000014,INSTITUTION HILL,RIVER VALLEY,community_spaces,2sfca,12.293670936972275
000015,ROBERTSON QUAY,SINGAPORE RIVER,community_spaces,2sfca,11.15061884723689
000016,JURONG ISLAND AND BUKOM,WESTERN ISLANDS,community_spaces,2sfca,0.0
000017,FORT CANNING,MUSEUM,community_spaces,2sfca,12.68218641469228
000018,PEARL'S HILL,OUTRAM,community_spaces,2sfca,10.076786230691228
000019,BOAT QUAY,SINGAPORE RIVER,community_spaces,2sfca,11.538609301683486
000020,HENDERSON HILL,BUKIT MERAH,community_spaces,2sfca,16.840862789747202
000021,REDHILL,BUKIT MERAH,community_spaces,2sfca,17.695830852895863
000022,ALEXANDRA HILL,BUKIT MERAH,community_spaces,2sfca,16.641976310762217
000023,BUKIT HO SWEE,BUKIT MERAH,community_spaces,2sfca,14.444137337713897
000024,CLARKE QUAY,SINGAPORE RIVER,community_spaces,2sfca,11.443570988608458
000025,PASIR PANJANG 1,QUEENSTOWN,community_spaces,2sfca,23.33179896584914
000026,QUEENSWAY,QUEENSTOWN,community_spaces,2sfca,16.47760548546782
000027,MARINA EAST (MP),MARINE PARADE,community_spaces,2sfca,23.29249465017989
000028,SUDONG,WESTERN ISLANDS,community_spaces,2sfca,0.0
000029,SEMAKAU,WESTERN ISLANDS,community_spaces,2sfca,16.12382627878145
000030,SOUTHERN GROUP,SOUTHERN ISLANDS,community_spaces,2sfca,8.244823222269636
000031,SENTOSA,SOUTHERN ISLANDS,community_spaces,2sfca,8.244823222269636
000032,CITY TERMINALS,BUKIT MERAH,community_spaces,2sfca,12.576741555061394
000033,ANSON,DOWNTOWN CORE,community_spaces,2sfca,7.776446118599672
000034,STRAITS VIEW,STRAITS VIEW,community_spaces,2sfca,5.246722141545522
000035,MARITIME SQUARE,BUKIT MERAH,community_spaces,2sfca,15.037675749240938
000036,TELOK BLANGAH RISE,BUKIT MERAH,community_spaces,2sfca,13.77784250155256
000037,TANJONG PAGAR,DOWNTOWN CORE,community_spaces,2sfca,7.45362231812106
000038,EVERTON PARK,BUKIT MERAH,community_spaces,2sfca,7.879571032311476
000039,TELOK BLANGAH WAY,BUKIT MERAH,community_spaces,2sfca,13.89088321524532
000040,MAXWELL,DOWNTOWN CORE,community_spaces,2sfca,8.123457698875725
000041,CECIL,DOWNTOWN CORE,community_spaces,2sfca,8.10845709007815
000042,KAMPONG TIONG BAHRU,BUKIT MERAH,community_spaces,2sfca,14.24338889854222
000043,TELOK BLANGAH DRIVE,BUKIT MERAH,community_spaces,2sfca,14.978947084002073
000044,PASIR PANJANG 2,QUEENSTOWN,community_spaces,2sfca,21.04373223913916
000045,CENTRAL SUBZONE,DOWNTOWN CORE,community_spaces,2sfca,6.317458051667837
000046,SINGAPORE GENERAL HOSPITAL,BUKIT MERAH,community_spaces,2sfca,12.788123936905112
000047,BUGIS,DOWNTOWN CORE,community_spaces,2sfca,16.254084600665983
000048,VICTORIA,ROCHOR,community_spaces,2sfca,16.56894425442014
000049,PATERSON,RIVER VALLEY,community_spaces,2sfca,13.62219651942215
000050,EAST COAST,MARINE PARADE,community_spaces,2sfca,37.15916446286497
000051,NATIONAL UNIVERSITY OF S'PORE,QUEENSTOWN,community_spaces,2sfca,19.495746860556014
000052,ONE TREE HILL,RIVER VALLEY,community_spaces,2sfca,14.173331891941839
000053,COMMONWEALTH,QUEENSTOWN,community_spaces,2sfca,18.255999227539295
000054,DOVER,QUEENSTOWN,community_spaces,2sfca,27.257459422220343
000055,RIDOUT,TANGLIN,community_spaces,2sfca,16.831826937417926
000056,CAIRNHILL,NEWTON,community_spaces,2sfca,17.492216965778802
000057,CLEMENTI WEST,CLEMENTI,community_spaces,2sfca,19.507489619247956
000058,MONK'S HILL,NEWTON,community_spaces,2sfca,18.183696675233897
000059,SIGLAP,BEDOK,community_spaces,2sfca,57.165217061998824
000060,CLEMENTI WOODS,CLEMENTI,community_spaces,2sfca,17.75524922839595
000061,PIONEER SECTOR,PIONEER,community_spaces,2sfca,0.0
000062,PENJURU CRESCENT,JURONG EAST,community_spaces,2sfca,8.26483846452021
000063,ORANGE GROVE,NEWTON,community_spaces,2sfca,15.640909995680891
000064,KAMPONG BUGIS,KALLANG,community_spaces,2sfca,0.0
000065,KENT RIDGE,QUEENSTOWN,community_spaces,2sfca,13.278136714014632
000066,ALEXANDRA NORTH,BUKIT MERAH,community_spaces,2sfca,17.106383982805774
000067,TANGLIN HALT,QUEENSTOWN,community_spaces,2sfca,20.56079812215943
000068,MACKENZIE,ROCHOR,community_spaces,2sfca,18.005003203429474
000069,SUNGEI ROAD,ROCHOR,community_spaces,2sfca,16.903576299511673
000070,ONE NORTH,QUEENSTOWN,community_spaces,2sfca,24.00784066648755
000071,TANJONG RHU,KALLANG,community_spaces,2sfca,22.174943117745247
000072,KATONG,MARINE PARADE,community_spaces,2sfca,36.83202385643071
000073,BOULEVARD,ORCHARD,community_spaces,2sfca,15.57237293551224
000074,ISTANA NEGARA,NEWTON,community_spaces,2sfca,12.82318068650928
000075,LITTLE INDIA,ROCHOR,community_spaces,2sfca,17.683440572926056
000076,GUL BASIN,PIONEER,community_spaces,2sfca,0.05555555555555555
000077,MARINA CENTRE,DOWNTOWN CORE,community_spaces,2sfca,14.832126336560158
000078,BRAS BASAH,MUSEUM,community_spaces,2sfca,15.967963470476867
000079,SOMERSET,ORCHARD,community_spaces,2sfca,15.104809128758822
000080,BENCOOLEN,ROCHOR,community_spaces,2sfca,16.871162348160592
000081,CHATSWORTH,TANGLIN,community_spaces,2sfca,16.297866922914118
000082,KAMPONG GLAM,ROCHOR,community_spaces,2sfca,17.002733751839035
000083,SELEGIE,ROCHOR,community_spaces,2sfca,17.527389073544065
000084,MOUNT EMILY,ROCHOR,community_spaces,2sfca,14.711395726624486
000085,ROCHOR CANAL,ROCHOR,community_spaces,2sfca,16.009902690932115
000086,MARGARET DRIVE,QUEENSTOWN,community_spaces,2sfca,18.721758424832053
000087,OXLEY,RIVER VALLEY,community_spaces,2sfca,14.196879844418321
000088,CITY HALL,DOWNTOWN CORE,community_spaces,2sfca,15.168242686774036
000089,MEI CHIN,QUEENSTOWN,community_spaces,2sfca,19.79884941646155
000090,LEONIE HILL,RIVER VALLEY,community_spaces,2sfca,13.545550096945753
000091,PORT,QUEENSTOWN,community_spaces,2sfca,23.578430047097296
000092,DHOBY GHAUT,MUSEUM,community_spaces,2sfca,15.933853096737352
000093,MACPHERSON,GEYLANG,community_spaces,2sfca,27.119596319352965
000094,KIM KEAT,TOA PAYOH,community_spaces,2sfca,15.717437400465027
000095,BEDOK NORTH,BEDOK,community_spaces,2sfca,51.278078442573666
000096,TOA PAYOH CENTRAL,TOA PAYOH,community_spaces,2sfca,20.007579246039107
000097,JURONG GATEWAY,JURONG EAST,community_spaces,2sfca,27.364449289606476
000098,HOLLAND ROAD,BUKIT TIMAH,community_spaces,2sfca,18.325797897755375
000099,KAMPONG UBI,GEYLANG,community_spaces,2sfca,35.435843635590835
000100,SENNETT,TOA PAYOH,community_spaces,2sfca,19.807361390184276
000101,POTONG PASIR,TOA PAYOH,community_spaces,2sfca,17.9469084773915
000102,TUAS NORTH,TUAS,community_spaces,2sfca,0.0
000103,PEI CHUN,TOA PAYOH,community_spaces,2sfca,23.514852856134972
000104,BOON TECK,TOA PAYOH,community_spaces,2sfca,19.304978080612347
000105,KIAN TECK,JURONG WEST,community_spaces,2sfca,15.930723325053359
000106,SAFTI,JURONG WEST,community_spaces,2sfca,9.413770049105558
000107,FARRER PARK,ROCHOR,community_spaces,2sfca,19.690573173030216
000108,NEWTON CIRCUS,NEWTON,community_spaces,2sfca,19.37903751846578
000109,JURONG PORT,JURONG EAST,community_spaces,2sfca,0.0
000110,ANG MO KIO TOWN CENTRE,ANG MO KIO,community_spaces,2sfca,29.73524328850175
000111,KEBUN BAHRU,ANG MO KIO,community_spaces,2sfca,28.469317313802897
000112,SERANGOON NORTH IND ESTATE,SERANGOON,community_spaces,2sfca,29.57945862894503
000113,TENGAH INDUSTRIAL ESTATE,TENGAH,community_spaces,2sfca,13.751849218588525
000114,SAMULUN,BOON LAY,community_spaces,2sfca,6.417721755294107
000115,SHIPYARD,BOON LAY,community_spaces,2sfca,3.738474696098535
000116,GHIM MOH,QUEENSTOWN,community_spaces,2sfca,18.64009542137855
000117,LAVENDER,KALLANG,community_spaces,2sfca,19.020267297725766
000118,FRANKEL,BEDOK,community_spaces,2sfca,50.780474418609224
000119,CLEMENTI NORTH,CLEMENTI,community_spaces,2sfca,27.60173497798119
000120,LEEDON PARK,BUKIT TIMAH,community_spaces,2sfca,15.380681793098686
000121,GEYLANG EAST,GEYLANG,community_spaces,2sfca,38.36845853728745
000122,TEBAN GARDENS,JURONG EAST,community_spaces,2sfca,20.90678411414809
000123,JURONG RIVER,JURONG EAST,community_spaces,2sfca,12.378088230140573
000124,GEYLANG BAHRU,KALLANG,community_spaces,2sfca,23.586947513147717
000125,GOODWOOD PARK,NEWTON,community_spaces,2sfca,13.664297465947707
000126,PANDAN,CLEMENTI,community_spaces,2sfca,16.099898614159418
000127,SINGAPORE POLYTECHNIC,QUEENSTOWN,community_spaces,2sfca,25.594208302249072
000128,CLEMENTI CENTRAL,CLEMENTI,community_spaces,2sfca,24.907907928593456
000129,KAMPONG JAVA,KALLANG,community_spaces,2sfca,18.926019572158953
000130,BOON KENG,KALLANG,community_spaces,2sfca,25.082386866955417
000131,KALLANG BAHRU,KALLANG,community_spaces,2sfca,21.14752528318928
000132,ULU PANDAN,BUKIT TIMAH,community_spaces,2sfca,19.84378178131171
000133,FARRER COURT,BUKIT TIMAH,community_spaces,2sfca,14.665790051423222
000134,NASSIM,TANGLIN,community_spaces,2sfca,13.97669443889133
000135,WEST COAST,CLEMENTI,community_spaces,2sfca,17.713856163236326
000136,BAYSHORE,BEDOK,community_spaces,2sfca,41.78397297147297
000137,BENOI SECTOR,PIONEER,community_spaces,2sfca,7.756971803491523
000138,GUL CIRCLE,PIONEER,community_spaces,2sfca,0.9733187134502924
000139,TYERSALL,TANGLIN,community_spaces,2sfca,12.603157943575212
000140,MOULMEIN,NOVENA,community_spaces,2sfca,22.178667079722405
000141,LIU FANG,BOON LAY,community_spaces,2sfca,13.286321062780253
000142,TANGLIN,ORCHARD,community_spaces,2sfca,15.494692745044922
000143,MARINE PARADE,MARINE PARADE,community_spaces,2sfca,37.03373877215809
000144,JOO KOON,PIONEER,community_spaces,2sfca,9.11878258043388
000145,KALLANG WAY,GEYLANG,community_spaces,2sfca,23.165530566007224
000146,INTERNATIONAL BUSINESS PARK,JURONG EAST,community_spaces,2sfca,0.0
000147,TUKANG,BOON LAY,community_spaces,2sfca,15.96307946339327
000148,CORONATION ROAD,BUKIT TIMAH,community_spaces,2sfca,13.701207278541153
000149,KEMBANGAN,BEDOK,community_spaces,2sfca,44.06026365547942
000150,DUNEARN,NOVENA,community_spaces,2sfca,15.747863041477748
000151,SUNSET WAY,CLEMENTI,community_spaces,2sfca,22.032253862802488
000152,ANAK BUKIT,BUKIT TIMAH,community_spaces,2sfca,23.129747243471613
000153,SWISS CLUB,BUKIT TIMAH,community_spaces,2sfca,0.0
000154,XILIN,TAMPINES,community_spaces,2sfca,43.54616200792671
000155,FABER,CLEMENTI,community_spaces,2sfca,23.06414354325884
000156,MALCOLM,NOVENA,community_spaces,2sfca,19.311391951115652
000157,BEDOK SOUTH,BEDOK,community_spaces,2sfca,54.852313408798466
000158,DEFU INDUSTRIAL PARK,HOUGANG,community_spaces,2sfca,16.506037312506557
000159,CHANGI BAY,CHANGI BAY,community_spaces,2sfca,2.0
000160,PAYA LEBAR EAST,PAYA LEBAR,community_spaces,2sfca,29.368357046290484
000161,HONG KAH NORTH,BUKIT BATOK,community_spaces,2sfca,28.08129768102764
000162,KOVAN,HOUGANG,community_spaces,2sfca,18.67322504848885
000163,CHONG BOON,ANG MO KIO,community_spaces,2sfca,31.363095517946995
000164,SERANGOON GARDEN,SERANGOON,community_spaces,2sfca,25.887881397814443
000165,HOUGANG CENTRAL,HOUGANG,community_spaces,2sfca,17.231840874366878
000166,LOYANG EAST,PASIR RIS,community_spaces,2sfca,46.89562871768754
000167,DAIRY FARM,BUKIT PANJANG,community_spaces,2sfca,30.443010964671696
000168,PASIR RIS DRIVE,PASIR RIS,community_spaces,2sfca,59.000322063557356
000169,TAMPINES NORTH,TAMPINES,community_spaces,2sfca,52.98838677662207
000170,CHENG SAN,ANG MO KIO,community_spaces,2sfca,30.150672301938044
000171,SEMBAWANG HILLS,ANG MO KIO,community_spaces,2sfca,31.053729257827346
000172,JELEBU,BUKIT PANJANG,community_spaces,2sfca,28.5366212712145
000173,KEAT HONG,CHOA CHU KANG,community_spaces,2sfca,28.779241609109363
000174,BENDEMEER,KALLANG,community_spaces,2sfca,17.131346218310124
000175,BALESTIER,NOVENA,community_spaces,2sfca,18.467080697339075
000176,TUAS PROMENADE,TUAS,community_spaces,2sfca,0.0
000177,SERANGOON CENTRAL,SERANGOON,community_spaces,2sfca,27.216024775274207
000178,BISHAN EAST,BISHAN,community_spaces,2sfca,27.725361398174254
000179,TAMPINES WEST,TAMPINES,community_spaces,2sfca,33.81062221576153
000180,BRICKWORKS,BUKIT BATOK,community_spaces,2sfca,20.029417564676194
000181,SERANGOON NORTH,SERANGOON,community_spaces,2sfca,23.824557929728506
000182,GUILIN,BUKIT BATOK,community_spaces,2sfca,27.33471123227401
000183,WENYA,JURONG WEST,community_spaces,2sfca,16.413957324375495
000184,NATURE RESERVE,BUKIT PANJANG,community_spaces,2sfca,16.79192113435932
000185,TAMPINES EAST,TAMPINES,community_spaces,2sfca,49.14982256305786
000186,LORONG AH SOO,HOUGANG,community_spaces,2sfca,16.65601831847574
000187,FLORA DRIVE,PASIR RIS,community_spaces,2sfca,58.48364152187682
000188,HILLVIEW,BUKIT BATOK,community_spaces,2sfca,18.82535486573755
000189,TOH TUCK,CLEMENTI,community_spaces,2sfca,27.50999102741367
000190,MOUNT PLEASANT,NOVENA,community_spaces,2sfca,19.153197801327625
000191,HILLCREST,BUKIT TIMAH,community_spaces,2sfca,11.261697100764808
000192,JOO SENG,TOA PAYOH,community_spaces,2sfca,22.890819981711925
000193,CHIN BEE,JURONG WEST,community_spaces,2sfca,16.659665053653203
000194,LORONG 8 TOA PAYOH,TOA PAYOH,community_spaces,2sfca,26.264177921521277
000195,TOH GUAN,JURONG EAST,community_spaces,2sfca,29.280772788190315
000196,SIMEI,TAMPINES,community_spaces,2sfca,35.426134323193146
000197,BOON LAY PLACE,JURONG WEST,community_spaces,2sfca,17.292781936770087
000198,BUKIT BATOK EAST,BUKIT BATOK,community_spaces,2sfca,25.045799072197585
000199,BUKIT BATOK WEST,BUKIT BATOK,community_spaces,2sfca,26.084979338469225
000200,BUKIT BATOK CENTRAL,BUKIT BATOK,community_spaces,2sfca,24.65460552850034
000201,UPPER PAYA LEBAR,SERANGOON,community_spaces,2sfca,18.93881184559372
000202,TAI SENG,HOUGANG,community_spaces,2sfca,20.62318959395347
000203,TENGEH,TUAS,community_spaces,2sfca,0.0
000204,YUHUA WEST,JURONG EAST,community_spaces,2sfca,25.920413119875548
000205,BRADDELL,TOA PAYOH,community_spaces,2sfca,19.943029292891666
000206,BIDADARI,TOA PAYOH,community_spaces,2sfca,20.01005327697799
000207,WOODLEIGH,TOA PAYOH,community_spaces,2sfca,21.608572062649362
000208,TAMAN JURONG,JURONG WEST,community_spaces,2sfca,17.743133192381293
000209,LAKESIDE (LEISURE),JURONG EAST,community_spaces,2sfca,15.605904326475958
000210,TOA PAYOH WEST,TOA PAYOH,community_spaces,2sfca,23.444564611020677
000211,KAKI BUKIT,BEDOK,community_spaces,2sfca,25.118746376886463
000212,YUHUA EAST,JURONG EAST,community_spaces,2sfca,27.844461076202165
000213,BUKIT BATOK SOUTH,BUKIT BATOK,community_spaces,2sfca,23.821648488010357
000214,JURONG WEST CENTRAL,JURONG WEST,community_spaces,2sfca,17.060224003089992
000215,BEDOK RESERVOIR,BEDOK,community_spaces,2sfca,37.79024915099892
000216,LOWER SELETAR,YISHUN,community_spaces,2sfca,17.413413646037483
000217,NORTHSHORE,PUNGGOL,community_spaces,2sfca,10.154540492418757
000218,MANDAI ESTATE,MANDAI,community_spaces,2sfca,23.05357041146885
000219,YISHUN CENTRAL,YISHUN,community_spaces,2sfca,18.855552931872424
000220,PASIR RIS CENTRAL,PASIR RIS,community_spaces,2sfca,57.65894677218207
000221,GOMBAK,BUKIT BATOK,community_spaces,2sfca,28.332406978457282
000222,PAYA LEBAR NORTH,PAYA LEBAR,community_spaces,2sfca,46.55414547613255
000223,HOUGANG EAST,HOUGANG,community_spaces,2sfca,20.81223321715953
000224,LORONG HALUS,HOUGANG,community_spaces,2sfca,9.709310237904186
000225,KANGKAR,HOUGANG,community_spaces,2sfca,16.790030808007003
000226,CHANGI WEST,CHANGI,community_spaces,2sfca,48.646454281013106
000227,HOLLAND DRIVE,QUEENSTOWN,community_spaces,2sfca,23.259736077886846
000228,HOUGANG WEST,HOUGANG,community_spaces,2sfca,22.060564868355517
000229,PAYA LEBAR WEST,PAYA LEBAR,community_spaces,2sfca,13.175426429882299
000230,BANGKIT,BUKIT PANJANG,community_spaces,2sfca,29.05164320765345
000231,LORONG HALUS NORTH,SENGKANG,community_spaces,2sfca,45.01346910340767
000232,PENG SIANG,CHOA CHU KANG,community_spaces,2sfca,22.42740231738209
000233,PASIR RIS WEST,PASIR RIS,community_spaces,2sfca,53.14443523701836
000234,YIO CHU KANG WEST,ANG MO KIO,community_spaces,2sfca,30.93530974566673
000235,CHANGI POINT,CHANGI,community_spaces,2sfca,39.60176188190894
000236,SENGKANG TOWN CENTRE,SENGKANG,community_spaces,2sfca,18.8018208954416
000237,ANCHORVALE,SENGKANG,community_spaces,2sfca,18.49294008743657
000238,SENGKANG WEST,SENGKANG,community_spaces,2sfca,10.470360181318618
000239,FERNVALE,SENGKANG,community_spaces,2sfca,16.10794493198285
000240,PUNGGOL FIELD,PUNGGOL,community_spaces,2sfca,15.024473274769132
000241,YEW TEE,CHOA CHU KANG,community_spaces,2sfca,19.7021644862996
000242,PASIR RIS WAFER FAB PARK,PASIR RIS,community_spaces,2sfca,40.134636543893215
000243,TRAFALGAR,HOUGANG,community_spaces,2sfca,22.103298678276495
000244,TECK WHYE,CHOA CHU KANG,community_spaces,2sfca,27.906230986440622
000245,CHOA CHU KANG CENTRAL,CHOA CHU KANG,community_spaces,2sfca,25.183027271151257
000246,FAJAR,BUKIT PANJANG,community_spaces,2sfca,22.515538183667097
000247,SENJA,BUKIT PANJANG,community_spaces,2sfca,28.18009072493885
000248,SAUJANA,BUKIT PANJANG,community_spaces,2sfca,26.1287974970939
000249,SELETAR HILLS,SERANGOON,community_spaces,2sfca,14.434219733976429
000250,COMPASSVALE,SENGKANG,community_spaces,2sfca,21.5691983871957
000251,YIO CHU KANG EAST,ANG MO KIO,community_spaces,2sfca,14.320589554140518
000252,YIO CHU KANG,ANG MO KIO,community_spaces,2sfca,30.045115139070123
000253,LOYANG WEST,PASIR RIS,community_spaces,2sfca,50.749749760043876
000254,TAGORE,ANG MO KIO,community_spaces,2sfca,25.156878971057953
000255,PASIR RIS PARK,PASIR RIS,community_spaces,2sfca,53.877933341168635
000256,CHOA CHU KANG NORTH,CHOA CHU KANG,community_spaces,2sfca,22.607083411310008
000257,RIVERVALE,SENGKANG,community_spaces,2sfca,19.03718118317569
000258,YIO CHU KANG NORTH,ANG MO KIO,community_spaces,2sfca,28.847990282261122
000259,YUNNAN,JURONG WEST,community_spaces,2sfca,14.629237723204781
000260,LORONG CHUAN,SERANGOON,community_spaces,2sfca,24.054461160680244
000261,HONG KAH,JURONG WEST,community_spaces,2sfca,18.416741511986615
000262,SELETAR,SELETAR,community_spaces,2sfca,11.887601832154088
000263,PANG SUA,SUNGEI KADUT,community_spaces,2sfca,21.359546971776073
000264,SELETAR AEROSPACE PARK,SELETAR,community_spaces,2sfca,7.043290179293165
000265,KHATIB,YISHUN,community_spaces,2sfca,22.196349212886094
000266,MANDAI WEST,MANDAI,community_spaces,2sfca,18.735231435231434
000267,CONEY ISLAND,PUNGGOL,community_spaces,2sfca,12.80989739250174
000268,YISHUN SOUTH,YISHUN,community_spaces,2sfca,19.94747757727533
000269,RESERVOIR VIEW,SUNGEI KADUT,community_spaces,2sfca,12.0387673729779
000270,WOODLANDS EAST,WOODLANDS,community_spaces,2sfca,23.027149386673212
000271,SEMBAWANG CENTRAL,SEMBAWANG,community_spaces,2sfca,27.71812948500625
000272,GREENWOOD PARK,WOODLANDS,community_spaces,2sfca,18.963953432487557
000273,SEMBAWANG EAST,SEMBAWANG,community_spaces,2sfca,22.06101653861312
000274,SENOKO WEST,WOODLANDS,community_spaces,2sfca,20.288244358952394
000275,MATILDA,PUNGGOL,community_spaces,2sfca,16.18193000404063
000276,WATERWAY EAST,PUNGGOL,community_spaces,2sfca,12.69878628139063
000277,GALI BATU,SUNGEI KADUT,community_spaces,2sfca,18.987724935622644
000278,CRAWFORD,KALLANG,community_spaces,2sfca,18.28645026363504
000279,TUAS BAY,TUAS,community_spaces,2sfca,0.0
000280,TUAS VIEW,TUAS,community_spaces,2sfca,0.0
000281,BAHAR,WESTERN WATER CATCHMENT,community_spaces,2sfca,4.685823632851497
000282,CLEANTECH,WESTERN WATER CATCHMENT,community_spaces,2sfca,0.0
000283,LAKESIDE (BUSINESS),JURONG EAST,community_spaces,2sfca,24.708899877500805
000284,PARK,TENGAH,community_spaces,2sfca,16.192211057207583
000285,BRICKLAND,TENGAH,community_spaces,2sfca,28.936078859775275
000286,FOREST HILL,TENGAH,community_spaces,2sfca,17.9604535618153
000287,PLANTATION,TENGAH,community_spaces,2sfca,21.498145670823202
000288,GARDEN,TENGAH,community_spaces,2sfca,17.240205901512464
000289,AIRPORT ROAD,PAYA LEBAR,community_spaces,2sfca,16.608174178111955
000290,NORTH COAST,WOODLANDS,community_spaces,2sfca,18.291116197259015
000291,SPRINGLEAF,YISHUN,community_spaces,2sfca,20.515936605982372
000292,PUNGGOL TOWN CENTRE,PUNGGOL,community_spaces,2sfca,13.56959011220914
000293,PUNGGOL CANAL,PUNGGOL,community_spaces,2sfca,3.0
000294,CENTRAL WATER CATCHMENT,CENTRAL WATER CATCHMENT,community_spaces,2sfca,19.395982461598965
000295,SEMBAWANG STRAITS,SEMBAWANG,community_spaces,2sfca,10.969298106509036
000296,THE WHARVES,SEMBAWANG,community_spaces,2sfca,15.351240165175755
000297,SENOKO NORTH,SEMBAWANG,community_spaces,2sfca,16.431130639338676
000298,CHANGI AIRPORT,CHANGI,community_spaces,2sfca,35.666666666666664
000299,PEOPLE'S PARK,OUTRAM,community_spaces,2sfca,9.164764906361828
000300,MOUNTBATTEN,MARINE PARADE,community_spaces,2sfca,32.69438259918743
000301,ALJUNIED,GEYLANG,community_spaces,2sfca,32.57444828988638
000302,PULAU PUNGGOL TIMOR,SELETAR,community_spaces,2sfca,1.1052899369765705
000303,TURF CLUB,SUNGEI KADUT,community_spaces,2sfca,19.414500746931086
000304,WOODLANDS SOUTH,WOODLANDS,community_spaces,2sfca,23.655829568907034
000305,WOODGROVE,WOODLANDS,community_spaces,2sfca,18.731062324776822
000306,YISHUN EAST,YISHUN,community_spaces,2sfca,14.062161038173624
000307,MURAI,WESTERN WATER CATCHMENT,community_spaces,2sfca,2.3094298245614033
000308,PULAU PUNGGOL BARAT,SELETAR,community_spaces,2sfca,0.6354978354978356
000309,PULAU SELETAR,SIMPANG,community_spaces,2sfca,4.231033264121499
000310,ADMIRALTY,SEMBAWANG,community_spaces,2sfca,13.303957129154329
000311,LIM CHU KANG,LIM CHU KANG,community_spaces,2sfca,8.333333333333332
000312,SIMPANG NORTH,SIMPANG,community_spaces,2sfca,15.020290155433175
000313,SENOKO SOUTH,SEMBAWANG,community_spaces,2sfca,21.379415468544558
000314,SEMBAWANG NORTH,SEMBAWANG,community_spaces,2sfca,19.8660160755399
000315,TANJONG IRAU,SIMPANG,community_spaces,2sfca,8.41864180628752
000316,YISHUN WEST,YISHUN,community_spaces,2sfca,23.3855670697813
000317,WOODLANDS REGIONAL CENTRE,WOODLANDS,community_spaces,2sfca,18.748295684438503
000318,NORTH-EASTERN ISLANDS,NORTH-EASTERN ISLANDS,community_spaces,2sfca,38.215584415584416
000319,SIMPANG SOUTH,SIMPANG,community_spaces,2sfca,13.22062083924212
000320,NORTHLAND,YISHUN,community_spaces,2sfca,15.95457253971556
000321,MIDVIEW,WOODLANDS,community_spaces,2sfca,20.22317609388413
000322,WOODLANDS WEST,WOODLANDS,community_spaces,2sfca,21.372597601094707
000323,SEMBAWANG SPRINGS,SEMBAWANG,community_spaces,2sfca,30.117775221107095
000324,KRANJI,SUNGEI KADUT,community_spaces,2sfca,8.1617340992341
000325,PLAB,PAYA LEBAR,community_spaces,2sfca,11.921926697449774
000326,MANDAI EAST,MANDAI,community_spaces,2sfca,25.967733802257627
000327,NEE SOON,YISHUN,community_spaces,2sfca,24.42231458902444
000328,UPPER THOMSON,BISHAN,community_spaces,2sfca,22.22824961968061
000329,SHANGRI-LA,ANG MO KIO,community_spaces,2sfca,26.200085482289158
000330,TOWNSVILLE,ANG MO KIO,community_spaces,2sfca,29.16751276374426
000331,MARYMOUNT,BISHAN,community_spaces,2sfca,24.639800357389028
000332,TUAS VIEW EXTENSION,TUAS,community_spaces,2sfca,0.0
000001,DEPOT ROAD,BUKIT MERAH,community_spaces,cumulative,572.0
000002,BUKIT MERAH,BUKIT MERAH,community_spaces,cumulative,752.0
000003,CHINATOWN,OUTRAM,community_spaces,cumulative,591.0
000004,PHILLIP,DOWNTOWN CORE,community_spaces,cumulative,689.0
000005,RAFFLES PLACE,DOWNTOWN CORE,community_spaces,cumulative,628.0
000006,CHINA SQUARE,OUTRAM,community_spaces,cumulative,699.0
000007,TIONG BAHRU,BUKIT MERAH,community_spaces,cumulative,764.0
000008,BAYFRONT SUBZONE,DOWNTOWN CORE,community_spaces,cumulative,665.0
000009,TIONG BAHRU STATION,BUKIT MERAH,community_spaces,cumulative,803.0
000010,CLIFFORD PIER,DOWNTOWN CORE,community_spaces,cumulative,743.0
000011,MARINA SOUTH,MARINA SOUTH,community_spaces,cumulative,360.0
000012,NICOLL,DOWNTOWN CORE,community_spaces,cumulative,954.0
000013,MARINA EAST,MARINA EAST,community_spaces,cumulative,803.0
000014,INSTITUTION HILL,RIVER VALLEY,community_spaces,cumulative,798.0
000015,ROBERTSON QUAY,SINGAPORE RIVER,community_spaces,cumulative,744.0
000016,JURONG ISLAND AND BUKOM,WESTERN ISLANDS,community_spaces,cumulative,0.0
000017,FORT CANNING,MUSEUM,community_spaces,cumulative,853.0
000018,PEARL'S HILL,OUTRAM,community_spaces,cumulative,687.0
000019,BOAT QUAY,SINGAPORE RIVER,community_spaces,cumulative,775.0
000020,HENDERSON HILL,BUKIT MERAH,community_spaces,cumulative,823.0
000021,REDHILL,BUKIT MERAH,community_spaces,cumulative,819.0
000022,ALEXANDRA HILL,BUKIT MERAH,community_spaces,cumulative,668.0
000023,BUKIT HO SWEE,BUKIT MERAH,community_spaces,cumulative,817.0
000024,CLARKE QUAY,SINGAPORE RIVER,community_spaces,cumulative,784.0
000025,PASIR PANJANG 1,QUEENSTOWN,community_spaces,cumulative,529.0
000026,QUEENSWAY,QUEENSTOWN,community_spaces,cumulative,504.0
000027,MARINA EAST (MP),MARINE PARADE,community_spaces,cumulative,693.0
000028,SUDONG,WESTERN ISLANDS,community_spaces,cumulative,0.0
000029,SEMAKAU,WESTERN ISLANDS,community_spaces,cumulative,456.0
000030,SOUTHERN GROUP,SOUTHERN ISLANDS,community_spaces,cumulative,336.0
000031,SENTOSA,SOUTHERN ISLANDS,community_spaces,cumulative,336.0
000032,CITY TERMINALS,BUKIT MERAH,community_spaces,cumulative,611.0
000033,ANSON,DOWNTOWN CORE,community_spaces,cumulative,527.0
000034,STRAITS VIEW,STRAITS VIEW,community_spaces,cumulative,383.0
000035,MARITIME SQUARE,BUKIT MERAH,community_spaces,cumulative,484.0
000036,TELOK BLANGAH RISE,BUKIT MERAH,community_spaces,cumulative,642.0
000037,TANJONG PAGAR,DOWNTOWN CORE,community_spaces,cumulative,525.0
000038,EVERTON PARK,BUKIT MERAH,community_spaces,cumulative,510.0
000039,TELOK BLANGAH WAY,BUKIT MERAH,community_spaces,cumulative,587.0
000040,MAXWELL,DOWNTOWN CORE,community_spaces,cumulative,574.0
000041,CECIL,DOWNTOWN CORE,community_spaces,cumulative,574.0
000042,KAMPONG TIONG BAHRU,BUKIT MERAH,community_spaces,cumulative,710.0
000043,TELOK BLANGAH DRIVE,BUKIT MERAH,community_spaces,cumulative,468.0
000044,PASIR PANJANG 2,QUEENSTOWN,community_spaces,cumulative,542.0
000045,CENTRAL SUBZONE,DOWNTOWN CORE,community_spaces,cumulative,458.0
000046,SINGAPORE GENERAL HOSPITAL,BUKIT MERAH,community_spaces,cumulative,736.0
000047,BUGIS,DOWNTOWN CORE,community_spaces,cumulative,971.0
000048,VICTORIA,ROCHOR,community_spaces,cumulative,1013.0
000049,PATERSON,RIVER VALLEY,community_spaces,cumulative,847.0
000050,EAST COAST,MARINE PARADE,community_spaces,cumulative,611.0
000051,NATIONAL UNIVERSITY OF S'PORE,QUEENSTOWN,community_spaces,cumulative,472.0
000052,ONE TREE HILL,RIVER VALLEY,community_spaces,cumulative,834.0
000053,COMMONWEALTH,QUEENSTOWN,community_spaces,cumulative,623.0
000054,DOVER,QUEENSTOWN,community_spaces,cumulative,645.0
000055,RIDOUT,TANGLIN,community_spaces,cumulative,720.0
000056,CAIRNHILL,NEWTON,community_spaces,cumulative,1031.0
000057,CLEMENTI WEST,CLEMENTI,community_spaces,cumulative,423.0
000058,MONK'S HILL,NEWTON,community_spaces,cumulative,1063.0
000059,SIGLAP,BEDOK,community_spaces,cumulative,683.0
000060,CLEMENTI WOODS,CLEMENTI,community_spaces,cumulative,385.0
000061,PIONEER SECTOR,PIONEER,community_spaces,cumulative,0.0
000062,PENJURU CRESCENT,JURONG EAST,community_spaces,cumulative,169.0
000063,ORANGE GROVE,NEWTON,community_spaces,cumulative,897.0
000064,KAMPONG BUGIS,KALLANG,community_spaces,cumulative,0.0
000065,KENT RIDGE,QUEENSTOWN,community_spaces,cumulative,431.0
000066,ALEXANDRA NORTH,BUKIT MERAH,community_spaces,cumulative,846.0
000067,TANGLIN HALT,QUEENSTOWN,community_spaces,cumulative,686.0
000068,MACKENZIE,ROCHOR,community_spaces,cumulative,1071.0
000069,SUNGEI ROAD,ROCHOR,community_spaces,cumulative,988.0
000070,ONE NORTH,QUEENSTOWN,community_spaces,cumulative,628.0
000071,TANJONG RHU,KALLANG,community_spaces,cumulative,886.0
000072,KATONG,MARINE PARADE,community_spaces,cumulative,764.0
000073,BOULEVARD,ORCHARD,community_spaces,cumulative,918.0
000074,ISTANA NEGARA,NEWTON,community_spaces,cumulative,859.0
000075,LITTLE INDIA,ROCHOR,community_spaces,cumulative,1038.0
000076,GUL BASIN,PIONEER,community_spaces,cumulative,1.0
000077,MARINA CENTRE,DOWNTOWN CORE,community_spaces,cumulative,848.0
000078,BRAS BASAH,MUSEUM,community_spaces,cumulative,995.0
000079,SOMERSET,ORCHARD,community_spaces,cumulative,955.0
000080,BENCOOLEN,ROCHOR,community_spaces,cumulative,1035.0
000081,CHATSWORTH,TANGLIN,community_spaces,cumulative,862.0
000082,KAMPONG GLAM,ROCHOR,community_spaces,cumulative,972.0
000083,SELEGIE,ROCHOR,community_spaces,cumulative,1065.0
000084,MOUNT EMILY,ROCHOR,community_spaces,cumulative,950.0
000085,ROCHOR CANAL,ROCHOR,community_spaces,cumulative,946.0
000086,MARGARET DRIVE,QUEENSTOWN,community_spaces,cumulative,727.0
000087,OXLEY,RIVER VALLEY,community_spaces,cumulative,920.0
000088,CITY HALL,DOWNTOWN CORE,community_spaces,cumulative,936.0
000089,MEI CHIN,QUEENSTOWN,community_spaces,cumulative,662.0
000090,LEONIE HILL,RIVER VALLEY,community_spaces,cumulative,850.0
000091,PORT,QUEENSTOWN,community_spaces,cumulative,544.0
000092,DHOBY GHAUT,MUSEUM,community_spaces,cumulative,1002.0
000093,MACPHERSON,GEYLANG,community_spaces,cumulative,978.0
000094,KIM KEAT,TOA PAYOH,community_spaces,cumulative,690.0
000095,BEDOK NORTH,BEDOK,community_spaces,cumulative,631.0
000096,TOA PAYOH CENTRAL,TOA PAYOH,community_spaces,cumulative,879.0
000097,JURONG GATEWAY,JURONG EAST,community_spaces,cumulative,671.0
000098,HOLLAND ROAD,BUKIT TIMAH,community_spaces,cumulative,426.0
000099,KAMPONG UBI,GEYLANG,community_spaces,cumulative,903.0
000100,SENNETT,TOA PAYOH,community_spaces,cumulative,897.0
000101,POTONG PASIR,TOA PAYOH,community_spaces,cumulative,858.0
000102,TUAS NORTH,TUAS,community_spaces,cumulative,0.0
000103,PEI CHUN,TOA PAYOH,community_spaces,cumulative,960.0
000104,BOON TECK,TOA PAYOH,community_spaces,cumulative,791.0
000105,KIAN TECK,JURONG WEST,community_spaces,cumulative,322.0
000106,SAFTI,JURONG WEST,community_spaces,cumulative,179.0
000107,FARRER PARK,ROCHOR,community_spaces,cumulative,1125.0
000108,NEWTON CIRCUS,NEWTON,community_spaces,cumulative,1086.0
000109,JURONG PORT,JURONG EAST,community_spaces,cumulative,0.0
000110,ANG MO KIO TOWN CENTRE,ANG MO KIO,community_spaces,cumulative,732.0
000111,KEBUN BAHRU,ANG MO KIO,community_spaces,cumulative,614.0
000112,SERANGOON NORTH IND ESTATE,SERANGOON,community_spaces,cumulative,783.0
000113,TENGAH INDUSTRIAL ESTATE,TENGAH,community_spaces,cumulative,310.0
000114,SAMULUN,BOON LAY,community_spaces,cumulative,127.0
000115,SHIPYARD,BOON LAY,community_spaces,cumulative,68.0
000116,GHIM MOH,QUEENSTOWN,community_spaces,cumulative,523.0
000117,LAVENDER,KALLANG,community_spaces,cumulative,1063.0
000118,FRANKEL,BEDOK,community_spaces,cumulative,707.0
000119,CLEMENTI NORTH,CLEMENTI,community_spaces,cumulative,613.0
000120,LEEDON PARK,BUKIT TIMAH,community_spaces,cumulative,488.0
000121,GEYLANG EAST,GEYLANG,community_spaces,cumulative,930.0
000122,TEBAN GARDENS,JURONG EAST,community_spaces,cumulative,467.0
000123,JURONG RIVER,JURONG EAST,community_spaces,cumulative,277.0
000124,GEYLANG BAHRU,KALLANG,community_spaces,cumulative,1098.0
000125,GOODWOOD PARK,NEWTON,community_spaces,cumulative,792.0
000126,PANDAN,CLEMENTI,community_spaces,cumulative,344.0
000127,SINGAPORE POLYTECHNIC,QUEENSTOWN,community_spaces,cumulative,566.0
000128,CLEMENTI CENTRAL,CLEMENTI,community_spaces,cumulative,572.0
000129,KAMPONG JAVA,KALLANG,community_spaces,cumulative,1093.0
000130,BOON KENG,KALLANG,community_spaces,cumulative,1137.0
000131,KALLANG BAHRU,KALLANG,community_spaces,cumulative,1079.0
000132,ULU PANDAN,BUKIT TIMAH,community_spaces,cumulative,506.0
000133,FARRER COURT,BUKIT TIMAH,community_spaces,cumulative,486.0
000134,NASSIM,TANGLIN,community_spaces,cumulative,697.0
000135,WEST COAST,CLEMENTI,community_spaces,cumulative,386.0
000136,BAYSHORE,BEDOK,community_spaces,cumulative,376.0
000137,BENOI SECTOR,PIONEER,community_spaces,cumulative,159.0
000138,GUL CIRCLE,PIONEER,community_spaces,cumulative,16.0
000139,TYERSALL,TANGLIN,community_spaces,cumulative,509.0
000140,MOULMEIN,NOVENA,community_spaces,cumulative,1167.0
000141,LIU FANG,BOON LAY,community_spaces,cumulative,276.0
000142,TANGLIN,ORCHARD,community_spaces,cumulative,865.0
000143,MARINE PARADE,MARINE PARADE,community_spaces,cumulative,667.0
000144,JOO KOON,PIONEER,community_spaces,cumulative,175.0
000145,KALLANG WAY,GEYLANG,community_spaces,cumulative,969.0
000146,INTERNATIONAL BUSINESS PARK,JURONG EAST,community_spaces,cumulative,0.0
000147,TUKANG,BOON LAY,community_spaces,cumulative,338.0
000148,CORONATION ROAD,BUKIT TIMAH,community_spaces,cumulative,433.0
000149,KEMBANGAN,BEDOK,community_spaces,cumulative,683.0
000150,DUNEARN,NOVENA,community_spaces,cumulative,510.0
000151,SUNSET WAY,CLEMENTI,community_spaces,cumulative,464.0
000152,ANAK BUKIT,BUKIT TIMAH,community_spaces,cumulative,511.0
000153,SWISS CLUB,BUKIT TIMAH,community_spaces,cumulative,0.0
000154,XILIN,TAMPINES,community_spaces,cumulative,293.0
000155,FABER,CLEMENTI,community_spaces,cumulative,524.0
000156,MALCOLM,NOVENA,community_spaces,cumulative,966.0
000157,BEDOK SOUTH,BEDOK,community_spaces,cumulative,563.0
000158,DEFU INDUSTRIAL PARK,HOUGANG,community_spaces,cumulative,534.0
000159,CHANGI BAY,CHANGI BAY,community_spaces,cumulative,6.0
000160,PAYA LEBAR EAST,PAYA LEBAR,community_spaces,cumulative,388.0
000161,HONG KAH NORTH,BUKIT BATOK,community_spaces,cumulative,656.0
000162,KOVAN,HOUGANG,community_spaces,cumulative,613.0
000163,CHONG BOON,ANG MO KIO,community_spaces,cumulative,834.0
000164,SERANGOON GARDEN,SERANGOON,community_spaces,cumulative,828.0
000165,HOUGANG CENTRAL,HOUGANG,community_spaces,cumulative,517.0
000166,LOYANG EAST,PASIR RIS,community_spaces,cumulative,495.0
000167,DAIRY FARM,BUKIT PANJANG,community_spaces,cumulative,622.0
000168,PASIR RIS DRIVE,PASIR RIS,community_spaces,cumulative,665.0
000169,TAMPINES NORTH,TAMPINES,community_spaces,cumulative,615.0
000170,CHENG SAN,ANG MO KIO,community_spaces,cumulative,764.0
000171,SEMBAWANG HILLS,ANG MO KIO,community_spaces,cumulative,651.0
000172,JELEBU,BUKIT PANJANG,community_spaces,cumulative,581.0
000173,KEAT HONG,CHOA CHU KANG,community_spaces,cumulative,624.0
000174,BENDEMEER,KALLANG,community_spaces,cumulative,937.0
000175,BALESTIER,NOVENA,community_spaces,cumulative,948.0
000176,TUAS PROMENADE,TUAS,community_spaces,cumulative,0.0
000177,SERANGOON CENTRAL,SERANGOON,community_spaces,cumulative,948.0
000178,BISHAN EAST,BISHAN,community_spaces,cumulative,844.0
000179,TAMPINES WEST,TAMPINES,community_spaces,cumulative,455.0
000180,BRICKWORKS,BUKIT BATOK,community_spaces,cumulative,513.0
000181,SERANGOON NORTH,SERANGOON,community_spaces,cumulative,678.0
000182,GUILIN,BUKIT BATOK,community_spaces,cumulative,637.0
000183,WENYA,JURONG WEST,community_spaces,cumulative,346.0
000184,NATURE RESERVE,BUKIT PANJANG,community_spaces,cumulative,346.0
000185,TAMPINES EAST,TAMPINES,community_spaces,cumulative,617.0
000186,LORONG AH SOO,HOUGANG,community_spaces,cumulative,594.0
000187,FLORA DRIVE,PASIR RIS,community_spaces,cumulative,678.0
000188,HILLVIEW,BUKIT BATOK,community_spaces,cumulative,417.0
000189,TOH TUCK,CLEMENTI,community_spaces,cumulative,643.0
000190,MOUNT PLEASANT,NOVENA,community_spaces,cumulative,669.0
000191,HILLCREST,BUKIT TIMAH,community_spaces,cumulative,347.0
000192,JOO SENG,TOA PAYOH,community_spaces,cumulative,884.0
000193,CHIN BEE,JURONG WEST,community_spaces,cumulative,354.0
000194,LORONG 8 TOA PAYOH,TOA PAYOH,community_spaces,cumulative,998.0
000195,TOH GUAN,JURONG EAST,community_spaces,cumulative,697.0
000196,SIMEI,TAMPINES,community_spaces,cumulative,405.0
000197,BOON LAY PLACE,JURONG WEST,community_spaces,cumulative,359.0
000198,BUKIT BATOK EAST,BUKIT BATOK,community_spaces,cumulative,586.0
000199,BUKIT BATOK WEST,BUKIT BATOK,community_spaces,cumulative,630.0
000200,BUKIT BATOK CENTRAL,BUKIT BATOK,community_spaces,cumulative,595.0
000201,UPPER PAYA LEBAR,SERANGOON,community_spaces,cumulative,759.0
000202,TAI SENG,HOUGANG,community_spaces,cumulative,697.0
000203,TENGEH,TUAS,community_spaces,cumulative,0.0
000204,YUHUA WEST,JURONG EAST,community_spaces,cumulative,629.0
000205,BRADDELL,TOA PAYOH,community_spaces,cumulative,754.0
000206,BIDADARI,TOA PAYOH,community_spaces,cumulative,854.0
000207,WOODLEIGH,TOA PAYOH,community_spaces,cumulative,866.0
000208,TAMAN JURONG,JURONG WEST,community_spaces,cumulative,386.0
000209,LAKESIDE (LEISURE),JURONG EAST,community_spaces,cumulative,352.0
000210,TOA PAYOH WEST,TOA PAYOH,community_spaces,cumulative,790.0
000211,KAKI BUKIT,BEDOK,community_spaces,cumulative,549.0
000212,YUHUA EAST,JURONG EAST,community_spaces,cumulative,680.0
000213,BUKIT BATOK SOUTH,BUKIT BATOK,community_spaces,cumulative,576.0
000214,JURONG WEST CENTRAL,JURONG WEST,community_spaces,cumulative,349.0
000215,BEDOK RESERVOIR,BEDOK,community_spaces,cumulative,549.0
000216,LOWER SELETAR,YISHUN,community_spaces,cumulative,273.0
000217,NORTHSHORE,PUNGGOL,community_spaces,cumulative,175.0
000218,MANDAI ESTATE,MANDAI,community_spaces,cumulative,388.0
000219,YISHUN CENTRAL,YISHUN,community_spaces,cumulative,328.0
000220,PASIR RIS CENTRAL,PASIR RIS,community_spaces,cumulative,675.0
000221,GOMBAK,BUKIT BATOK,community_spaces,cumulative,623.0
000222,PAYA LEBAR NORTH,PAYA LEBAR,community_spaces,cumulative,587.0
000223,HOUGANG EAST,HOUGANG,community_spaces,cumulative,534.0
000224,LORONG HALUS,HOUGANG,community_spaces,cumulative,305.0
000225,KANGKAR,HOUGANG,community_spaces,cumulative,482.0
000226,CHANGI WEST,CHANGI,community_spaces,cumulative,488.0
000227,HOLLAND DRIVE,QUEENSTOWN,community_spaces,cumulative,701.0
000228,HOUGANG WEST,HOUGANG,community_spaces,cumulative,604.0
000229,PAYA LEBAR WEST,PAYA LEBAR,community_spaces,cumulative,350.0
000230,BANGKIT,BUKIT PANJANG,community_spaces,cumulative,561.0
000231,LORONG HALUS NORTH,SENGKANG,community_spaces,cumulative,662.0
000232,PENG SIANG,CHOA CHU KANG,community_spaces,cumulative,482.0
000233,PASIR RIS WEST,PASIR RIS,community_spaces,cumulative,618.0
000234,YIO CHU KANG WEST,ANG MO KIO,community_spaces,cumulative,655.0
000235,CHANGI POINT,CHANGI,community_spaces,cumulative,214.0
000236,SENGKANG TOWN CENTRE,SENGKANG,community_spaces,cumulative,429.0
000237,ANCHORVALE,SENGKANG,community_spaces,cumulative,414.0
000238,SENGKANG WEST,SENGKANG,community_spaces,cumulative,265.0
000239,FERNVALE,SENGKANG,community_spaces,cumulative,379.0
000240,PUNGGOL FIELD,PUNGGOL,community_spaces,cumulative,299.0
000241,YEW TEE,CHOA CHU KANG,community_spaces,cumulative,385.0
000242,PASIR RIS WAFER FAB PARK,PASIR RIS,community_spaces,cumulative,481.0
000243,TRAFALGAR,HOUGANG,community_spaces,cumulative,581.0
000244,TECK WHYE,CHOA CHU KANG,community_spaces,cumulative,581.0
000245,CHOA CHU KANG CENTRAL,CHOA CHU KANG,community_spaces,cumulative,512.0
000246,FAJAR,BUKIT PANJANG,community_spaces,cumulative,429.0
000247,SENJA,BUKIT PANJANG,community_spaces,cumulative,535.0
000248,SAUJANA,BUKIT PANJANG,community_spaces,cumulative,506.0
000249,SELETAR HILLS,SERANGOON,community_spaces,cumulative,364.0
000250,COMPASSVALE,SENGKANG,community_spaces,cumulative,538.0
000251,YIO CHU KANG EAST,ANG MO KIO,community_spaces,cumulative,330.0
000252,YIO CHU KANG,ANG MO KIO,community_spaces,cumulative,639.0
000253,LOYANG WEST,PASIR RIS,community_spaces,cumulative,499.0
000254,TAGORE,ANG MO KIO,community_spaces,cumulative,473.0
000255,PASIR RIS PARK,PASIR RIS,community_spaces,cumulative,621.0
000256,CHOA CHU KANG NORTH,CHOA CHU KANG,community_spaces,cumulative,457.0
000257,RIVERVALE,SENGKANG,community_spaces,cumulative,423.0
000258,YIO CHU KANG NORTH,ANG MO KIO,community_spaces,cumulative,611.0
000259,YUNNAN,JURONG WEST,community_spaces,cumulative,295.0
000260,LORONG CHUAN,SERANGOON,community_spaces,cumulative,881.0
000261,HONG KAH,JURONG WEST,community_spaces,cumulative,410.0
000262,SELETAR,SELETAR,community_spaces,cumulative,244.0
000263,PANG SUA,SUNGEI KADUT,community_spaces,cumulative,240.0
000264,SELETAR AEROSPACE PARK,SELETAR,community_spaces,cumulative,164.0
000265,KHATIB,YISHUN,community_spaces,cumulative,366.0
000266,MANDAI WEST,MANDAI,community_spaces,cumulative,81.0
000267,CONEY ISLAND,PUNGGOL,community_spaces,cumulative,250.0
000268,YISHUN SOUTH,YISHUN,community_spaces,cumulative,328.0
000269,RESERVOIR VIEW,SUNGEI KADUT,community_spaces,cumulative,89.0
000270,WOODLANDS EAST,WOODLANDS,community_spaces,cumulative,378.0
000271,SEMBAWANG CENTRAL,SEMBAWANG,community_spaces,cumulative,422.0
000272,GREENWOOD PARK,WOODLANDS,community_spaces,cumulative,299.0
000273,SEMBAWANG EAST,SEMBAWANG,community_spaces,cumulative,354.0
000274,SENOKO WEST,WOODLANDS,community_spaces,cumulative,330.0
000275,MATILDA,PUNGGOL,community_spaces,cumulative,349.0
000276,WATERWAY EAST,PUNGGOL,community_spaces,cumulative,247.0
000277,GALI BATU,SUNGEI KADUT,community_spaces,cumulative,341.0
000278,CRAWFORD,KALLANG,community_spaces,cumulative,1003.0
000279,TUAS BAY,TUAS,community_spaces,cumulative,0.0
000280,TUAS VIEW,TUAS,community_spaces,cumulative,0.0
000281,BAHAR,WESTERN WATER CATCHMENT,community_spaces,cumulative,68.0
000282,CLEANTECH,WESTERN WATER CATCHMENT,community_spaces,cumulative,0.0
000283,LAKESIDE (BUSINESS),JURONG EAST,community_spaces,cumulative,611.0
000284,PARK,TENGAH,community_spaces,cumulative,382.0
000285,BRICKLAND,TENGAH,community_spaces,cumulative,661.0
000286,FOREST HILL,TENGAH,community_spaces,cumulative,407.0
000287,PLANTATION,TENGAH,community_spaces,cumulative,542.0
000288,GARDEN,TENGAH,community_spaces,cumulative,431.0
000289,AIRPORT ROAD,PAYA LEBAR,community_spaces,cumulative,486.0
000290,NORTH COAST,WOODLANDS,community_spaces,cumulative,282.0
000291,SPRINGLEAF,YISHUN,community_spaces,cumulative,331.0
000292,PUNGGOL TOWN CENTRE,PUNGGOL,community_spaces,cumulative,270.0
000293,PUNGGOL CANAL,PUNGGOL,community_spaces,cumulative,3.0
000294,CENTRAL WATER CATCHMENT,CENTRAL WATER CATCHMENT,community_spaces,cumulative,329.0
000295,SEMBAWANG STRAITS,SEMBAWANG,community_spaces,cumulative,150.0
000296,THE WHARVES,SEMBAWANG,community_spaces,cumulative,235.0
000297,SENOKO NORTH,SEMBAWANG,community_spaces,cumulative,258.0
000298,CHANGI AIRPORT,CHANGI,community_spaces,cumulative,86.0
000299,PEOPLE'S PARK,OUTRAM,community_spaces,cumulative,635.0
000300,MOUNTBATTEN,MARINE PARADE,community_spaces,cumulative,835.0
000301,ALJUNIED,GEYLANG,community_spaces,cumulative,1042.0
000302,PULAU PUNGGOL TIMOR,SELETAR,community_spaces,cumulative,23.0
000303,TURF CLUB,SUNGEI KADUT,community_spaces,cumulative,255.0
000304,WOODLANDS SOUTH,WOODLANDS,community_spaces,cumulative,330.0
000305,WOODGROVE,WOODLANDS,community_spaces,cumulative,260.0
000306,YISHUN EAST,YISHUN,community_spaces,cumulative,247.0
000307,MURAI,WESTERN WATER CATCHMENT,community_spaces,cumulative,18.0
000308,PULAU PUNGGOL BARAT,SELETAR,community_spaces,cumulative,13.0
000309,PULAU SELETAR,SIMPANG,community_spaces,cumulative,62.0
000310,ADMIRALTY,SEMBAWANG,community_spaces,cumulative,198.0
000311,LIM CHU KANG,LIM CHU KANG,community_spaces,cumulative,25.0
000312,SIMPANG NORTH,SIMPANG,community_spaces,cumulative,271.0
000313,SENOKO SOUTH,SEMBAWANG,community_spaces,cumulative,354.0
000314,SEMBAWANG NORTH,SEMBAWANG,community_spaces,cumulative,306.0
000315,TANJONG IRAU,SIMPANG,community_spaces,cumulative,92.0
000316,YISHUN WEST,YISHUN,community_spaces,cumulative,399.0
000317,WOODLANDS REGIONAL CENTRE,WOODLANDS,community_spaces,cumulative,291.0
000318,NORTH-EASTERN ISLANDS,NORTH-EASTERN ISLANDS,community_spaces,cumulative,162.0
000319,SIMPANG SOUTH,SIMPANG,community_spaces,cumulative,228.0
000320,NORTHLAND,YISHUN,community_spaces,cumulative,287.0
000321,MIDVIEW,WOODLANDS,community_spaces,cumulative,327.0
000322,WOODLANDS WEST,WOODLANDS,community_spaces,cumulative,296.0
000323,SEMBAWANG SPRINGS,SEMBAWANG,community_spaces,cumulative,468.0
000324,KRANJI,SUNGEI KADUT,community_spaces,cumulative,105.0
000325,PLAB,PAYA LEBAR,community_spaces,cumulative,364.0
000326,MANDAI EAST,MANDAI,community_spaces,cumulative,390.0
000327,NEE SOON,YISHUN,community_spaces,cumulative,354.0
000328,UPPER THOMSON,BISHAN,community_spaces,cumulative,544.0
000329,SHANGRI-LA,ANG MO KIO,community_spaces,cumulative,633.0
000330,TOWNSVILLE,ANG MO KIO,community_spaces,cumulative,745.0
000331,MARYMOUNT,BISHAN,community_spaces,cumulative,656.0
000332,TUAS VIEW EXTENSION,TUAS,community_spaces,cumulative,0.0
000001,DEPOT ROAD,BUKIT MERAH,community_spaces,hansen,122.51043025712336
000002,BUKIT MERAH,BUKIT MERAH,community_spaces,hansen,147.99961520135068
000003,CHINATOWN,OUTRAM,community_spaces,hansen,565.6418200015006
000004,PHILLIP,DOWNTOWN CORE,community_spaces,hansen,514.0151354448808
000005,RAFFLES PLACE,DOWNTOWN CORE,community_spaces,hansen,273.67293054037725
000006,CHINA SQUARE,OUTRAM,community_spaces,hansen,556.5400787985184
000007,TIONG BAHRU,BUKIT MERAH,community_spaces,hansen,195.9871656388046
000008,BAYFRONT SUBZONE,DOWNTOWN CORE,community_spaces,hansen,86.73745154992035
000009,TIONG BAHRU STATION,BUKIT MERAH,community_spaces,hansen,160.18453119993603
000010,CLIFFORD PIER,DOWNTOWN CORE,community_spaces,hansen,506.1756624922173
000011,MARINA SOUTH,MARINA SOUTH,community_spaces,hansen,26.850483761911754
000012,NICOLL,DOWNTOWN CORE,community_spaces,hansen,242.15008025600895
000013,MARINA EAST,MARINA EAST,community_spaces,hansen,80.99662833036085
000014,INSTITUTION HILL,RIVER VALLEY,community_spaces,hansen,163.45060898235687
000015,ROBERTSON QUAY,SINGAPORE RIVER,community_spaces,hansen,149.24532173185105
000016,JURONG ISLAND AND BUKOM,WESTERN ISLANDS,community_spaces,hansen,0.0
000017,FORT CANNING,MUSEUM,community_spaces,hansen,17712.32952360281
000018,PEARL'S HILL,OUTRAM,community_spaces,hansen,234.70809910068354
000019,BOAT QUAY,SINGAPORE RIVER,community_spaces,hansen,971.9250512210041
000020,HENDERSON HILL,BUKIT MERAH,community_spaces,hansen,503.09882702821864
000021,REDHILL,BUKIT MERAH,community_spaces,hansen,167.11719909852783
000022,ALEXANDRA HILL,BUKIT MERAH,community_spaces,hansen,85.98979301488735
000023,BUKIT HO SWEE,BUKIT MERAH,community_spaces,hansen,1790.2851972658384
000024,CLARKE QUAY,SINGAPORE RIVER,community_spaces,hansen,296.38408636583114
000025,PASIR PANJANG 1,QUEENSTOWN,community_spaces,hansen,547.3690593890165
000026,QUEENSWAY,QUEENSTOWN,community_spaces,hansen,83.28254115806097
000027,MARINA EAST (MP),MARINE PARADE,community_spaces,hansen,415.92172233447
000028,SUDONG,WESTERN ISLANDS,community_spaces,hansen,0.0
000029,SEMAKAU,WESTERN ISLANDS,community_spaces,hansen,59766.46170650896
000030,SOUTHERN GROUP,SOUTHERN ISLANDS,community_spaces,hansen,22.666979001796477
000031,SENTOSA,SOUTHERN ISLANDS,community_spaces,hansen,22.666979001796477
000032,CITY TERMINALS,BUKIT MERAH,community_spaces,hansen,57.520310205718694
000033,ANSON,DOWNTOWN CORE,community_spaces,hansen,7065.464708020086
000034,STRAITS VIEW,STRAITS VIEW,community_spaces,hansen,33.91996563982201
000035,MARITIME SQUARE,BUKIT MERAH,community_spaces,hansen,93.45611640838382
000036,TELOK BLANGAH RISE,BUKIT MERAH,community_spaces,hansen,70.86476617750712
000037,TANJONG PAGAR,DOWNTOWN CORE,community_spaces,hansen,2000458.4015756098
000038,EVERTON PARK,BUKIT MERAH,community_spaces,hansen,74.63866180286838
000039,TELOK BLANGAH WAY,BUKIT MERAH,community_spaces,hansen,92.68455407940172
000040,MAXWELL,DOWNTOWN CORE,community_spaces,hansen,327.76503754795476
000041,CECIL,DOWNTOWN CORE,community_spaces,hansen,267.50924831141833
000042,KAMPONG TIONG BAHRU,BUKIT MERAH,community_spaces,hansen,154.9383365335978
000043,TELOK BLANGAH DRIVE,BUKIT MERAH,community_spaces,hansen,314.00220512216606
000044,PASIR PANJANG 2,QUEENSTOWN,community_spaces,hansen,112232.48393579636
000045,CENTRAL SUBZONE,DOWNTOWN CORE,community_spaces,hansen,70.16279744005168
000046,SINGAPORE GENERAL HOSPITAL,BUKIT MERAH,community_spaces,hansen,115.84740828235051
000047,BUGIS,DOWNTOWN CORE,community_spaces,hansen,313.2748031268379
000048,VICTORIA,ROCHOR,community_spaces,hansen,520.664931365521
000049,PATERSON,RIVER VALLEY,community_spaces,hansen,117.8231402146188
000050,EAST COAST,MARINE PARADE,community_spaces,hansen,2104.3616824187907
000051,NATIONAL UNIVERSITY OF S'PORE,QUEENSTOWN,community_spaces,hansen,39.04295701121363
000052,ONE TREE HILL,RIVER VALLEY,community_spaces,hansen,104.6576159485506
000053,COMMONWEALTH,QUEENSTOWN,community_spaces,hansen,975.8814243921505
000054,DOVER,QUEENSTOWN,community_spaces,hansen,1000575.1610179365
000055,RIDOUT,TANGLIN,community_spaces,hansen,99.68895089720117
000056,CAIRNHILL,NEWTON,community_spaces,hansen,140.58987448873677
000057,CLEMENTI WEST,CLEMENTI,community_spaces,hansen,1417.5491388576522
000058,MONK'S HILL,NEWTON,community_spaces,hansen,229.01773977759123
000059,SIGLAP,BEDOK,community_spaces,hansen,287.4089598484917
000060,CLEMENTI WOODS,CLEMENTI,community_spaces,hansen,658.0154678552921
000061,PIONEER SECTOR,PIONEER,community_spaces,hansen,0.0
000062,PENJURU CRESCENT,JURONG EAST,community_spaces,hansen,10.189740516707712
000063,ORANGE GROVE,NEWTON,community_spaces,hansen,96.20422813445427
000064,KAMPONG BUGIS,KALLANG,community_spaces,hansen,0.0
000065,KENT RIDGE,QUEENSTOWN,community_spaces,hansen,69.80662587233347
000066,ALEXANDRA NORTH,BUKIT MERAH,community_spaces,hansen,138.13815895400654
000067,TANGLIN HALT,QUEENSTOWN,community_spaces,hansen,116.57418309594254
000068,MACKENZIE,ROCHOR,community_spaces,hansen,244.44995253208128
000069,SUNGEI ROAD,ROCHOR,community_spaces,hansen,310.3448648297271
000070,ONE NORTH,QUEENSTOWN,community_spaces,hansen,821.9569939252134
000071,TANJONG RHU,KALLANG,community_spaces,hansen,233.4549485469622
000072,KATONG,MARINE PARADE,community_spaces,hansen,307.6086802461138
000073,BOULEVARD,ORCHARD,community_spaces,hansen,119.68941457950022
000074,ISTANA NEGARA,NEWTON,community_spaces,hansen,354.4355368830375
000075,LITTLE INDIA,ROCHOR,community_spaces,hansen,7442.45792453461
000076,GUL BASIN,PIONEER,community_spaces,hansen,0.044715124755532486
000077,MARINA CENTRE,DOWNTOWN CORE,community_spaces,hansen,188.3595591595407
000078,BRAS BASAH,MUSEUM,community_spaces,hansen,1009645.5099588468
000079,SOMERSET,ORCHARD,community_spaces,hansen,371.6931860485446
000080,BENCOOLEN,ROCHOR,community_spaces,hansen,3000331.0934852874
000081,CHATSWORTH,TANGLIN,community_spaces,hansen,102.06627018351668
000082,KAMPONG GLAM,ROCHOR,community_spaces,hansen,558.9197850284829
000083,SELEGIE,ROCHOR,community_spaces,hansen,519.7571701673008
000084,MOUNT EMILY,ROCHOR,community_spaces,hansen,306.0027604647953
000085,ROCHOR CANAL,ROCHOR,community_spaces,hansen,198.58615194316894
000086,MARGARET DRIVE,QUEENSTOWN,community_spaces,hansen,242.1534200892648
000087,OXLEY,RIVER VALLEY,community_spaces,hansen,309.45263643511475
000088,CITY HALL,DOWNTOWN CORE,community_spaces,hansen,1246.8899597198028
000089,MEI CHIN,QUEENSTOWN,community_spaces,hansen,123.83544784733574
000090,LEONIE HILL,RIVER VALLEY,community_spaces,hansen,138.40830939427488
000091,PORT,QUEENSTOWN,community_spaces,hansen,85.28445786183505
000092,DHOBY GHAUT,MUSEUM,community_spaces,hansen,672.9865669838867
000093,MACPHERSON,GEYLANG,community_spaces,hansen,6683.6174679013275
000094,KIM KEAT,TOA PAYOH,community_spaces,hansen,77.73912684682747
000095,BEDOK NORTH,BEDOK,community_spaces,hansen,29199.704676504763
000096,TOA PAYOH CENTRAL,TOA PAYOH,community_spaces,hansen,323.38591890855116
000097,JURONG GATEWAY,JURONG EAST,community_spaces,hansen,93.16190517810016
000098,HOLLAND ROAD,BUKIT TIMAH,community_spaces,hansen,570.6812682301081
000099,KAMPONG UBI,GEYLANG,community_spaces,hansen,101.18387652193162
000100,SENNETT,TOA PAYOH,community_spaces,hansen,382.81758480919626
000101,POTONG PASIR,TOA PAYOH,community_spaces,hansen,205.00358020579736
000102,TUAS NORTH,TUAS,community_spaces,hansen,0.0
000103,PEI CHUN,TOA PAYOH,community_spaces,hansen,200.29588449603898
000104,BOON TECK,TOA PAYOH,community_spaces,hansen,132.91000446051527
000105,KIAN TECK,JURONG WEST,community_spaces,hansen,69.13326784348527
000106,SAFTI,JURONG WEST,community_spaces,hansen,14.160929658315725
000107,FARRER PARK,ROCHOR,community_spaces,hansen,1000352.0389686482
000108,NEWTON CIRCUS,NEWTON,community_spaces,hansen,229.0614526086487
000109,JURONG PORT,JURONG EAST,community_spaces,hansen,0.0
000110,ANG MO KIO TOWN CENTRE,ANG MO KIO,community_spaces,hansen,238.9415757350357
000111,KEBUN BAHRU,ANG MO KIO,community_spaces,hansen,1007715.7042963254
000112,SERANGOON NORTH IND ESTATE,SERANGOON,community_spaces,hansen,172.63208420682867
000113,TENGAH INDUSTRIAL ESTATE,TENGAH,community_spaces,hansen,19.95887244631781
000114,SAMULUN,BOON LAY,community_spaces,hansen,6.215930706413406
000115,SHIPYARD,BOON LAY,community_spaces,hansen,3.3003166785419578
000116,GHIM MOH,QUEENSTOWN,community_spaces,hansen,197.7728108946701
000117,LAVENDER,KALLANG,community_spaces,hansen,835.6144769401312
000118,FRANKEL,BEDOK,community_spaces,hansen,182.5456085101422
000119,CLEMENTI NORTH,CLEMENTI,community_spaces,hansen,107.90222578535823
000120,LEEDON PARK,BUKIT TIMAH,community_spaces,hansen,64.50410944199935
000121,GEYLANG EAST,GEYLANG,community_spaces,hansen,341.15991454196984
000122,TEBAN GARDENS,JURONG EAST,community_spaces,hansen,107.65933403255514
000123,JURONG RIVER,JURONG EAST,community_spaces,hansen,18.434893812329342
000124,GEYLANG BAHRU,KALLANG,community_spaces,hansen,341.03347643460864
000125,GOODWOOD PARK,NEWTON,community_spaces,hansen,69.99068514006488
000126,PANDAN,CLEMENTI,community_spaces,hansen,131.35800393473588
000127,SINGAPORE POLYTECHNIC,QUEENSTOWN,community_spaces,hansen,82.93365007122412
000128,CLEMENTI CENTRAL,CLEMENTI,community_spaces,hansen,118.72961789568103
000129,KAMPONG JAVA,KALLANG,community_spaces,hansen,392.8588472668822
000130,BOON KENG,KALLANG,community_spaces,hansen,538.690589365264
000131,KALLANG BAHRU,KALLANG,community_spaces,hansen,280.8711372139289
000132,ULU PANDAN,BUKIT TIMAH,community_spaces,hansen,391.5293198882184
000133,FARRER COURT,BUKIT TIMAH,community_spaces,hansen,573.4835747968424
000134,NASSIM,TANGLIN,community_spaces,hansen,84.47463709647685
000135,WEST COAST,CLEMENTI,community_spaces,hansen,446.8514848718353
000136,BAYSHORE,BEDOK,community_spaces,hansen,1000518.5863834514
000137,BENOI SECTOR,PIONEER,community_spaces,hansen,10.39623471561042
000138,GUL CIRCLE,PIONEER,community_spaces,hansen,0.6883488687192453
000139,TYERSALL,TANGLIN,community_spaces,hansen,1014997.4623235582
000140,MOULMEIN,NOVENA,community_spaces,hansen,191.84969100634308
000141,LIU FANG,BOON LAY,community_spaces,hansen,21.489491861279884
000142,TANGLIN,ORCHARD,community_spaces,hansen,124.82454728455122
000143,MARINE PARADE,MARINE PARADE,community_spaces,hansen,429.4200781033786
000144,JOO KOON,PIONEER,community_spaces,hansen,12.887828194278681
000145,KALLANG WAY,GEYLANG,community_spaces,hansen,179.39182504875473
000146,INTERNATIONAL BUSINESS PARK,JURONG EAST,community_spaces,hansen,0.0
000147,TUKANG,BOON LAY,community_spaces,hansen,58.98319850602346
000148,CORONATION ROAD,BUKIT TIMAH,community_spaces,hansen,58.598901231247446
000149,KEMBANGAN,BEDOK,community_spaces,hansen,372.44725125010115
000150,DUNEARN,NOVENA,community_spaces,hansen,137.13356538482418
000151,SUNSET WAY,CLEMENTI,community_spaces,hansen,95.45028008308817
000152,ANAK BUKIT,BUKIT TIMAH,community_spaces,hansen,162.25477335107797
000153,SWISS CLUB,BUKIT TIMAH,community_spaces,hansen,0.0
000154,XILIN,TAMPINES,community_spaces,hansen,26.710031039814076
000155,FABER,CLEMENTI,community_spaces,hansen,346.9005140903134
000156,MALCOLM,NOVENA,community_spaces,hansen,137.5815932662224
000157,BEDOK SOUTH,BEDOK,community_spaces,hansen,255.31036062549381
000158,DEFU INDUSTRIAL PARK,HOUGANG,community_spaces,hansen,102.23110753210729
000159,CHANGI BAY,CHANGI BAY,community_spaces,hansen,0.32408788559371454
000160,PAYA LEBAR EAST,PAYA LEBAR,community_spaces,hansen,36.946491480714904
000161,HONG KAH NORTH,BUKIT BATOK,community_spaces,hansen,285.5793489109584
000162,KOVAN,HOUGANG,community_spaces,hansen,254.47976435128152
000163,CHONG BOON,ANG MO KIO,community_spaces,hansen,133.5963044056554
000164,SERANGOON GARDEN,SERANGOON,community_spaces,hansen,106.66020387342218
000165,HOUGANG CENTRAL,HOUGANG,community_spaces,hansen,289.26867808457996
000166,LOYANG EAST,PASIR RIS,community_spaces,hansen,143.8395374459422
000167,DAIRY FARM,BUKIT PANJANG,community_spaces,hansen,350.4959002073301
000168,PASIR RIS DRIVE,PASIR RIS,community_spaces,hansen,2000128.5042061785
000169,TAMPINES NORTH,TAMPINES,community_spaces,hansen,67.59091578135893
000170,CHENG SAN,ANG MO KIO,community_spaces,hansen,184.00395546848162
000171,SEMBAWANG HILLS,ANG MO KIO,community_spaces,hansen,269.9545315738511
000172,JELEBU,BUKIT PANJANG,community_spaces,hansen,429.53409551141647
000173,KEAT HONG,CHOA CHU KANG,community_spaces,hansen,195.92680829159934
000174,BENDEMEER,KALLANG,community_spaces,hansen,233.44694939749655
000175,BALESTIER,NOVENA,community_spaces,hansen,285.81729490587963
000176,TUAS PROMENADE,TUAS,community_spaces,hansen,0.0
000177,SERANGOON CENTRAL,SERANGOON,community_spaces,hansen,133.72350246856368
000178,BISHAN EAST,BISHAN,community_spaces,hansen,173.30412094738662
000179,TAMPINES WEST,TAMPINES,community_spaces,hansen,248.95403364785827
000180,BRICKWORKS,BUKIT BATOK,community_spaces,hansen,51.42816780177681
000181,SERANGOON NORTH,SERANGOON,community_spaces,hansen,604.594172266386
000182,GUILIN,BUKIT BATOK,community_spaces,hansen,753.7675854682539
000183,WENYA,JURONG WEST,community_spaces,hansen,37.249441989105016
000184,NATURE RESERVE,BUKIT PANJANG,community_spaces,hansen,79.94647013433162
000185,TAMPINES EAST,TAMPINES,community_spaces,hansen,160.6714782193585
000186,LORONG AH SOO,HOUGANG,community_spaces,hansen,333.0057813436589
000187,FLORA DRIVE,PASIR RIS,community_spaces,hansen,159.57229392653934
000188,HILLVIEW,BUKIT BATOK,community_spaces,hansen,68.39992782758937
000189,TOH TUCK,CLEMENTI,community_spaces,hansen,66.84141207935924
000190,MOUNT PLEASANT,NOVENA,community_spaces,hansen,66.65376983932627
000191,HILLCREST,BUKIT TIMAH,community_spaces,hansen,99.34840027815575
000192,JOO SENG,TOA PAYOH,community_spaces,hansen,144.78474062331986
000193,CHIN BEE,JURONG WEST,community_spaces,hansen,178.42684321302076
000194,LORONG 8 TOA PAYOH,TOA PAYOH,community_spaces,hansen,271.44142394366486
000195,TOH GUAN,JURONG EAST,community_spaces,hansen,125.51679957696066
000196,SIMEI,TAMPINES,community_spaces,hansen,474.7592086844767
000197,BOON LAY PLACE,JURONG WEST,community_spaces,hansen,209.57111695146787
000198,BUKIT BATOK EAST,BUKIT BATOK,community_spaces,hansen,1001965.0863884874
000199,BUKIT BATOK WEST,BUKIT BATOK,community_spaces,hansen,132.71350172323088
000200,BUKIT BATOK CENTRAL,BUKIT BATOK,community_spaces,hansen,367.5172836767844
000201,UPPER PAYA LEBAR,SERANGOON,community_spaces,hansen,126.62259683784515
000202,TAI SENG,HOUGANG,community_spaces,hansen,100.81097592572182
000203,TENGEH,TUAS,community_spaces,hansen,0.0
000204,YUHUA WEST,JURONG EAST,community_spaces,hansen,201.11689773624533
000205,BRADDELL,TOA PAYOH,community_spaces,hansen,100.07767880782588
000206,BIDADARI,TOA PAYOH,community_spaces,hansen,98.11939744956783
000207,WOODLEIGH,TOA PAYOH,community_spaces,hansen,88.87416324270264
000208,TAMAN JURONG,JURONG WEST,community_spaces,hansen,558.9327507874591
000209,LAKESIDE (LEISURE),JURONG EAST,community_spaces,hansen,35000162.207078
000210,TOA PAYOH WEST,TOA PAYOH,community_spaces,hansen,110.47687720353636
000211,KAKI BUKIT,BEDOK,community_spaces,hansen,48.64266158234382
000212,YUHUA EAST,JURONG EAST,community_spaces,hansen,272.879810825399
000213,BUKIT BATOK SOUTH,BUKIT BATOK,community_spaces,hansen,183.79648403191064
000214,JURONG WEST CENTRAL,JURONG WEST,community_spaces,hansen,1090.496942041873
000215,BEDOK RESERVOIR,BEDOK,community_spaces,hansen,207.73576272339625
000216,LOWER SELETAR,YISHUN,community_spaces,hansen,34.879603150428
000217,NORTHSHORE,PUNGGOL,community_spaces,hansen,32.33884393786623
000218,MANDAI ESTATE,MANDAI,community_spaces,hansen,387.26536239811975
000219,YISHUN CENTRAL,YISHUN,community_spaces,hansen,1000136.340793362
000220,PASIR RIS CENTRAL,PASIR RIS,community_spaces,hansen,341.2688882971954
000221,GOMBAK,BUKIT BATOK,community_spaces,hansen,429.6054057394352
000222,PAYA LEBAR NORTH,PAYA LEBAR,community_spaces,hansen,49.64913753761647
000223,HOUGANG EAST,HOUGANG,community_spaces,hansen,1000809.7980223357
000224,LORONG HALUS,HOUGANG,community_spaces,hansen,26.394577461798953
000225,KANGKAR,HOUGANG,community_spaces,hansen,117.77263997569565
000226,CHANGI WEST,CHANGI,community_spaces,hansen,48.32099954432083
000227,HOLLAND DRIVE,QUEENSTOWN,community_spaces,hansen,98.09403098044288
000228,HOUGANG WEST,HOUGANG,community_spaces,hansen,158.46071546945683
000229,PAYA LEBAR WEST,PAYA LEBAR,community_spaces,hansen,34.126095135800846
000230,BANGKIT,BUKIT PANJANG,community_spaces,hansen,315.0906273535106
000231,LORONG HALUS NORTH,SENGKANG,community_spaces,hansen,50.79099611280208
000232,PENG SIANG,CHOA CHU KANG,community_spaces,hansen,3331.9322766370597
000233,PASIR RIS WEST,PASIR RIS,community_spaces,hansen,368.5476175819447
000234,YIO CHU KANG WEST,ANG MO KIO,community_spaces,hansen,132.3201736124649
000235,CHANGI POINT,CHANGI,community_spaces,hansen,113.7854407009777
000236,SENGKANG TOWN CENTRE,SENGKANG,community_spaces,hansen,86.86889971886109
000237,ANCHORVALE,SENGKANG,community_spaces,hansen,204.49799302924555
000238,SENGKANG WEST,SENGKANG,community_spaces,hansen,26.24990054563997
000239,FERNVALE,SENGKANG,community_spaces,hansen,65.56342872611746
000240,PUNGGOL FIELD,PUNGGOL,community_spaces,hansen,77.09055084657163
000241,YEW TEE,CHOA CHU KANG,community_spaces,hansen,104.68088292861029
000242,PASIR RIS WAFER FAB PARK,PASIR RIS,community_spaces,hansen,34.92949865215019
000243,TRAFALGAR,HOUGANG,community_spaces,hansen,280.7016649299155
000244,TECK WHYE,CHOA CHU KANG,community_spaces,hansen,274.60370019648747
000245,CHOA CHU KANG CENTRAL,CHOA CHU KANG,community_spaces,hansen,446.4847157718414
000246,FAJAR,BUKIT PANJANG,community_spaces,hansen,152.94023119974088
000247,SENJA,BUKIT PANJANG,community_spaces,hansen,90.48450417888941
000248,SAUJANA,BUKIT PANJANG,community_spaces,hansen,1000856.7496670296
000249,SELETAR HILLS,SERANGOON,community_spaces,hansen,60.928349944670025
000250,COMPASSVALE,SENGKANG,community_spaces,hansen,189.19672562356212
000251,YIO CHU KANG EAST,ANG MO KIO,community_spaces,hansen,89.17859935900152
000252,YIO CHU KANG,ANG MO KIO,community_spaces,hansen,218.20653367377537
000253,LOYANG WEST,PASIR RIS,community_spaces,hansen,58.684604200375006
000254,TAGORE,ANG MO KIO,community_spaces,hansen,47.516587505882235
000255,PASIR RIS PARK,PASIR RIS,community_spaces,hansen,10803670.421785526
000256,CHOA CHU KANG NORTH,CHOA CHU KANG,community_spaces,hansen,2001239.4580196536
000257,RIVERVALE,SENGKANG,community_spaces,hansen,123.2887143790021
000258,YIO CHU KANG NORTH,ANG MO KIO,community_spaces,hansen,73.64843541685849
000259,YUNNAN,JURONG WEST,community_spaces,hansen,106.86005368363406
000260,LORONG CHUAN,SERANGOON,community_spaces,hansen,129.06260476542352
000261,HONG KAH,JURONG WEST,community_spaces,hansen,444.77880413833213
000262,SELETAR,SELETAR,community_spaces,hansen,26.213738734547295
000263,PANG SUA,SUNGEI KADUT,community_spaces,hansen,17.878296490269456
000264,SELETAR AEROSPACE PARK,SELETAR,community_spaces,hansen,12.259304687752032
000265,KHATIB,YISHUN,community_spaces,hansen,42.09269925692647
000266,MANDAI WEST,MANDAI,community_spaces,hansen,10.397018238274843
000267,CONEY ISLAND,PUNGGOL,community_spaces,hansen,2000174.0750989516
000268,YISHUN SOUTH,YISHUN,community_spaces,hansen,125.80521488979554
000269,RESERVOIR VIEW,SUNGEI KADUT,community_spaces,hansen,14.763677891564932
000270,WOODLANDS EAST,WOODLANDS,community_spaces,hansen,1010901.8305516485
000271,SEMBAWANG CENTRAL,SEMBAWANG,community_spaces,hansen,138.30307230045833
000272,GREENWOOD PARK,WOODLANDS,community_spaces,hansen,94.60846254016028
000273,SEMBAWANG EAST,SEMBAWANG,community_spaces,hansen,1000093.4374928152
000274,SENOKO WEST,WOODLANDS,community_spaces,hansen,402.2811493903573
000275,MATILDA,PUNGGOL,community_spaces,hansen,91.79903542639343
000276,WATERWAY EAST,PUNGGOL,community_spaces,hansen,1399.6508450661745
000277,GALI BATU,SUNGEI KADUT,community_spaces,hansen,38.618177794335224
000278,CRAWFORD,KALLANG,community_spaces,hansen,29822.142415071416
000279,TUAS BAY,TUAS,community_spaces,hansen,0.0
000280,TUAS VIEW,TUAS,community_spaces,hansen,0.0
000281,BAHAR,WESTERN WATER CATCHMENT,community_spaces,hansen,4.822019083640181
000282,CLEANTECH,WESTERN WATER CATCHMENT,community_spaces,hansen,0.0
000283,LAKESIDE (BUSINESS),JURONG EAST,community_spaces,hansen,69.94418536514917
000284,PARK,TENGAH,community_spaces,hansen,27.01396540052853
000285,BRICKLAND,TENGAH,community_spaces,hansen,165.80356539924458
000286,FOREST HILL,TENGAH,community_spaces,hansen,53.943250717064316
000287,PLANTATION,TENGAH,community_spaces,hansen,37.5603764083975
000288,GARDEN,TENGAH,community_spaces,hansen,26.867618418334278
000289,AIRPORT ROAD,PAYA LEBAR,community_spaces,hansen,37.507163739510204
000290,NORTH COAST,WOODLANDS,community_spaces,hansen,8229.826588676107
000291,SPRINGLEAF,YISHUN,community_spaces,hansen,2005213.4077827185
000292,PUNGGOL TOWN CENTRE,PUNGGOL,community_spaces,hansen,613.0502273243964
000293,PUNGGOL CANAL,PUNGGOL,community_spaces,hansen,3000000.0
000294,CENTRAL WATER CATCHMENT,CENTRAL WATER CATCHMENT,community_spaces,hansen,52.72652249077579
000295,SEMBAWANG STRAITS,SEMBAWANG,community_spaces,hansen,3226.4766333530524
000296,THE WHARVES,SEMBAWANG,community_spaces,hansen,33.290319229796296
000297,SENOKO NORTH,SEMBAWANG,community_spaces,hansen,25.116058123996023
000298,CHANGI AIRPORT,CHANGI,community_spaces,hansen,6.947738602429435
000299,PEOPLE'S PARK,OUTRAM,community_spaces,hansen,202.86054443164676
000300,MOUNTBATTEN,MARINE PARADE,community_spaces,hansen,161.37012176723147
000301,ALJUNIED,GEYLANG,community_spaces,hansen,1000691.4084879244
000302,PULAU PUNGGOL TIMOR,SELETAR,community_spaces,hansen,1.748778014336064
000303,TURF CLUB,SUNGEI KADUT,community_spaces,hansen,20.342679828461396
000304,WOODLANDS SOUTH,WOODLANDS,community_spaces,hansen,1037.688011401254
000305,WOODGROVE,WOODLANDS,community_spaces,hansen,47.54964276787123
000306,YISHUN EAST,YISHUN,community_spaces,hansen,148.76175579867555
000307,MURAI,WESTERN WATER CATCHMENT,community_spaces,hansen,19636.67214424421
000308,PULAU PUNGGOL BARAT,SELETAR,community_spaces,hansen,0.716495497326409
000309,PULAU SELETAR,SIMPANG,community_spaces,hansen,3.3935402025735844
000310,ADMIRALTY,SEMBAWANG,community_spaces,hansen,35.95561816906769
000311,LIM CHU KANG,LIM CHU KANG,community_spaces,hansen,3.1095108211990734
000312,SIMPANG NORTH,SIMPANG,community_spaces,hansen,51.78641991958031
000313,SENOKO SOUTH,SEMBAWANG,community_spaces,hansen,59.51502832956536
000314,SEMBAWANG NORTH,SEMBAWANG,community_spaces,hansen,43.20369125179769
000315,TANJONG IRAU,SIMPANG,community_spaces,hansen,1000205.7941594685
000316,YISHUN WEST,YISHUN,community_spaces,hansen,1911.1823707307658
000317,WOODLANDS REGIONAL CENTRE,WOODLANDS,community_spaces,hansen,192.20162407105022
000318,NORTH-EASTERN ISLANDS,NORTH-EASTERN ISLANDS,community_spaces,hansen,790.0270555565347
000319,SIMPANG SOUTH,SIMPANG,community_spaces,hansen,37.6407451553503
000320,NORTHLAND,YISHUN,community_spaces,hansen,761.787764696999
000321,MIDVIEW,WOODLANDS,community_spaces,hansen,177.09241637314537
000322,WOODLANDS WEST,WOODLANDS,community_spaces,hansen,448.24442371347783
000323,SEMBAWANG SPRINGS,SEMBAWANG,community_spaces,hansen,143.78014754926483
000324,KRANJI,SUNGEI KADUT,community_spaces,hansen,8.192313696202447
000325,PLAB,PAYA LEBAR,community_spaces,hansen,36.57584849081116
000326,MANDAI EAST,MANDAI,community_spaces,hansen,105.45286970458892
000327,NEE SOON,YISHUN,community_spaces,hansen,201.70383982756888
000328,UPPER THOMSON,BISHAN,community_spaces,hansen,144.83562912082107
000329,SHANGRI-LA,ANG MO KIO,community_spaces,hansen,276.4495110653156
000330,TOWNSVILLE,ANG MO KIO,community_spaces,hansen,236.28254345534495
000331,MARYMOUNT,BISHAN,community_spaces,hansen,171.83905628588286
000332,TUAS VIEW EXTENSION,TUAS,community_spaces,hansen,0.0
000001,DEPOT ROAD,BUKIT MERAH,education_institutions,2sfca,31.57972751751407
000002,BUKIT MERAH,BUKIT MERAH,education_institutions,2sfca,29.66776487558433
000003,CHINATOWN,OUTRAM,education_institutions,2sfca,24.24856737419221
000004,PHILLIP,DOWNTOWN CORE,education_institutions,2sfca,26.896198137914617
000005,RAFFLES PLACE,DOWNTOWN CORE,education_institutions,2sfca,24.740160534941673
000006,CHINA SQUARE,OUTRAM,education_institutions,2sfca,25.93820026264919
000007,TIONG BAHRU,BUKIT MERAH,education_institutions,2sfca,29.461310577652572
000008,BAYFRONT SUBZONE,DOWNTOWN CORE,education_institutions,2sfca,21.23516575694762
000009,TIONG BAHRU STATION,BUKIT MERAH,education_institutions,2sfca,30.05302904799625
000010,CLIFFORD PIER,DOWNTOWN CORE,education_institutions,2sfca,25.87025006347061
000011,MARINA SOUTH,MARINA SOUTH,education_institutions,2sfca,7.076307337334556
000012,NICOLL,DOWNTOWN CORE,education_institutions,2sfca,39.52271432286946
000013,MARINA EAST,MARINA EAST,education_institutions,2sfca,33.51796023765359
000014,INSTITUTION HILL,RIVER VALLEY,education_institutions,2sfca,31.66219448015972
000015,ROBERTSON QUAY,SINGAPORE RIVER,education_institutions,2sfca,29.27051420898301
000016,JURONG ISLAND AND BUKOM,WESTERN ISLANDS,education_institutions,2sfca,0.0
000017,FORT CANNING,MUSEUM,education_institutions,2sfca,27.27280634413023
000018,PEARL'S HILL,OUTRAM,education_institutions,2sfca,28.247476144749545
000019,BOAT QUAY,SINGAPORE RIVER,education_institutions,2sfca,28.94145512183267
000020,HENDERSON HILL,BUKIT MERAH,education_institutions,2sfca,32.955033484385844
000021,REDHILL,BUKIT MERAH,education_institutions,2sfca,34.86454679474651
000022,ALEXANDRA HILL,BUKIT MERAH,education_institutions,2sfca,33.44303722938576
000023,BUKIT HO SWEE,BUKIT MERAH,education_institutions,2sfca,32.26892577815624
000024,CLARKE QUAY,SINGAPORE RIVER,education_institutions,2sfca,27.38282071117046
000025,PASIR PANJANG 1,QUEENSTOWN,education_institutions,2sfca,28.02763449170532
000026,QUEENSWAY,QUEENSTOWN,education_institutions,2sfca,30.28906294256515
000027,MARINA EAST (MP),MARINE PARADE,education_institutions,2sfca,43.034364053028185
000028,SUDONG,WESTERN ISLANDS,education_institutions,2sfca,0.0
000029,SEMAKAU,WESTERN ISLANDS,education_institutions,2sfca,22.684148518837617
000030,SOUTHERN GROUP,SOUTHERN ISLANDS,education_institutions,2sfca,15.539449391782655
000031,SENTOSA,SOUTHERN ISLANDS,education_institutions,2sfca,15.539449391782655
000032,CITY TERMINALS,BUKIT MERAH,education_institutions,2sfca,22.603587829289506
000033,ANSON,DOWNTOWN CORE,education_institutions,2sfca,21.870944590634874
000034,STRAITS VIEW,STRAITS VIEW,education_institutions,2sfca,10.011190464493405
000035,MARITIME SQUARE,BUKIT MERAH,education_institutions,2sfca,24.490305598906648
000036,TELOK BLANGAH RISE,BUKIT MERAH,education_institutions,2sfca,24.167525031694844
000037,TANJONG PAGAR,DOWNTOWN CORE,education_institutions,2sfca,19.7881110706511
000038,EVERTON PARK,BUKIT MERAH,education_institutions,2sfca,22.794896700447385
000039,TELOK BLANGAH WAY,BUKIT MERAH,education_institutions,2sfca,25.966641878427343
000040,MAXWELL,DOWNTOWN CORE,education_institutions,2sfca,22.77208417941451
000041,CECIL,DOWNTOWN CORE,education_institutions,2sfca,19.373366823231457
000042,KAMPONG TIONG BAHRU,BUKIT MERAH,education_institutions,2sfca,26.78474024502596
000043,TELOK BLANGAH DRIVE,BUKIT MERAH,education_institutions,2sfca,24.370305175004642
000044,PASIR PANJANG 2,QUEENSTOWN,education_institutions,2sfca,24.34850894959991
000045,CENTRAL SUBZONE,DOWNTOWN CORE,education_institutions,2sfca,14.673134397580705
000046,SINGAPORE GENERAL HOSPITAL,BUKIT MERAH,education_institutions,2sfca,27.0006629740586
000047,BUGIS,DOWNTOWN CORE,education_institutions,2sfca,36.86175204151165
000048,VICTORIA,ROCHOR,education_institutions,2sfca,36.017257075034394
000049,PATERSON,RIVER VALLEY,education_institutions,2sfca,37.43724069836314
000050,EAST COAST,MARINE PARADE,education_institutions,2sfca,77.27899828435244
000051,NATIONAL UNIVERSITY OF S'PORE,QUEENSTOWN,education_institutions,2sfca,28.95830949805641
000052,ONE TREE HILL,RIVER VALLEY,education_institutions,2sfca,39.47063159584629
000053,COMMONWEALTH,QUEENSTOWN,education_institutions,2sfca,47.06628059853643
000054,DOVER,QUEENSTOWN,education_institutions,2sfca,45.255263645091915
000055,RIDOUT,TANGLIN,education_institutions,2sfca,42.65787048827975
000056,CAIRNHILL,NEWTON,education_institutions,2sfca,39.789398926979054
000057,CLEMENTI WEST,CLEMENTI,education_institutions,2sfca,40.75861740629142
000058,MONK'S HILL,NEWTON,education_institutions,2sfca,41.28148158347102
000059,SIGLAP,BEDOK,education_institutions,2sfca,103.37860156233798
000060,CLEMENTI WOODS,CLEMENTI,education_institutions,2sfca,38.70069430238561
000061,PIONEER SECTOR,PIONEER,education_institutions,2sfca,0.0
000062,PENJURU CRESCENT,JURONG EAST,education_institutions,2sfca,14.919048990182304
000063,ORANGE GROVE,NEWTON,education_institutions,2sfca,42.979353373259606
000064,KAMPONG BUGIS,KALLANG,education_institutions,2sfca,0.0
000065,KENT RIDGE,QUEENSTOWN,education_institutions,2sfca,24.53257729923205
000066,ALEXANDRA NORTH,BUKIT MERAH,education_institutions,2sfca,36.072696745927495
000067,TANGLIN HALT,QUEENSTOWN,education_institutions,2sfca,47.06428058499092
000068,MACKENZIE,ROCHOR,education_institutions,2sfca,36.98486384063017
000069,SUNGEI ROAD,ROCHOR,education_institutions,2sfca,41.975045484692025
000070,ONE NORTH,QUEENSTOWN,education_institutions,2sfca,47.776620499766764
000071,TANJONG RHU,KALLANG,education_institutions,2sfca,47.36652753493596
000072,KATONG,MARINE PARADE,education_institutions,2sfca,89.91077239340154
000073,BOULEVARD,ORCHARD,education_institutions,2sfca,42.298614078795325
000074,ISTANA NEGARA,NEWTON,education_institutions,2sfca,28.155227934564362
000075,LITTLE INDIA,ROCHOR,education_institutions,2sfca,41.37846955246353
000076,GUL BASIN,PIONEER,education_institutions,2sfca,0.47058823529411764
000077,MARINA CENTRE,DOWNTOWN CORE,education_institutions,2sfca,29.793748690353347
000078,BRAS BASAH,MUSEUM,education_institutions,2sfca,33.41060699067053
000079,SOMERSET,ORCHARD,education_institutions,2sfca,36.37023458000749
000080,BENCOOLEN,ROCHOR,education_institutions,2sfca,36.28550349309265
000081,CHATSWORTH,TANGLIN,education_institutions,2sfca,38.51917512065984
000082,KAMPONG GLAM,ROCHOR,education_institutions,2sfca,41.19035271003557
000083,SELEGIE,ROCHOR,education_institutions,2sfca,36.827495994059234
000084,MOUNT EMILY,ROCHOR,education_institutions,2sfca,33.03089480557209
000085,ROCHOR CANAL,ROCHOR,education_institutions,2sfca,38.257100519392075
000086,MARGARET DRIVE,QUEENSTOWN,education_institutions,2sfca,40.08690994137283
000087,OXLEY,RIVER VALLEY,education_institutions,2sfca,33.21692164958605
000088,CITY HALL,DOWNTOWN CORE,education_institutions,2sfca,31.365391534826678
000089,MEI CHIN,QUEENSTOWN,education_institutions,2sfca,36.372588006389805
000090,LEONIE HILL,RIVER VALLEY,education_institutions,2sfca,35.472751823813475
000091,PORT,QUEENSTOWN,education_institutions,2sfca,26.9008018878983
000092,DHOBY GHAUT,MUSEUM,education_institutions,2sfca,35.86657487075703
000093,MACPHERSON,GEYLANG,education_institutions,2sfca,87.4397157865948
000094,KIM KEAT,TOA PAYOH,education_institutions,2sfca,48.43847617633651
000095,BEDOK NORTH,BEDOK,education_institutions,2sfca,159.35701387787267
000096,TOA PAYOH CENTRAL,TOA PAYOH,education_institutions,2sfca,53.01312656577064
000097,JURONG GATEWAY,JURONG EAST,education_institutions,2sfca,73.26469725535219
000098,HOLLAND ROAD,BUKIT TIMAH,education_institutions,2sfca,56.15412505728849
000099,KAMPONG UBI,GEYLANG,education_institutions,2sfca,104.55598506023459
000100,SENNETT,TOA PAYOH,education_institutions,2sfca,71.27045813070181
000101,POTONG PASIR,TOA PAYOH,education_institutions,2sfca,58.946043612460436
000102,TUAS NORTH,TUAS,education_institutions,2sfca,0.47058823529411764
000103,PEI CHUN,TOA PAYOH,education_institutions,2sfca,71.52012660774338
000104,BOON TECK,TOA PAYOH,education_institutions,2sfca,54.8437996406403
000105,KIAN TECK,JURONG WEST,education_institutions,2sfca,57.43543134390967
000106,SAFTI,JURONG WEST,education_institutions,2sfca,37.537514364010526
000107,FARRER PARK,ROCHOR,education_institutions,2sfca,41.28632913502178
000108,NEWTON CIRCUS,NEWTON,education_institutions,2sfca,44.96059965939613
000109,JURONG PORT,JURONG EAST,education_institutions,2sfca,0.0
000110,ANG MO KIO TOWN CENTRE,ANG MO KIO,education_institutions,2sfca,79.61845159201539
000111,KEBUN BAHRU,ANG MO KIO,education_institutions,2sfca,55.73695202053598
000112,SERANGOON NORTH IND ESTATE,SERANGOON,education_institutions,2sfca,103.24070126059858
000113,TENGAH INDUSTRIAL ESTATE,TENGAH,education_institutions,2sfca,53.779227154502365
000114,SAMULUN,BOON LAY,education_institutions,2sfca,21.356693564433503
000115,SHIPYARD,BOON LAY,education_institutions,2sfca,14.30656722018951
000116,GHIM MOH,QUEENSTOWN,education_institutions,2sfca,53.810895844797685
000117,LAVENDER,KALLANG,education_institutions,2sfca,49.6454444992848
000118,FRANKEL,BEDOK,education_institutions,2sfca,120.00084791709887
000119,CLEMENTI NORTH,CLEMENTI,education_institutions,2sfca,61.70227524192635
000120,LEEDON PARK,BUKIT TIMAH,education_institutions,2sfca,49.749142273774936
000121,GEYLANG EAST,GEYLANG,education_institutions,2sfca,104.75250703322575
000122,TEBAN GARDENS,JURONG EAST,education_institutions,2sfca,51.634881011725575
000123,JURONG RIVER,JURONG EAST,education_institutions,2sfca,24.948882239023586
000124,GEYLANG BAHRU,KALLANG,education_institutions,2sfca,69.92147995843243
000125,GOODWOOD PARK,NEWTON,education_institutions,2sfca,33.8318547018487
000126,PANDAN,CLEMENTI,education_institutions,2sfca,36.74441123629946
000127,SINGAPORE POLYTECHNIC,QUEENSTOWN,education_institutions,2sfca,54.115406519287305
000128,CLEMENTI CENTRAL,CLEMENTI,education_institutions,2sfca,55.15186154460385
000129,KAMPONG JAVA,KALLANG,education_institutions,2sfca,40.93784764711569
000130,BOON KENG,KALLANG,education_institutions,2sfca,68.96894458288281
000131,KALLANG BAHRU,KALLANG,education_institutions,2sfca,54.55936395247449
000132,ULU PANDAN,BUKIT TIMAH,education_institutions,2sfca,56.074737025107375
000133,FARRER COURT,BUKIT TIMAH,education_institutions,2sfca,41.89080496080616
000134,NASSIM,TANGLIN,education_institutions,2sfca,32.23276235606781
000135,WEST COAST,CLEMENTI,education_institutions,2sfca,44.50517874293062
000136,BAYSHORE,BEDOK,education_institutions,2sfca,72.8961926961927
000137,BENOI SECTOR,PIONEER,education_institutions,2sfca,32.493030784294746
000138,GUL CIRCLE,PIONEER,education_institutions,2sfca,2.8126934984520124
000139,TYERSALL,TANGLIN,education_institutions,2sfca,38.97530389662337
000140,MOULMEIN,NOVENA,education_institutions,2sfca,45.15321734254613
000141,LIU FANG,BOON LAY,education_institutions,2sfca,46.22069874129102
000142,TANGLIN,ORCHARD,education_institutions,2sfca,39.99828245573103
000143,MARINE PARADE,MARINE PARADE,education_institutions,2sfca,86.39000548292245
000144,JOO KOON,PIONEER,education_institutions,2sfca,36.2588453206356
000145,KALLANG WAY,GEYLANG,education_institutions,2sfca,73.82615510859463
000146,INTERNATIONAL BUSINESS PARK,JURONG EAST,education_institutions,2sfca,16.0
000147,TUKANG,BOON LAY,education_institutions,2sfca,60.64264085879245
000148,CORONATION ROAD,BUKIT TIMAH,education_institutions,2sfca,37.30709845079326
000149,KEMBANGAN,BEDOK,education_institutions,2sfca,119.48674824285892
000150,DUNEARN,NOVENA,education_institutions,2sfca,62.377728652874886
000151,SUNSET WAY,CLEMENTI,education_institutions,2sfca,50.21338824002476
000152,ANAK BUKIT,BUKIT TIMAH,education_institutions,2sfca,65.17096917872252
000153,SWISS CLUB,BUKIT TIMAH,education_institutions,2sfca,0.0
000154,XILIN,TAMPINES,education_institutions,2sfca,93.16946713417302
000155,FABER,CLEMENTI,education_institutions,2sfca,54.210339538425984
000156,MALCOLM,NOVENA,education_institutions,2sfca,42.63871489641335
000157,BEDOK SOUTH,BEDOK,education_institutions,2sfca,129.50208707880265
000158,DEFU INDUSTRIAL PARK,HOUGANG,education_institutions,2sfca,77.43639798443313
000159,CHANGI BAY,CHANGI BAY,education_institutions,2sfca,0.0
000160,PAYA LEBAR EAST,PAYA LEBAR,education_institutions,2sfca,101.1024857518356
000161,HONG KAH NORTH,BUKIT BATOK,education_institutions,2sfca,87.57909464867512
000162,KOVAN,HOUGANG,education_institutions,2sfca,75.09182221711934
000163,CHONG BOON,ANG MO KIO,education_institutions,2sfca,93.72023529620137
000164,SERANGOON GARDEN,SERANGOON,education_institutions,2sfca,94.18336660240006
000165,HOUGANG CENTRAL,HOUGANG,education_institutions,2sfca,92.17563111918949
000166,LOYANG EAST,PASIR RIS,education_institutions,2sfca,81.1604826546003
000167,DAIRY FARM,BUKIT PANJANG,education_institutions,2sfca,71.10357402988944
000168,PASIR RIS DRIVE,PASIR RIS,education_institutions,2sfca,102.60808977743962
000169,TAMPINES NORTH,TAMPINES,education_institutions,2sfca,97.24488409423394
000170,CHENG SAN,ANG MO KIO,education_institutions,2sfca,89.06806622855719
000171,SEMBAWANG HILLS,ANG MO KIO,education_institutions,2sfca,52.85958648009795
000172,JELEBU,BUKIT PANJANG,education_institutions,2sfca,73.299745000903
000173,KEAT HONG,CHOA CHU KANG,education_institutions,2sfca,83.4745655592212
000174,BENDEMEER,KALLANG,education_institutions,2sfca,49.850556025310745
000175,BALESTIER,NOVENA,education_institutions,2sfca,43.92561202866061
000176,TUAS PROMENADE,TUAS,education_institutions,2sfca,0.0
000177,SERANGOON CENTRAL,SERANGOON,education_institutions,2sfca,91.0207797245261
000178,BISHAN EAST,BISHAN,education_institutions,2sfca,73.020391621208
000179,TAMPINES WEST,TAMPINES,education_institutions,2sfca,152.07115782050766
000180,BRICKWORKS,BUKIT BATOK,education_institutions,2sfca,57.37438221031153
000181,SERANGOON NORTH,SERANGOON,education_institutions,2sfca,100.82279936699376
000182,GUILIN,BUKIT BATOK,education_institutions,2sfca,77.26063034226163
000183,WENYA,JURONG WEST,education_institutions,2sfca,60.29744978233853
000184,NATURE RESERVE,BUKIT PANJANG,education_institutions,2sfca,39.8072853774243
000185,TAMPINES EAST,TAMPINES,education_institutions,2sfca,148.9978777672276
000186,LORONG AH SOO,HOUGANG,education_institutions,2sfca,55.18809333213554
000187,FLORA DRIVE,PASIR RIS,education_institutions,2sfca,115.20296157231142
000188,HILLVIEW,BUKIT BATOK,education_institutions,2sfca,48.64636655192475
000189,TOH TUCK,CLEMENTI,education_institutions,2sfca,65.59704989431614
000190,MOUNT PLEASANT,NOVENA,education_institutions,2sfca,43.46993466699442
000191,HILLCREST,BUKIT TIMAH,education_institutions,2sfca,31.919526006931612
000192,JOO SENG,TOA PAYOH,education_institutions,2sfca,76.29052924802376
000193,CHIN BEE,JURONG WEST,education_institutions,2sfca,64.13921950468799
000194,LORONG 8 TOA PAYOH,TOA PAYOH,education_institutions,2sfca,72.6243028307956
000195,TOH GUAN,JURONG EAST,education_institutions,2sfca,72.23177100629381
000196,SIMEI,TAMPINES,education_institutions,2sfca,132.72731908614261
000197,BOON LAY PLACE,JURONG WEST,education_institutions,2sfca,66.5530723185408
000198,BUKIT BATOK EAST,BUKIT BATOK,education_institutions,2sfca,74.148936650356
000199,BUKIT BATOK WEST,BUKIT BATOK,education_institutions,2sfca,66.00319501280046
000200,BUKIT BATOK CENTRAL,BUKIT BATOK,education_institutions,2sfca,77.32956459263156
000201,UPPER PAYA LEBAR,SERANGOON,education_institutions,2sfca,77.03044428634955
000202,TAI SENG,HOUGANG,education_institutions,2sfca,71.78655482974014
000203,TENGEH,TUAS,education_institutions,2sfca,0.47058823529411764
000204,YUHUA WEST,JURONG EAST,education_institutions,2sfca,77.94882074705185
000205,BRADDELL,TOA PAYOH,education_institutions,2sfca,57.477965217061225
000206,BIDADARI,TOA PAYOH,education_institutions,2sfca,75.1752554441258
000207,WOODLEIGH,TOA PAYOH,education_institutions,2sfca,72.53266814000074
000208,TAMAN JURONG,JURONG WEST,education_institutions,2sfca,67.17302630308878
000209,LAKESIDE (LEISURE),JURONG EAST,education_institutions,2sfca,56.16294226947533
000210,TOA PAYOH WEST,TOA PAYOH,education_institutions,2sfca,62.231119175718675
000211,KAKI BUKIT,BEDOK,education_institutions,2sfca,110.25997974207819
000212,YUHUA EAST,JURONG EAST,education_institutions,2sfca,75.20547017202347
000213,BUKIT BATOK SOUTH,BUKIT BATOK,education_institutions,2sfca,68.60211360617006
000214,JURONG WEST CENTRAL,JURONG WEST,education_institutions,2sfca,61.926151409617006
000215,BEDOK RESERVOIR,BEDOK,education_institutions,2sfca,159.67322320550824
000216,LOWER SELETAR,YISHUN,education_institutions,2sfca,52.88560102974156
000217,NORTHSHORE,PUNGGOL,education_institutions,2sfca,62.7454638042248
000218,MANDAI ESTATE,MANDAI,education_institutions,2sfca,82.09405149433955
000219,YISHUN CENTRAL,YISHUN,education_institutions,2sfca,70.41899754931657
000220,PASIR RIS CENTRAL,PASIR RIS,education_institutions,2sfca,107.05626382561367
000221,GOMBAK,BUKIT BATOK,education_institutions,2sfca,83.99518529036725
000222,PAYA LEBAR NORTH,PAYA LEBAR,education_institutions,2sfca,93.48280206914434
000223,HOUGANG EAST,HOUGANG,education_institutions,2sfca,102.85657997059721
000224,LORONG HALUS,HOUGANG,education_institutions,2sfca,56.74402498901411
000225,KANGKAR,HOUGANG,education_institutions,2sfca,99.39504669558414
000226,CHANGI WEST,CHANGI,education_institutions,2sfca,69.72126305067482
000227,HOLLAND DRIVE,QUEENSTOWN,education_institutions,2sfca,58.588751041240606
000228,HOUGANG WEST,HOUGANG,education_institutions,2sfca,102.4591052051025
000229,PAYA LEBAR WEST,PAYA LEBAR,education_institutions,2sfca,85.0429385966755
000230,BANGKIT,BUKIT PANJANG,education_institutions,2sfca,69.686310448338
000231,LORONG HALUS NORTH,SENGKANG,education_institutions,2sfca,100.26256704933088
000232,PENG SIANG,CHOA CHU KANG,education_institutions,2sfca,71.722522034578
000233,PASIR RIS WEST,PASIR RIS,education_institutions,2sfca,90.10610403371474
000234,YIO CHU KANG WEST,ANG MO KIO,education_institutions,2sfca,56.68608130470363
000235,CHANGI POINT,CHANGI,education_institutions,2sfca,15.735967300673183
000236,SENGKANG TOWN CENTRE,SENGKANG,education_institutions,2sfca,101.22772300847465
000237,ANCHORVALE,SENGKANG,education_institutions,2sfca,93.8825362462151
000238,SENGKANG WEST,SENGKANG,education_institutions,2sfca,47.635528037845525
000239,FERNVALE,SENGKANG,education_institutions,2sfca,82.16968024091217
000240,PUNGGOL FIELD,PUNGGOL,education_institutions,2sfca,82.689499419532
000241,YEW TEE,CHOA CHU KANG,education_institutions,2sfca,63.32447402148187
000242,PASIR RIS WAFER FAB PARK,PASIR RIS,education_institutions,2sfca,58.34190122539549
000243,TRAFALGAR,HOUGANG,education_institutions,2sfca,106.76888896168339
000244,TECK WHYE,CHOA CHU KANG,education_institutions,2sfca,76.1055105441903
000245,CHOA CHU KANG CENTRAL,CHOA CHU KANG,education_institutions,2sfca,70.14480811376063
000246,FAJAR,BUKIT PANJANG,education_institutions,2sfca,61.79785423295387
000247,SENJA,BUKIT PANJANG,education_institutions,2sfca,68.61842587253581
000248,SAUJANA,BUKIT PANJANG,education_institutions,2sfca,68.2705997855793
000249,SELETAR HILLS,SERANGOON,education_institutions,2sfca,54.66273249428307
000250,COMPASSVALE,SENGKANG,education_institutions,2sfca,103.27335769393048
000251,YIO CHU KANG EAST,ANG MO KIO,education_institutions,2sfca,42.74779986203269
000252,YIO CHU KANG,ANG MO KIO,education_institutions,2sfca,58.58198664348822
000253,LOYANG WEST,PASIR RIS,education_institutions,2sfca,68.9033143327261
000254,TAGORE,ANG MO KIO,education_institutions,2sfca,41.165176063087856
000255,PASIR RIS PARK,PASIR RIS,education_institutions,2sfca,87.34918201853186
000256,CHOA CHU KANG NORTH,CHOA CHU KANG,education_institutions,2sfca,67.15913733498641
000257,RIVERVALE,SENGKANG,education_institutions,2sfca,99.08870607918718
000258,YIO CHU KANG NORTH,ANG MO KIO,education_institutions,2sfca,61.27845164747748
000259,YUNNAN,JURONG WEST,education_institutions,2sfca,58.06453880758695
000260,LORONG CHUAN,SERANGOON,education_institutions,2sfca,75.95158259913298
000261,HONG KAH,JURONG WEST,education_institutions,2sfca,72.20486514263553
000262,SELETAR,SELETAR,education_institutions,2sfca,70.57632950344157
000263,PANG SUA,SUNGEI KADUT,education_institutions,2sfca,22.549857263479556
000264,SELETAR AEROSPACE PARK,SELETAR,education_institutions,2sfca,26.4717668571338
000265,KHATIB,YISHUN,education_institutions,2sfca,66.30315854469038
000266,MANDAI WEST,MANDAI,education_institutions,2sfca,0.5333333333333333
000267,CONEY ISLAND,PUNGGOL,education_institutions,2sfca,70.04579451487048
000268,YISHUN SOUTH,YISHUN,education_institutions,2sfca,63.00866579106719
000269,RESERVOIR VIEW,SUNGEI KADUT,education_institutions,2sfca,9.329819647157109
000270,WOODLANDS EAST,WOODLANDS,education_institutions,2sfca,100.43458155251668
000271,SEMBAWANG CENTRAL,SEMBAWANG,education_institutions,2sfca,101.88036909830421
000272,GREENWOOD PARK,WOODLANDS,education_institutions,2sfca,79.47892906393646
000273,SEMBAWANG EAST,SEMBAWANG,education_institutions,2sfca,95.24985843249944
000274,SENOKO WEST,WOODLANDS,education_institutions,2sfca,88.35004668593847
000275,MATILDA,PUNGGOL,education_institutions,2sfca,91.18192105710256
000276,WATERWAY EAST,PUNGGOL,education_institutions,2sfca,70.31246118153715
000277,GALI BATU,SUNGEI KADUT,education_institutions,2sfca,60.90645279539613
000278,CRAWFORD,KALLANG,education_institutions,2sfca,42.668876067782485
000279,TUAS BAY,TUAS,education_institutions,2sfca,0.0
000280,TUAS VIEW,TUAS,education_institutions,2sfca,0.0
000281,BAHAR,WESTERN WATER CATCHMENT,education_institutions,2sfca,21.90884245800116
000282,CLEANTECH,WESTERN WATER CATCHMENT,education_institutions,2sfca,0.0
000283,LAKESIDE (BUSINESS),JURONG EAST,education_institutions,2sfca,65.86487938896128
000284,PARK,TENGAH,education_institutions,2sfca,60.99890520900235
000285,BRICKLAND,TENGAH,education_institutions,2sfca,93.4218941475764
000286,FOREST HILL,TENGAH,education_institutions,2sfca,54.15706276532649
000287,PLANTATION,TENGAH,education_institutions,2sfca,65.46868993824963
000288,GARDEN,TENGAH,education_institutions,2sfca,68.48178077525628
000289,AIRPORT ROAD,PAYA LEBAR,education_institutions,2sfca,57.42608945875981
000290,NORTH COAST,WOODLANDS,education_institutions,2sfca,69.76273800861497
000291,SPRINGLEAF,YISHUN,education_institutions,2sfca,44.56594395150324
000292,PUNGGOL TOWN CENTRE,PUNGGOL,education_institutions,2sfca,78.85108611137325
000293,PUNGGOL CANAL,PUNGGOL,education_institutions,2sfca,8.0
000294,CENTRAL WATER CATCHMENT,CENTRAL WATER CATCHMENT,education_institutions,2sfca,28.816444448448756
000295,SEMBAWANG STRAITS,SEMBAWANG,education_institutions,2sfca,17.961665914289416
000296,THE WHARVES,SEMBAWANG,education_institutions,2sfca,47.65536012035406
000297,SENOKO NORTH,SEMBAWANG,education_institutions,2sfca,63.97959539809587
000298,CHANGI AIRPORT,CHANGI,education_institutions,2sfca,0.0
000299,PEOPLE'S PARK,OUTRAM,education_institutions,2sfca,26.47752865413327
000300,MOUNTBATTEN,MARINE PARADE,education_institutions,2sfca,68.70214040969974
000301,ALJUNIED,GEYLANG,education_institutions,2sfca,81.14525388022457
000302,PULAU PUNGGOL TIMOR,SELETAR,education_institutions,2sfca,7.6774518844999395
000303,TURF CLUB,SUNGEI KADUT,education_institutions,2sfca,43.245888098829276
000304,WOODLANDS SOUTH,WOODLANDS,education_institutions,2sfca,78.82675515089299
000305,WOODGROVE,WOODLANDS,education_institutions,2sfca,67.10940467528164
000306,YISHUN EAST,YISHUN,education_institutions,2sfca,64.75533245773386
000307,MURAI,WESTERN WATER CATCHMENT,education_institutions,2sfca,2.2198830409356725
000308,PULAU PUNGGOL BARAT,SELETAR,education_institutions,2sfca,3.3904761904761904
000309,PULAU SELETAR,SIMPANG,education_institutions,2sfca,21.825706800939
000310,ADMIRALTY,SEMBAWANG,education_institutions,2sfca,32.64418512403975
000311,LIM CHU KANG,LIM CHU KANG,education_institutions,2sfca,0.0
000312,SIMPANG NORTH,SIMPANG,education_institutions,2sfca,70.81685851188341
000313,SENOKO SOUTH,SEMBAWANG,education_institutions,2sfca,87.51796648543721
000314,SEMBAWANG NORTH,SEMBAWANG,education_institutions,2sfca,79.90344602138114
000315,TANJONG IRAU,SIMPANG,education_institutions,2sfca,13.102324675817744
000316,YISHUN WEST,YISHUN,education_institutions,2sfca,85.23130639630034
000317,WOODLANDS REGIONAL CENTRE,WOODLANDS,education_institutions,2sfca,77.56464334965075
000318,NORTH-EASTERN ISLANDS,NORTH-EASTERN ISLANDS,education_institutions,2sfca,0.0
000319,SIMPANG SOUTH,SIMPANG,education_institutions,2sfca,59.52305175597947
000320,NORTHLAND,YISHUN,education_institutions,2sfca,74.01685851188341
000321,MIDVIEW,WOODLANDS,education_institutions,2sfca,84.44396061514651
000322,WOODLANDS WEST,WOODLANDS,education_institutions,2sfca,67.10940467528164
000323,SEMBAWANG SPRINGS,SEMBAWANG,education_institutions,2sfca,104.81396099660199
000324,KRANJI,SUNGEI KADUT,education_institutions,2sfca,17.484249084249086
000325,PLAB,PAYA LEBAR,education_institutions,2sfca,73.69078267542466
000326,MANDAI EAST,MANDAI,education_institutions,2sfca,98.96399331722256
000327,NEE SOON,YISHUN,education_institutions,2sfca,42.34024626933767
000328,UPPER THOMSON,BISHAN,education_institutions,2sfca,55.19407045648078
000329,SHANGRI-LA,ANG MO KIO,education_institutions,2sfca,66.41463243087308
000330,TOWNSVILLE,ANG MO KIO,education_institutions,2sfca,84.41665444849016
000331,MARYMOUNT,BISHAN,education_institutions,2sfca,65.98320356396655
000332,TUAS VIEW EXTENSION,TUAS,education_institutions,2sfca,0.0
000001,DEPOT ROAD,BUKIT MERAH,education_institutions,cumulative,192.0
000002,BUKIT MERAH,BUKIT MERAH,education_institutions,cumulative,202.0
000003,CHINATOWN,OUTRAM,education_institutions,cumulative,205.0
000004,PHILLIP,DOWNTOWN CORE,education_institutions,cumulative,229.0
000005,RAFFLES PLACE,DOWNTOWN CORE,education_institutions,cumulative,211.0
000006,CHINA SQUARE,OUTRAM,education_institutions,cumulative,223.0
000007,TIONG BAHRU,BUKIT MERAH,education_institutions,cumulative,230.0
000008,BAYFRONT SUBZONE,DOWNTOWN CORE,education_institutions,cumulative,172.0
000009,TIONG BAHRU STATION,BUKIT MERAH,education_institutions,cumulative,227.0
000010,CLIFFORD PIER,DOWNTOWN CORE,education_institutions,cumulative,216.0
000011,MARINA SOUTH,MARINA SOUTH,education_institutions,cumulative,66.0
000012,NICOLL,DOWNTOWN CORE,education_institutions,cumulative,264.0
000013,MARINA EAST,MARINA EAST,education_institutions,cumulative,171.0
000014,INSTITUTION HILL,RIVER VALLEY,education_institutions,cumulative,259.0
000015,ROBERTSON QUAY,SINGAPORE RIVER,education_institutions,cumulative,244.0
000016,JURONG ISLAND AND BUKOM,WESTERN ISLANDS,education_institutions,cumulative,0.0
000017,FORT CANNING,MUSEUM,education_institutions,cumulative,233.0
000018,PEARL'S HILL,OUTRAM,education_institutions,cumulative,234.0
000019,BOAT QUAY,SINGAPORE RIVER,education_institutions,cumulative,243.0
000020,HENDERSON HILL,BUKIT MERAH,education_institutions,cumulative,238.0
000021,REDHILL,BUKIT MERAH,education_institutions,cumulative,232.0
000022,ALEXANDRA HILL,BUKIT MERAH,education_institutions,cumulative,205.0
000023,BUKIT HO SWEE,BUKIT MERAH,education_institutions,cumulative,248.0
000024,CLARKE QUAY,SINGAPORE RIVER,education_institutions,cumulative,237.0
000025,PASIR PANJANG 1,QUEENSTOWN,education_institutions,cumulative,91.0
000026,QUEENSWAY,QUEENSTOWN,education_institutions,cumulative,166.0
000027,MARINA EAST (MP),MARINE PARADE,education_institutions,cumulative,163.0
000028,SUDONG,WESTERN ISLANDS,education_institutions,cumulative,0.0
000029,SEMAKAU,WESTERN ISLANDS,education_institutions,cumulative,123.0
000030,SOUTHERN GROUP,SOUTHERN ISLANDS,education_institutions,cumulative,115.0
000031,SENTOSA,SOUTHERN ISLANDS,education_institutions,cumulative,115.0
000032,CITY TERMINALS,BUKIT MERAH,education_institutions,cumulative,172.0
000033,ANSON,DOWNTOWN CORE,education_institutions,cumulative,181.0
000034,STRAITS VIEW,STRAITS VIEW,education_institutions,cumulative,91.0
000035,MARITIME SQUARE,BUKIT MERAH,education_institutions,cumulative,161.0
000036,TELOK BLANGAH RISE,BUKIT MERAH,education_institutions,cumulative,178.0
000037,TANJONG PAGAR,DOWNTOWN CORE,education_institutions,cumulative,169.0
000038,EVERTON PARK,BUKIT MERAH,education_institutions,cumulative,185.0
000039,TELOK BLANGAH WAY,BUKIT MERAH,education_institutions,cumulative,178.0
000040,MAXWELL,DOWNTOWN CORE,education_institutions,cumulative,193.0
000041,CECIL,DOWNTOWN CORE,education_institutions,cumulative,169.0
000042,KAMPONG TIONG BAHRU,BUKIT MERAH,education_institutions,cumulative,202.0
000043,TELOK BLANGAH DRIVE,BUKIT MERAH,education_institutions,cumulative,159.0
000044,PASIR PANJANG 2,QUEENSTOWN,education_institutions,cumulative,118.0
000045,CENTRAL SUBZONE,DOWNTOWN CORE,education_institutions,cumulative,132.0
000046,SINGAPORE GENERAL HOSPITAL,BUKIT MERAH,education_institutions,cumulative,214.0
000047,BUGIS,DOWNTOWN CORE,education_institutions,cumulative,279.0
000048,VICTORIA,ROCHOR,education_institutions,cumulative,280.0
000049,PATERSON,RIVER VALLEY,education_institutions,cumulative,290.0
000050,EAST COAST,MARINE PARADE,education_institutions,cumulative,187.0
000051,NATIONAL UNIVERSITY OF S'PORE,QUEENSTOWN,education_institutions,cumulative,111.0
000052,ONE TREE HILL,RIVER VALLEY,education_institutions,cumulative,292.0
000053,COMMONWEALTH,QUEENSTOWN,education_institutions,cumulative,215.0
000054,DOVER,QUEENSTOWN,education_institutions,cumulative,167.0
000055,RIDOUT,TANGLIN,education_institutions,cumulative,248.0
000056,CAIRNHILL,NEWTON,education_institutions,cumulative,305.0
000057,CLEMENTI WEST,CLEMENTI,education_institutions,cumulative,128.0
000058,MONK'S HILL,NEWTON,education_institutions,cumulative,311.0
000059,SIGLAP,BEDOK,education_institutions,cumulative,190.0
000060,CLEMENTI WOODS,CLEMENTI,education_institutions,cumulative,121.0
000061,PIONEER SECTOR,PIONEER,education_institutions,cumulative,0.0
000062,PENJURU CRESCENT,JURONG EAST,education_institutions,cumulative,44.0
000063,ORANGE GROVE,NEWTON,education_institutions,cumulative,306.0
000064,KAMPONG BUGIS,KALLANG,education_institutions,cumulative,0.0
000065,KENT RIDGE,QUEENSTOWN,education_institutions,cumulative,138.0
000066,ALEXANDRA NORTH,BUKIT MERAH,education_institutions,cumulative,252.0
000067,TANGLIN HALT,QUEENSTOWN,education_institutions,cumulative,220.0
000068,MACKENZIE,ROCHOR,education_institutions,cumulative,284.0
000069,SUNGEI ROAD,ROCHOR,education_institutions,cumulative,303.0
000070,ONE NORTH,QUEENSTOWN,education_institutions,cumulative,196.0
000071,TANJONG RHU,KALLANG,education_institutions,cumulative,214.0
000072,KATONG,MARINE PARADE,education_institutions,cumulative,241.0
000073,BOULEVARD,ORCHARD,education_institutions,cumulative,313.0
000074,ISTANA NEGARA,NEWTON,education_institutions,cumulative,236.0
000075,LITTLE INDIA,ROCHOR,education_institutions,cumulative,305.0
000076,GUL BASIN,PIONEER,education_institutions,cumulative,1.0
000077,MARINA CENTRE,DOWNTOWN CORE,education_institutions,cumulative,226.0
000078,BRAS BASAH,MUSEUM,education_institutions,cumulative,273.0
000079,SOMERSET,ORCHARD,education_institutions,cumulative,291.0
000080,BENCOOLEN,ROCHOR,education_institutions,cumulative,285.0
000081,CHATSWORTH,TANGLIN,education_institutions,cumulative,275.0
000082,KAMPONG GLAM,ROCHOR,education_institutions,cumulative,289.0
000083,SELEGIE,ROCHOR,education_institutions,cumulative,289.0
000084,MOUNT EMILY,ROCHOR,education_institutions,cumulative,266.0
000085,ROCHOR CANAL,ROCHOR,education_institutions,cumulative,281.0
000086,MARGARET DRIVE,QUEENSTOWN,education_institutions,cumulative,229.0
000087,OXLEY,RIVER VALLEY,education_institutions,cumulative,275.0
000088,CITY HALL,DOWNTOWN CORE,education_institutions,cumulative,252.0
000089,MEI CHIN,QUEENSTOWN,education_institutions,cumulative,198.0
000090,LEONIE HILL,RIVER VALLEY,education_institutions,cumulative,281.0
000091,PORT,QUEENSTOWN,education_institutions,cumulative,90.0
000092,DHOBY GHAUT,MUSEUM,education_institutions,cumulative,291.0
000093,MACPHERSON,GEYLANG,education_institutions,cumulative,350.0
000094,KIM KEAT,TOA PAYOH,education_institutions,cumulative,262.0
000095,BEDOK NORTH,BEDOK,education_institutions,cumulative,275.0
000096,TOA PAYOH CENTRAL,TOA PAYOH,education_institutions,cumulative,301.0
000097,JURONG GATEWAY,JURONG EAST,education_institutions,cumulative,236.0
000098,HOLLAND ROAD,BUKIT TIMAH,education_institutions,cumulative,172.0
000099,KAMPONG UBI,GEYLANG,education_institutions,cumulative,322.0
000100,SENNETT,TOA PAYOH,education_institutions,cumulative,365.0
000101,POTONG PASIR,TOA PAYOH,education_institutions,cumulative,332.0
000102,TUAS NORTH,TUAS,education_institutions,cumulative,1.0
000103,PEI CHUN,TOA PAYOH,education_institutions,cumulative,365.0
000104,BOON TECK,TOA PAYOH,education_institutions,cumulative,290.0
000105,KIAN TECK,JURONG WEST,education_institutions,cumulative,135.0
000106,SAFTI,JURONG WEST,education_institutions,cumulative,79.0
000107,FARRER PARK,ROCHOR,education_institutions,cumulative,304.0
000108,NEWTON CIRCUS,NEWTON,education_institutions,cumulative,320.0
000109,JURONG PORT,JURONG EAST,education_institutions,cumulative,0.0
000110,ANG MO KIO TOWN CENTRE,ANG MO KIO,education_institutions,cumulative,271.0
000111,KEBUN BAHRU,ANG MO KIO,education_institutions,cumulative,169.0
000112,SERANGOON NORTH IND ESTATE,SERANGOON,education_institutions,cumulative,366.0
000113,TENGAH INDUSTRIAL ESTATE,TENGAH,education_institutions,cumulative,152.0
000114,SAMULUN,BOON LAY,education_institutions,cumulative,47.0
000115,SHIPYARD,BOON LAY,education_institutions,cumulative,32.0
000116,GHIM MOH,QUEENSTOWN,education_institutions,cumulative,194.0
000117,LAVENDER,KALLANG,education_institutions,cumulative,329.0
000118,FRANKEL,BEDOK,education_institutions,cumulative,249.0
000119,CLEMENTI NORTH,CLEMENTI,education_institutions,cumulative,199.0
000120,LEEDON PARK,BUKIT TIMAH,education_institutions,cumulative,191.0
000121,GEYLANG EAST,GEYLANG,education_institutions,cumulative,294.0
000122,TEBAN GARDENS,JURONG EAST,education_institutions,cumulative,168.0
000123,JURONG RIVER,JURONG EAST,education_institutions,cumulative,73.0
000124,GEYLANG BAHRU,KALLANG,education_institutions,cumulative,365.0
000125,GOODWOOD PARK,NEWTON,education_institutions,cumulative,253.0
000126,PANDAN,CLEMENTI,education_institutions,cumulative,116.0
000127,SINGAPORE POLYTECHNIC,QUEENSTOWN,education_institutions,cumulative,187.0
000128,CLEMENTI CENTRAL,CLEMENTI,education_institutions,cumulative,178.0
000129,KAMPONG JAVA,KALLANG,education_institutions,cumulative,291.0
000130,BOON KENG,KALLANG,education_institutions,cumulative,344.0
000131,KALLANG BAHRU,KALLANG,education_institutions,cumulative,320.0
000132,ULU PANDAN,BUKIT TIMAH,education_institutions,cumulative,188.0
000133,FARRER COURT,BUKIT TIMAH,education_institutions,cumulative,181.0
000134,NASSIM,TANGLIN,education_institutions,cumulative,205.0
000135,WEST COAST,CLEMENTI,education_institutions,cumulative,142.0
000136,BAYSHORE,BEDOK,education_institutions,cumulative,110.0
000137,BENOI SECTOR,PIONEER,education_institutions,cumulative,72.0
000138,GUL CIRCLE,PIONEER,education_institutions,cumulative,6.0
000139,TYERSALL,TANGLIN,education_institutions,cumulative,194.0
000140,MOULMEIN,NOVENA,education_institutions,cumulative,299.0
000141,LIU FANG,BOON LAY,education_institutions,cumulative,110.0
000142,TANGLIN,ORCHARD,education_institutions,cumulative,292.0
000143,MARINE PARADE,MARINE PARADE,education_institutions,cumulative,220.0
000144,JOO KOON,PIONEER,education_institutions,cumulative,76.0
000145,KALLANG WAY,GEYLANG,education_institutions,cumulative,361.0
000146,INTERNATIONAL BUSINESS PARK,JURONG EAST,education_institutions,cumulative,2.0
000147,TUKANG,BOON LAY,education_institutions,cumulative,152.0
000148,CORONATION ROAD,BUKIT TIMAH,education_institutions,cumulative,141.0
000149,KEMBANGAN,BEDOK,education_institutions,cumulative,251.0
000150,DUNEARN,NOVENA,education_institutions,cumulative,189.0
000151,SUNSET WAY,CLEMENTI,education_institutions,cumulative,148.0
000152,ANAK BUKIT,BUKIT TIMAH,education_institutions,cumulative,197.0
000153,SWISS CLUB,BUKIT TIMAH,education_institutions,cumulative,0.0
000154,XILIN,TAMPINES,education_institutions,cumulative,140.0
000155,FABER,CLEMENTI,education_institutions,cumulative,174.0
000156,MALCOLM,NOVENA,education_institutions,cumulative,261.0
000157,BEDOK SOUTH,BEDOK,education_institutions,cumulative,211.0
000158,DEFU INDUSTRIAL PARK,HOUGANG,education_institutions,cumulative,300.0
000159,CHANGI BAY,CHANGI BAY,education_institutions,cumulative,0.0
000160,PAYA LEBAR EAST,PAYA LEBAR,education_institutions,cumulative,189.0
000161,HONG KAH NORTH,BUKIT BATOK,education_institutions,cumulative,252.0
000162,KOVAN,HOUGANG,education_institutions,cumulative,303.0
000163,CHONG BOON,ANG MO KIO,education_institutions,cumulative,344.0
000164,SERANGOON GARDEN,SERANGOON,education_institutions,cumulative,370.0
000165,HOUGANG CENTRAL,HOUGANG,education_institutions,cumulative,328.0
000166,LOYANG EAST,PASIR RIS,education_institutions,cumulative,144.0
000167,DAIRY FARM,BUKIT PANJANG,education_institutions,cumulative,189.0
000168,PASIR RIS DRIVE,PASIR RIS,education_institutions,cumulative,179.0
000169,TAMPINES NORTH,TAMPINES,education_institutions,cumulative,173.0
000170,CHENG SAN,ANG MO KIO,education_institutions,cumulative,306.0
000171,SEMBAWANG HILLS,ANG MO KIO,education_institutions,cumulative,155.0
000172,JELEBU,BUKIT PANJANG,education_institutions,cumulative,186.0
000173,KEAT HONG,CHOA CHU KANG,education_institutions,cumulative,225.0
000174,BENDEMEER,KALLANG,education_institutions,cumulative,306.0
000175,BALESTIER,NOVENA,education_institutions,cumulative,282.0
000176,TUAS PROMENADE,TUAS,education_institutions,cumulative,0.0
000177,SERANGOON CENTRAL,SERANGOON,education_institutions,cumulative,396.0
000178,BISHAN EAST,BISHAN,education_institutions,cumulative,295.0
000179,TAMPINES WEST,TAMPINES,education_institutions,cumulative,264.0
000180,BRICKWORKS,BUKIT BATOK,education_institutions,cumulative,189.0
000181,SERANGOON NORTH,SERANGOON,education_institutions,cumulative,358.0
000182,GUILIN,BUKIT BATOK,education_institutions,cumulative,234.0
000183,WENYA,JURONG WEST,education_institutions,cumulative,155.0
000184,NATURE RESERVE,BUKIT PANJANG,education_institutions,cumulative,108.0
000185,TAMPINES EAST,TAMPINES,education_institutions,cumulative,251.0
000186,LORONG AH SOO,HOUGANG,education_institutions,cumulative,238.0
000187,FLORA DRIVE,PASIR RIS,education_institutions,cumulative,197.0
000188,HILLVIEW,BUKIT BATOK,education_institutions,cumulative,143.0
000189,TOH TUCK,CLEMENTI,education_institutions,cumulative,212.0
000190,MOUNT PLEASANT,NOVENA,education_institutions,cumulative,206.0
000191,HILLCREST,BUKIT TIMAH,education_institutions,cumulative,110.0
000192,JOO SENG,TOA PAYOH,education_institutions,cumulative,343.0
000193,CHIN BEE,JURONG WEST,education_institutions,cumulative,168.0
000194,LORONG 8 TOA PAYOH,TOA PAYOH,education_institutions,cumulative,355.0
000195,TOH GUAN,JURONG EAST,education_institutions,cumulative,231.0
000196,SIMEI,TAMPINES,education_institutions,cumulative,220.0
000197,BOON LAY PLACE,JURONG WEST,education_institutions,cumulative,170.0
000198,BUKIT BATOK EAST,BUKIT BATOK,education_institutions,cumulative,234.0
000199,BUKIT BATOK WEST,BUKIT BATOK,education_institutions,cumulative,213.0
000200,BUKIT BATOK CENTRAL,BUKIT BATOK,education_institutions,cumulative,243.0
000201,UPPER PAYA LEBAR,SERANGOON,education_institutions,cumulative,350.0
000202,TAI SENG,HOUGANG,education_institutions,cumulative,289.0
000203,TENGEH,TUAS,education_institutions,cumulative,1.0
000204,YUHUA WEST,JURONG EAST,education_institutions,cumulative,234.0
000205,BRADDELL,TOA PAYOH,education_institutions,cumulative,290.0
000206,BIDADARI,TOA PAYOH,education_institutions,cumulative,366.0
000207,WOODLEIGH,TOA PAYOH,education_institutions,cumulative,345.0
000208,TAMAN JURONG,JURONG WEST,education_institutions,cumulative,185.0
000209,LAKESIDE (LEISURE),JURONG EAST,education_institutions,cumulative,163.0
000210,TOA PAYOH WEST,TOA PAYOH,education_institutions,cumulative,291.0
000211,KAKI BUKIT,BEDOK,education_institutions,cumulative,270.0
000212,YUHUA EAST,JURONG EAST,education_institutions,cumulative,238.0
000213,BUKIT BATOK SOUTH,BUKIT BATOK,education_institutions,cumulative,218.0
000214,JURONG WEST CENTRAL,JURONG WEST,education_institutions,cumulative,152.0
000215,BEDOK RESERVOIR,BEDOK,education_institutions,cumulative,288.0
000216,LOWER SELETAR,YISHUN,education_institutions,cumulative,105.0
000217,NORTHSHORE,PUNGGOL,education_institutions,cumulative,156.0
000218,MANDAI ESTATE,MANDAI,education_institutions,cumulative,185.0
000219,YISHUN CENTRAL,YISHUN,education_institutions,cumulative,156.0
000220,PASIR RIS CENTRAL,PASIR RIS,education_institutions,cumulative,188.0
000221,GOMBAK,BUKIT BATOK,education_institutions,cumulative,229.0
000222,PAYA LEBAR NORTH,PAYA LEBAR,education_institutions,cumulative,191.0
000223,HOUGANG EAST,HOUGANG,education_institutions,cumulative,330.0
000224,LORONG HALUS,HOUGANG,education_institutions,cumulative,207.0
000225,KANGKAR,HOUGANG,education_institutions,cumulative,330.0
000226,CHANGI WEST,CHANGI,education_institutions,cumulative,124.0
000227,HOLLAND DRIVE,QUEENSTOWN,education_institutions,cumulative,231.0
000228,HOUGANG WEST,HOUGANG,education_institutions,cumulative,351.0
000229,PAYA LEBAR WEST,PAYA LEBAR,education_institutions,cumulative,253.0
000230,BANGKIT,BUKIT PANJANG,education_institutions,cumulative,177.0
000231,LORONG HALUS NORTH,SENGKANG,education_institutions,cumulative,274.0
000232,PENG SIANG,CHOA CHU KANG,education_institutions,cumulative,185.0
000233,PASIR RIS WEST,PASIR RIS,education_institutions,cumulative,163.0
000234,YIO CHU KANG WEST,ANG MO KIO,education_institutions,cumulative,170.0
000235,CHANGI POINT,CHANGI,education_institutions,cumulative,25.0
000236,SENGKANG TOWN CENTRE,SENGKANG,education_institutions,cumulative,294.0
000237,ANCHORVALE,SENGKANG,education_institutions,cumulative,278.0
000238,SENGKANG WEST,SENGKANG,education_institutions,cumulative,160.0
000239,FERNVALE,SENGKANG,education_institutions,cumulative,253.0
000240,PUNGGOL FIELD,PUNGGOL,education_institutions,cumulative,217.0
000241,YEW TEE,CHOA CHU KANG,education_institutions,cumulative,154.0
000242,PASIR RIS WAFER FAB PARK,PASIR RIS,education_institutions,cumulative,136.0
000243,TRAFALGAR,HOUGANG,education_institutions,cumulative,359.0
000244,TECK WHYE,CHOA CHU KANG,education_institutions,cumulative,198.0
000245,CHOA CHU KANG CENTRAL,CHOA CHU KANG,education_institutions,cumulative,178.0
000246,FAJAR,BUKIT PANJANG,education_institutions,cumulative,152.0
000247,SENJA,BUKIT PANJANG,education_institutions,cumulative,172.0
000248,SAUJANA,BUKIT PANJANG,education_institutions,cumulative,171.0
000249,SELETAR HILLS,SERANGOON,education_institutions,cumulative,184.0
000250,COMPASSVALE,SENGKANG,education_institutions,cumulative,325.0
000251,YIO CHU KANG EAST,ANG MO KIO,education_institutions,cumulative,132.0
000252,YIO CHU KANG,ANG MO KIO,education_institutions,cumulative,172.0
000253,LOYANG WEST,PASIR RIS,education_institutions,cumulative,122.0
000254,TAGORE,ANG MO KIO,education_institutions,cumulative,110.0
000255,PASIR RIS PARK,PASIR RIS,education_institutions,cumulative,156.0
000256,CHOA CHU KANG NORTH,CHOA CHU KANG,education_institutions,cumulative,168.0
000257,RIVERVALE,SENGKANG,education_institutions,cumulative,290.0
000258,YIO CHU KANG NORTH,ANG MO KIO,education_institutions,cumulative,186.0
000259,YUNNAN,JURONG WEST,education_institutions,cumulative,139.0
000260,LORONG CHUAN,SERANGOON,education_institutions,cumulative,348.0
000261,HONG KAH,JURONG WEST,education_institutions,cumulative,200.0
000262,SELETAR,SELETAR,education_institutions,cumulative,195.0
000263,PANG SUA,SUNGEI KADUT,education_institutions,cumulative,53.0
000264,SELETAR AEROSPACE PARK,SELETAR,education_institutions,cumulative,77.0
000265,KHATIB,YISHUN,education_institutions,cumulative,145.0
000266,MANDAI WEST,MANDAI,education_institutions,cumulative,1.0
000267,CONEY ISLAND,PUNGGOL,education_institutions,cumulative,181.0
000268,YISHUN SOUTH,YISHUN,education_institutions,cumulative,135.0
000269,RESERVOIR VIEW,SUNGEI KADUT,education_institutions,cumulative,20.0
000270,WOODLANDS EAST,WOODLANDS,education_institutions,cumulative,219.0
000271,SEMBAWANG CENTRAL,SEMBAWANG,education_institutions,cumulative,226.0
000272,GREENWOOD PARK,WOODLANDS,education_institutions,cumulative,167.0
000273,SEMBAWANG EAST,SEMBAWANG,education_institutions,cumulative,213.0
000274,SENOKO WEST,WOODLANDS,education_institutions,cumulative,191.0
000275,MATILDA,PUNGGOL,education_institutions,cumulative,256.0
000276,WATERWAY EAST,PUNGGOL,education_institutions,cumulative,182.0
000277,GALI BATU,SUNGEI KADUT,education_institutions,cumulative,146.0
000278,CRAWFORD,KALLANG,education_institutions,cumulative,285.0
000279,TUAS BAY,TUAS,education_institutions,cumulative,0.0
000280,TUAS VIEW,TUAS,education_institutions,cumulative,0.0
000281,BAHAR,WESTERN WATER CATCHMENT,education_institutions,cumulative,50.0
000282,CLEANTECH,WESTERN WATER CATCHMENT,education_institutions,cumulative,0.0
000283,LAKESIDE (BUSINESS),JURONG EAST,education_institutions,cumulative,215.0
000284,PARK,TENGAH,education_institutions,cumulative,186.0
000285,BRICKLAND,TENGAH,education_institutions,cumulative,265.0
000286,FOREST HILL,TENGAH,education_institutions,cumulative,156.0
000287,PLANTATION,TENGAH,education_institutions,cumulative,205.0
000288,GARDEN,TENGAH,education_institutions,cumulative,211.0
000289,AIRPORT ROAD,PAYA LEBAR,education_institutions,cumulative,209.0
000290,NORTH COAST,WOODLANDS,education_institutions,cumulative,138.0
000291,SPRINGLEAF,YISHUN,education_institutions,cumulative,97.0
000292,PUNGGOL TOWN CENTRE,PUNGGOL,education_institutions,cumulative,209.0
000293,PUNGGOL CANAL,PUNGGOL,education_institutions,cumulative,1.0
000294,CENTRAL WATER CATCHMENT,CENTRAL WATER CATCHMENT,education_institutions,cumulative,69.0
000295,SEMBAWANG STRAITS,SEMBAWANG,education_institutions,cumulative,51.0
000296,THE WHARVES,SEMBAWANG,education_institutions,cumulative,123.0
000297,SENOKO NORTH,SEMBAWANG,education_institutions,cumulative,146.0
000298,CHANGI AIRPORT,CHANGI,education_institutions,cumulative,0.0
000299,PEOPLE'S PARK,OUTRAM,education_institutions,cumulative,220.0
000300,MOUNTBATTEN,MARINE PARADE,education_institutions,cumulative,219.0
000301,ALJUNIED,GEYLANG,education_institutions,cumulative,312.0
000302,PULAU PUNGGOL TIMOR,SELETAR,education_institutions,cumulative,21.0
000303,TURF CLUB,SUNGEI KADUT,education_institutions,cumulative,76.0
000304,WOODLANDS SOUTH,WOODLANDS,education_institutions,cumulative,165.0
000305,WOODGROVE,WOODLANDS,education_institutions,cumulative,130.0
000306,YISHUN EAST,YISHUN,education_institutions,cumulative,142.0
000307,MURAI,WESTERN WATER CATCHMENT,education_institutions,cumulative,5.0
000308,PULAU PUNGGOL BARAT,SELETAR,education_institutions,cumulative,6.0
000309,PULAU SELETAR,SIMPANG,education_institutions,cumulative,40.0
000310,ADMIRALTY,SEMBAWANG,education_institutions,cumulative,89.0
000311,LIM CHU KANG,LIM CHU KANG,education_institutions,cumulative,0.0
000312,SIMPANG NORTH,SIMPANG,education_institutions,cumulative,158.0
000313,SENOKO SOUTH,SEMBAWANG,education_institutions,cumulative,194.0
000314,SEMBAWANG NORTH,SEMBAWANG,education_institutions,cumulative,187.0
000315,TANJONG IRAU,SIMPANG,education_institutions,cumulative,37.0
000316,YISHUN WEST,YISHUN,education_institutions,cumulative,192.0
000317,WOODLANDS REGIONAL CENTRE,WOODLANDS,education_institutions,cumulative,162.0
000318,NORTH-EASTERN ISLANDS,NORTH-EASTERN ISLANDS,education_institutions,cumulative,0.0
000319,SIMPANG SOUTH,SIMPANG,education_institutions,cumulative,126.0
000320,NORTHLAND,YISHUN,education_institutions,cumulative,166.0
000321,MIDVIEW,WOODLANDS,education_institutions,cumulative,181.0
000322,WOODLANDS WEST,WOODLANDS,education_institutions,cumulative,130.0
000323,SEMBAWANG SPRINGS,SEMBAWANG,education_institutions,cumulative,231.0
000324,KRANJI,SUNGEI KADUT,education_institutions,cumulative,28.0
000325,PLAB,PAYA LEBAR,education_institutions,cumulative,265.0
000326,MANDAI EAST,MANDAI,education_institutions,cumulative,216.0
000327,NEE SOON,YISHUN,education_institutions,cumulative,90.0
000328,UPPER THOMSON,BISHAN,education_institutions,cumulative,185.0
000329,SHANGRI-LA,ANG MO KIO,education_institutions,cumulative,219.0
000330,TOWNSVILLE,ANG MO KIO,education_institutions,cumulative,301.0
000331,MARYMOUNT,BISHAN,education_institutions,cumulative,245.0
000332,TUAS VIEW EXTENSION,TUAS,education_institutions,cumulative,0.0
000001,DEPOT ROAD,BUKIT MERAH,education_institutions,hansen,656.9431693718992
000002,BUKIT MERAH,BUKIT MERAH,education_institutions,hansen,8024405.709738763
000003,CHINATOWN,OUTRAM,education_institutions,hansen,522.1701649067885
000004,PHILLIP,DOWNTOWN CORE,education_institutions,hansen,8000477.92777075
000005,RAFFLES PLACE,DOWNTOWN CORE,education_institutions,hansen,586.6953326692974
000006,CHINA SQUARE,OUTRAM,education_institutions,hansen,8000511.250740849
000007,TIONG BAHRU,BUKIT MERAH,education_institutions,hansen,1366.5435021026844
000008,BAYFRONT SUBZONE,DOWNTOWN CORE,education_institutions,hansen,133.87286287355536
000009,TIONG BAHRU STATION,BUKIT MERAH,education_institutions,hansen,865.392005105405
000010,CLIFFORD PIER,DOWNTOWN CORE,education_institutions,hansen,298.9767989966332
000011,MARINA SOUTH,MARINA SOUTH,education_institutions,hansen,39.17096066090212
000012,NICOLL,DOWNTOWN CORE,education_institutions,hansen,298.26940269008577
000013,MARINA EAST,MARINA EAST,education_institutions,hansen,109.35840503501908
000014,INSTITUTION HILL,RIVER VALLEY,education_institutions,hansen,392.09968396144654
000015,ROBERTSON QUAY,SINGAPORE RIVER,education_institutions,hansen,385.31954582261324
000016,JURONG ISLAND AND BUKOM,WESTERN ISLANDS,education_institutions,hansen,0.0
000017,FORT CANNING,MUSEUM,education_institutions,hansen,248.89057753380143
000018,PEARL'S HILL,OUTRAM,education_institutions,hansen,478.5381728425722
000019,BOAT QUAY,SINGAPORE RIVER,education_institutions,hansen,545.9880002710427
000020,HENDERSON HILL,BUKIT MERAH,education_institutions,hansen,902.6756377532212
000021,REDHILL,BUKIT MERAH,education_institutions,hansen,1080.3155844345606
000022,ALEXANDRA HILL,BUKIT MERAH,education_institutions,hansen,721.2131355489371
000023,BUKIT HO SWEE,BUKIT MERAH,education_institutions,hansen,1695.6735145167663
000024,CLARKE QUAY,SINGAPORE RIVER,education_institutions,hansen,662.3358080649199
000025,PASIR PANJANG 1,QUEENSTOWN,education_institutions,hansen,1852.3617745027486
000026,QUEENSWAY,QUEENSTOWN,education_institutions,hansen,8000158.796673399
000027,MARINA EAST (MP),MARINE PARADE,education_institutions,hansen,191.70551507401586
000028,SUDONG,WESTERN ISLANDS,education_institutions,hansen,0.0
000029,SEMAKAU,WESTERN ISLANDS,education_institutions,hansen,116.13455266592779
000030,SOUTHERN GROUP,SOUTHERN ISLANDS,education_institutions,hansen,16000072.164676523
000031,SENTOSA,SOUTHERN ISLANDS,education_institutions,hansen,16000072.164676523
000032,CITY TERMINALS,BUKIT MERAH,education_institutions,hansen,225.82500088843776
000033,ANSON,DOWNTOWN CORE,education_institutions,hansen,6014.208380095578
000034,STRAITS VIEW,STRAITS VIEW,education_institutions,hansen,69.57181371853845
000035,MARITIME SQUARE,BUKIT MERAH,education_institutions,hansen,286.21033044507084
000036,TELOK BLANGAH RISE,BUKIT MERAH,education_institutions,hansen,2964.9434669840753
000037,TANJONG PAGAR,DOWNTOWN CORE,education_institutions,hansen,558.0544155933553
000038,EVERTON PARK,BUKIT MERAH,education_institutions,hansen,1385.960624269881
000039,TELOK BLANGAH WAY,BUKIT MERAH,education_institutions,hansen,772.5549788146589
000040,MAXWELL,DOWNTOWN CORE,education_institutions,hansen,479.09855467549994
000041,CECIL,DOWNTOWN CORE,education_institutions,hansen,1635.3168365085262
000042,KAMPONG TIONG BAHRU,BUKIT MERAH,education_institutions,hansen,1622.1591511725485
000043,TELOK BLANGAH DRIVE,BUKIT MERAH,education_institutions,hansen,392.8174472339751
000044,PASIR PANJANG 2,QUEENSTOWN,education_institutions,hansen,103.2670717117288
000045,CENTRAL SUBZONE,DOWNTOWN CORE,education_institutions,hansen,140.79714556462136
000046,SINGAPORE GENERAL HOSPITAL,BUKIT MERAH,education_institutions,hansen,444.7783358044055
000047,BUGIS,DOWNTOWN CORE,education_institutions,hansen,554.7871877762967
000048,VICTORIA,ROCHOR,education_institutions,hansen,1228.0886616093344
000049,PATERSON,RIVER VALLEY,education_institutions,hansen,355.4078694092738
000050,EAST COAST,MARINE PARADE,education_institutions,hansen,246.40213586765375
000051,NATIONAL UNIVERSITY OF S'PORE,QUEENSTOWN,education_institutions,hansen,70.79760873905255
000052,ONE TREE HILL,RIVER VALLEY,education_institutions,hansen,459.7497851891533
000053,COMMONWEALTH,QUEENSTOWN,education_institutions,hansen,1434.9549334001588
000054,DOVER,QUEENSTOWN,education_institutions,hansen,16000279.006776182
000055,RIDOUT,TANGLIN,education_institutions,hansen,570.8686356280933
000056,CAIRNHILL,NEWTON,education_institutions,hansen,393.1420533545889
000057,CLEMENTI WEST,CLEMENTI,education_institutions,hansen,1300.0896321085365
000058,MONK'S HILL,NEWTON,education_institutions,hansen,436.3560315165087
000059,SIGLAP,BEDOK,education_institutions,hansen,871.0622102667566
000060,CLEMENTI WOODS,CLEMENTI,education_institutions,hansen,8000300.180198997
000061,PIONEER SECTOR,PIONEER,education_institutions,hansen,0.0
000062,PENJURU CRESCENT,JURONG EAST,education_institutions,hansen,22.37584660591293
000063,ORANGE GROVE,NEWTON,education_institutions,hansen,924.4461310166777
000064,KAMPONG BUGIS,KALLANG,education_institutions,hansen,0.0
000065,KENT RIDGE,QUEENSTOWN,education_institutions,hansen,1045.7188347439314
000066,ALEXANDRA NORTH,BUKIT MERAH,education_institutions,hansen,509.4468412675144
000067,TANGLIN HALT,QUEENSTOWN,education_institutions,hansen,1633.6104754499768
000068,MACKENZIE,ROCHOR,education_institutions,hansen,540.7055431173355
000069,SUNGEI ROAD,ROCHOR,education_institutions,hansen,819.1088311399336
000070,ONE NORTH,QUEENSTOWN,education_institutions,hansen,501.1723669680606
000071,TANJONG RHU,KALLANG,education_institutions,hansen,469.6778593098917
000072,KATONG,MARINE PARADE,education_institutions,hansen,1916.0956497294385
000073,BOULEVARD,ORCHARD,education_institutions,hansen,391.36815460262267
000074,ISTANA NEGARA,NEWTON,education_institutions,hansen,1450.8030404601814
000075,LITTLE INDIA,ROCHOR,education_institutions,hansen,56219.95816035368
000076,GUL BASIN,PIONEER,education_institutions,hansen,0.6050064650422815
000077,MARINA CENTRE,DOWNTOWN CORE,education_institutions,hansen,308.7754171964605
000078,BRAS BASAH,MUSEUM,education_institutions,hansen,674.7562435221088
000079,SOMERSET,ORCHARD,education_institutions,hansen,456.75776642756364
000080,BENCOOLEN,ROCHOR,education_institutions,hansen,1066.8757722046753
000081,CHATSWORTH,TANGLIN,education_institutions,hansen,353.2389536014961
000082,KAMPONG GLAM,ROCHOR,education_institutions,hansen,528.7223465705313
000083,SELEGIE,ROCHOR,education_institutions,hansen,1109.1050569858414
000084,MOUNT EMILY,ROCHOR,education_institutions,hansen,18158.887837890838
000085,ROCHOR CANAL,ROCHOR,education_institutions,hansen,421.50138757597284
000086,MARGARET DRIVE,QUEENSTOWN,education_institutions,hansen,5828.997658824776
000087,OXLEY,RIVER VALLEY,education_institutions,hansen,496.1140981255142
000088,CITY HALL,DOWNTOWN CORE,education_institutions,hansen,387.849259661761
000089,MEI CHIN,QUEENSTOWN,education_institutions,hansen,303.8572891261591
000090,LEONIE HILL,RIVER VALLEY,education_institutions,hansen,470.51187779510593
000091,PORT,QUEENSTOWN,education_institutions,hansen,89.84051727630919
000092,DHOBY GHAUT,MUSEUM,education_institutions,hansen,1077.345402000974
000093,MACPHERSON,GEYLANG,education_institutions,hansen,550.9999420451337
000094,KIM KEAT,TOA PAYOH,education_institutions,hansen,44156.16384949526
000095,BEDOK NORTH,BEDOK,education_institutions,hansen,233271.60462167062
000096,TOA PAYOH CENTRAL,TOA PAYOH,education_institutions,hansen,7233.131497210386
000097,JURONG GATEWAY,JURONG EAST,education_institutions,hansen,7257.320424476619
000098,HOLLAND ROAD,BUKIT TIMAH,education_institutions,hansen,141.4182795153445
000099,KAMPONG UBI,GEYLANG,education_institutions,hansen,457.89945605425805
000100,SENNETT,TOA PAYOH,education_institutions,hansen,1765.904683328372
000101,POTONG PASIR,TOA PAYOH,education_institutions,hansen,26353.109071290368
000102,TUAS NORTH,TUAS,education_institutions,hansen,0.39412111574055714
000103,PEI CHUN,TOA PAYOH,education_institutions,hansen,1588.7068613949702
000104,BOON TECK,TOA PAYOH,education_institutions,hansen,40186.22540674348
000105,KIAN TECK,JURONG WEST,education_institutions,hansen,253.82174072790835
000106,SAFTI,JURONG WEST,education_institutions,hansen,68.05115811435381
000107,FARRER PARK,ROCHOR,education_institutions,hansen,8000503.0946198655
000108,NEWTON CIRCUS,NEWTON,education_institutions,hansen,1121.0169618239456
000109,JURONG PORT,JURONG EAST,education_institutions,hansen,0.0
000110,ANG MO KIO TOWN CENTRE,ANG MO KIO,education_institutions,hansen,759.4247240868203
000111,KEBUN BAHRU,ANG MO KIO,education_institutions,hansen,904.0215406418638
000112,SERANGOON NORTH IND ESTATE,SERANGOON,education_institutions,hansen,358.47866594192556
000113,TENGAH INDUSTRIAL ESTATE,TENGAH,education_institutions,hansen,97.78609757169528
000114,SAMULUN,BOON LAY,education_institutions,hansen,19.02294488798497
000115,SHIPYARD,BOON LAY,education_institutions,hansen,12.439446425426246
000116,GHIM MOH,QUEENSTOWN,education_institutions,hansen,2065.3994659135956
000117,LAVENDER,KALLANG,education_institutions,hansen,680.4128239790326
000118,FRANKEL,BEDOK,education_institutions,hansen,2665.275085403025
000119,CLEMENTI NORTH,CLEMENTI,education_institutions,hansen,17223.540162866844
000120,LEEDON PARK,BUKIT TIMAH,education_institutions,hansen,215.32876946274757
000121,GEYLANG EAST,GEYLANG,education_institutions,hansen,1469.096901490099
000122,TEBAN GARDENS,JURONG EAST,education_institutions,hansen,878.4489232306196
000123,JURONG RIVER,JURONG EAST,education_institutions,hansen,46.60154340968628
000124,GEYLANG BAHRU,KALLANG,education_institutions,hansen,8000569.554443374
000125,GOODWOOD PARK,NEWTON,education_institutions,hansen,217.45570735728924
000126,PANDAN,CLEMENTI,education_institutions,hansen,232.6764352529559
000127,SINGAPORE POLYTECHNIC,QUEENSTOWN,education_institutions,hansen,394.86024919473016
000128,CLEMENTI CENTRAL,CLEMENTI,education_institutions,hansen,344.92814945030193
000129,KAMPONG JAVA,KALLANG,education_institutions,hansen,9777.951879721704
000130,BOON KENG,KALLANG,education_institutions,hansen,1720.6939731971524
000131,KALLANG BAHRU,KALLANG,education_institutions,hansen,586.3982807339859
000132,ULU PANDAN,BUKIT TIMAH,education_institutions,hansen,388.5142399829283
000133,FARRER COURT,BUKIT TIMAH,education_institutions,hansen,444.3097908220015
000134,NASSIM,TANGLIN,education_institutions,hansen,241.7785920067768
000135,WEST COAST,CLEMENTI,education_institutions,hansen,363.124123258662
000136,BAYSHORE,BEDOK,education_institutions,hansen,72.0142295813934
000137,BENOI SECTOR,PIONEER,education_institutions,hansen,37.110755234329524
000138,GUL CIRCLE,PIONEER,education_institutions,hansen,2.632256615980407
000139,TYERSALL,TANGLIN,education_institutions,hansen,203.49921875125912
000140,MOULMEIN,NOVENA,education_institutions,hansen,1809.236132476414
000141,LIU FANG,BOON LAY,education_institutions,hansen,56.080288118441146
000142,TANGLIN,ORCHARD,education_institutions,hansen,430.72282477880043
000143,MARINE PARADE,MARINE PARADE,education_institutions,hansen,958.9094799922744
000144,JOO KOON,PIONEER,education_institutions,hansen,58.39928919928725
000145,KALLANG WAY,GEYLANG,education_institutions,hansen,459.1499911475322
000146,INTERNATIONAL BUSINESS PARK,JURONG EAST,education_institutions,hansen,271043.93937533913
000147,TUKANG,BOON LAY,education_institutions,hansen,134.72769522395635
000148,CORONATION ROAD,BUKIT TIMAH,education_institutions,hansen,145.62993548905686
000149,KEMBANGAN,BEDOK,education_institutions,hansen,608.2391930116089
000150,DUNEARN,NOVENA,education_institutions,hansen,262.4066631822236
000151,SUNSET WAY,CLEMENTI,education_institutions,hansen,246.6384447021597
000152,ANAK BUKIT,BUKIT TIMAH,education_institutions,hansen,1204.3309798197088
000153,SWISS CLUB,BUKIT TIMAH,education_institutions,hansen,0.0
000154,XILIN,TAMPINES,education_institutions,hansen,107.98183338572461
000155,FABER,CLEMENTI,education_institutions,hansen,241.52859325416003
000156,MALCOLM,NOVENA,education_institutions,hansen,411.08789392103387
000157,BEDOK SOUTH,BEDOK,education_institutions,hansen,24718.28861645345
000158,DEFU INDUSTRIAL PARK,HOUGANG,education_institutions,hansen,228.4490573313759
000159,CHANGI BAY,CHANGI BAY,education_institutions,hansen,0.0
000160,PAYA LEBAR EAST,PAYA LEBAR,education_institutions,hansen,192.52837935857502
000161,HONG KAH NORTH,BUKIT BATOK,education_institutions,hansen,1295.4757313664802
000162,KOVAN,HOUGANG,education_institutions,hansen,563.0640205664297
000163,CHONG BOON,ANG MO KIO,education_institutions,hansen,1037.8690644864982
000164,SERANGOON GARDEN,SERANGOON,education_institutions,hansen,511.0410203827192
000165,HOUGANG CENTRAL,HOUGANG,education_institutions,hansen,10267.688734711532
000166,LOYANG EAST,PASIR RIS,education_institutions,hansen,818.886464025895
000167,DAIRY FARM,BUKIT PANJANG,education_institutions,hansen,347.0818328414967
000168,PASIR RIS DRIVE,PASIR RIS,education_institutions,hansen,785.3521110002933
000169,TAMPINES NORTH,TAMPINES,education_institutions,hansen,142.50903922441313
000170,CHENG SAN,ANG MO KIO,education_institutions,hansen,1890.5065059983726
000171,SEMBAWANG HILLS,ANG MO KIO,education_institutions,hansen,457.4940969837989
000172,JELEBU,BUKIT PANJANG,education_institutions,hansen,1023.4398417688964
000173,KEAT HONG,CHOA CHU KANG,education_institutions,hansen,14752.153918987877
000174,BENDEMEER,KALLANG,education_institutions,hansen,8000627.780466046
000175,BALESTIER,NOVENA,education_institutions,hansen,517.6714254429282
000176,TUAS PROMENADE,TUAS,education_institutions,hansen,0.0
000177,SERANGOON CENTRAL,SERANGOON,education_institutions,hansen,884.8858828170999
000178,BISHAN EAST,BISHAN,education_institutions,hansen,8003269.832399654
000179,TAMPINES WEST,TAMPINES,education_institutions,hansen,4944.191831883147
000180,BRICKWORKS,BUKIT BATOK,education_institutions,hansen,240.77312089766107
000181,SERANGOON NORTH,SERANGOON,education_institutions,hansen,976.3438875041745
000182,GUILIN,BUKIT BATOK,education_institutions,hansen,1227.9611449855242
000183,WENYA,JURONG WEST,education_institutions,hansen,170.92533995097116
000184,NATURE RESERVE,BUKIT PANJANG,education_institutions,hansen,96.53562552372767
000185,TAMPINES EAST,TAMPINES,education_institutions,hansen,80900.08134723474
000186,LORONG AH SOO,HOUGANG,education_institutions,hansen,116230.19287804422
000187,FLORA DRIVE,PASIR RIS,education_institutions,hansen,301.8045688960811
000188,HILLVIEW,BUKIT BATOK,education_institutions,hansen,111.69371180696983
000189,TOH TUCK,CLEMENTI,education_institutions,hansen,207.91542648461675
000190,MOUNT PLEASANT,NOVENA,education_institutions,hansen,151.15404289430984
000191,HILLCREST,BUKIT TIMAH,education_institutions,hansen,172.14912487370086
000192,JOO SENG,TOA PAYOH,education_institutions,hansen,591.4816328860313
000193,CHIN BEE,JURONG WEST,education_institutions,hansen,300.4875428373043
000194,LORONG 8 TOA PAYOH,TOA PAYOH,education_institutions,hansen,1303.5751249186076
000195,TOH GUAN,JURONG EAST,education_institutions,hansen,707.110520421413
000196,SIMEI,TAMPINES,education_institutions,hansen,254.64544551773182
000197,BOON LAY PLACE,JURONG WEST,education_institutions,hansen,1277.297232035538
000198,BUKIT BATOK EAST,BUKIT BATOK,education_institutions,hansen,8012407.345421351
000199,BUKIT BATOK WEST,BUKIT BATOK,education_institutions,hansen,7741.660208290431
000200,BUKIT BATOK CENTRAL,BUKIT BATOK,education_institutions,hansen,1846.2517231434115
000201,UPPER PAYA LEBAR,SERANGOON,education_institutions,hansen,1001.7014806387705
000202,TAI SENG,HOUGANG,education_institutions,hansen,249.15370197082729
000203,TENGEH,TUAS,education_institutions,hansen,0.38373921622114693
000204,YUHUA WEST,JURONG EAST,education_institutions,hansen,2168.35438205758
000205,BRADDELL,TOA PAYOH,education_institutions,hansen,689.6377700349849
000206,BIDADARI,TOA PAYOH,education_institutions,hansen,352.92934848967553
000207,WOODLEIGH,TOA PAYOH,education_institutions,hansen,319.37903080217336
000208,TAMAN JURONG,JURONG WEST,education_institutions,hansen,847.5449212139038
000209,LAKESIDE (LEISURE),JURONG EAST,education_institutions,hansen,193.51801478582033
000210,TOA PAYOH WEST,TOA PAYOH,education_institutions,hansen,539.0280804778348
000211,KAKI BUKIT,BEDOK,education_institutions,hansen,288.0692460110752
000212,YUHUA EAST,JURONG EAST,education_institutions,hansen,740.5638757471565
000213,BUKIT BATOK SOUTH,BUKIT BATOK,education_institutions,hansen,471.49305038263833
000214,JURONG WEST CENTRAL,JURONG WEST,education_institutions,hansen,3233.772791363707
000215,BEDOK RESERVOIR,BEDOK,education_institutions,hansen,1349.6929225851395
000216,LOWER SELETAR,YISHUN,education_institutions,hansen,671.3476604374129
000217,NORTHSHORE,PUNGGOL,education_institutions,hansen,199.82320526665828
000218,MANDAI ESTATE,MANDAI,education_institutions,hansen,689.4267821716992
000219,YISHUN CENTRAL,YISHUN,education_institutions,hansen,860.0438504264396
000220,PASIR RIS CENTRAL,PASIR RIS,education_institutions,hansen,1084.8532806569517
000221,GOMBAK,BUKIT BATOK,education_institutions,hansen,251.91937912968314
000222,PAYA LEBAR NORTH,PAYA LEBAR,education_institutions,hansen,123.02790483434357
000223,HOUGANG EAST,HOUGANG,education_institutions,hansen,1382.699036606639
000224,LORONG HALUS,HOUGANG,education_institutions,hansen,111.85662196600362
000225,KANGKAR,HOUGANG,education_institutions,hansen,8001202.02741401
000226,CHANGI WEST,CHANGI,education_institutions,hansen,128.91636862546312
000227,HOLLAND DRIVE,QUEENSTOWN,education_institutions,hansen,8001196.270524347
000228,HOUGANG WEST,HOUGANG,education_institutions,hansen,1480.3578562990613
000229,PAYA LEBAR WEST,PAYA LEBAR,education_institutions,hansen,178.9301744484877
000230,BANGKIT,BUKIT PANJANG,education_institutions,hansen,794.9457081866877
000231,LORONG HALUS NORTH,SENGKANG,education_institutions,hansen,215.1355270108798
000232,PENG SIANG,CHOA CHU KANG,education_institutions,hansen,2815.6179922278657
000233,PASIR RIS WEST,PASIR RIS,education_institutions,hansen,5681.392572508646
000234,YIO CHU KANG WEST,ANG MO KIO,education_institutions,hansen,785.8931334802268
000235,CHANGI POINT,CHANGI,education_institutions,hansen,10.235541051978604
000236,SENGKANG TOWN CENTRE,SENGKANG,education_institutions,hansen,1638.755015896153
000237,ANCHORVALE,SENGKANG,education_institutions,hansen,16001293.511088895
000238,SENGKANG WEST,SENGKANG,education_institutions,hansen,130.11938709087426
000239,FERNVALE,SENGKANG,education_institutions,hansen,986.0137015775593
000240,PUNGGOL FIELD,PUNGGOL,education_institutions,hansen,8001886.875898048
000241,YEW TEE,CHOA CHU KANG,education_institutions,hansen,975.5521231846932
000242,PASIR RIS WAFER FAB PARK,PASIR RIS,education_institutions,hansen,73.91868034727064
000243,TRAFALGAR,HOUGANG,education_institutions,hansen,835.8934565595698
000244,TECK WHYE,CHOA CHU KANG,education_institutions,hansen,1232.4277927776727
000245,CHOA CHU KANG CENTRAL,CHOA CHU KANG,education_institutions,hansen,842.11511368495
000246,FAJAR,BUKIT PANJANG,education_institutions,hansen,2533.2210379113726
000247,SENJA,BUKIT PANJANG,education_institutions,hansen,8002055.231510749
000248,SAUJANA,BUKIT PANJANG,education_institutions,hansen,16002078.296663767
000249,SELETAR HILLS,SERANGOON,education_institutions,hansen,226.6885852363229
000250,COMPASSVALE,SENGKANG,education_institutions,hansen,1515.7234758346501
000251,YIO CHU KANG EAST,ANG MO KIO,education_institutions,hansen,104.91297314163832
000252,YIO CHU KANG,ANG MO KIO,education_institutions,hansen,1007.2812794565629
000253,LOYANG WEST,PASIR RIS,education_institutions,hansen,97.65103378869831
000254,TAGORE,ANG MO KIO,education_institutions,hansen,445.11887125412534
000255,PASIR RIS PARK,PASIR RIS,education_institutions,hansen,1097.7820216759433
000256,CHOA CHU KANG NORTH,CHOA CHU KANG,education_institutions,hansen,4302.959030932778
000257,RIVERVALE,SENGKANG,education_institutions,hansen,3511.1574264543583
000258,YIO CHU KANG NORTH,ANG MO KIO,education_institutions,hansen,293.98278739294926
000259,YUNNAN,JURONG WEST,education_institutions,hansen,1020.507869611198
000260,LORONG CHUAN,SERANGOON,education_institutions,hansen,1276.1025858006362
000261,HONG KAH,JURONG WEST,education_institutions,hansen,966.6485698414949
000262,SELETAR,SELETAR,education_institutions,hansen,122.3336577517209
000263,PANG SUA,SUNGEI KADUT,education_institutions,hansen,31.00431982578786
000264,SELETAR AEROSPACE PARK,SELETAR,education_institutions,hansen,53.43137642384347
000265,KHATIB,YISHUN,education_institutions,hansen,403.7976576963762
000266,MANDAI WEST,MANDAI,education_institutions,hansen,0.3843848233475214
000267,CONEY ISLAND,PUNGGOL,education_institutions,hansen,8003784.800047497
000268,YISHUN SOUTH,YISHUN,education_institutions,hansen,8000843.216631739
000269,RESERVOIR VIEW,SUNGEI KADUT,education_institutions,hansen,8.256629023336568
000270,WOODLANDS EAST,WOODLANDS,education_institutions,hansen,1082.6906411660643
000271,SEMBAWANG CENTRAL,SEMBAWANG,education_institutions,hansen,35064.37152946113
000272,GREENWOOD PARK,WOODLANDS,education_institutions,hansen,546.3266330254846
000273,SEMBAWANG EAST,SEMBAWANG,education_institutions,hansen,288.3496478443636
000274,SENOKO WEST,WOODLANDS,education_institutions,hansen,367.3294705862655
000275,MATILDA,PUNGGOL,education_institutions,hansen,1168.1440497370863
000276,WATERWAY EAST,PUNGGOL,education_institutions,hansen,10105.145761413762
000277,GALI BATU,SUNGEI KADUT,education_institutions,hansen,93.71095185976345
000278,CRAWFORD,KALLANG,education_institutions,hansen,535.9577506534046
000279,TUAS BAY,TUAS,education_institutions,hansen,0.0
000280,TUAS VIEW,TUAS,education_institutions,hansen,0.0
000281,BAHAR,WESTERN WATER CATCHMENT,education_institutions,hansen,20.33983171059325
000282,CLEANTECH,WESTERN WATER CATCHMENT,education_institutions,hansen,0.0
000283,LAKESIDE (BUSINESS),JURONG EAST,education_institutions,hansen,281.6875645360886
000284,PARK,TENGAH,education_institutions,hansen,102.32804786251789
000285,BRICKLAND,TENGAH,education_institutions,hansen,1448.1324577145308
000286,FOREST HILL,TENGAH,education_institutions,hansen,152.4203657414344
000287,PLANTATION,TENGAH,education_institutions,hansen,154.6204625603555
000288,GARDEN,TENGAH,education_institutions,hansen,117.56263012269197
000289,AIRPORT ROAD,PAYA LEBAR,education_institutions,hansen,116.03685608966197
000290,NORTH COAST,WOODLANDS,education_institutions,hansen,148.81392611202628
000291,SPRINGLEAF,YISHUN,education_institutions,hansen,48.7437645192277
000292,PUNGGOL TOWN CENTRE,PUNGGOL,education_institutions,hansen,851.6513432620343
000293,PUNGGOL CANAL,PUNGGOL,education_institutions,hansen,8000000.0
000294,CENTRAL WATER CATCHMENT,CENTRAL WATER CATCHMENT,education_institutions,hansen,40.42547695298577
000295,SEMBAWANG STRAITS,SEMBAWANG,education_institutions,hansen,68.71568022082133
000296,THE WHARVES,SEMBAWANG,education_institutions,hansen,129.71996311918923
000297,SENOKO NORTH,SEMBAWANG,education_institutions,hansen,96.1147237726081
000298,CHANGI AIRPORT,CHANGI,education_institutions,hansen,0.0
000299,PEOPLE'S PARK,OUTRAM,education_institutions,hansen,404.0467839190044
000300,MOUNTBATTEN,MARINE PARADE,education_institutions,hansen,704.7946709121388
000301,ALJUNIED,GEYLANG,education_institutions,hansen,745.7310191899988
000302,PULAU PUNGGOL TIMOR,SELETAR,education_institutions,hansen,7.617036619798896
000303,TURF CLUB,SUNGEI KADUT,education_institutions,hansen,37.875134219099806
000304,WOODLANDS SOUTH,WOODLANDS,education_institutions,hansen,8559.057253338446
000305,WOODGROVE,WOODLANDS,education_institutions,hansen,16000270.062511455
000306,YISHUN EAST,YISHUN,education_institutions,hansen,8002942.198846691
000307,MURAI,WESTERN WATER CATCHMENT,education_institutions,hansen,1.7993689846423666
000308,PULAU PUNGGOL BARAT,SELETAR,education_institutions,hansen,2.1772740118964458
000309,PULAU SELETAR,SIMPANG,education_institutions,hansen,16.882862739820688
000310,ADMIRALTY,SEMBAWANG,education_institutions,hansen,113.21225976369394
000311,LIM CHU KANG,LIM CHU KANG,education_institutions,hansen,0.0
000312,SIMPANG NORTH,SIMPANG,education_institutions,hansen,365.18380713516217
000313,SENOKO SOUTH,SEMBAWANG,education_institutions,hansen,217.94637140646373
000314,SEMBAWANG NORTH,SEMBAWANG,education_institutions,hansen,16000604.688956985
000315,TANJONG IRAU,SIMPANG,education_institutions,hansen,20.399535468953662
000316,YISHUN WEST,YISHUN,education_institutions,hansen,7975.479643231663
000317,WOODLANDS REGIONAL CENTRE,WOODLANDS,education_institutions,hansen,521.8018230371147
000318,NORTH-EASTERN ISLANDS,NORTH-EASTERN ISLANDS,education_institutions,hansen,0.0
000319,SIMPANG SOUTH,SIMPANG,education_institutions,hansen,256.59474076520127
000320,NORTHLAND,YISHUN,education_institutions,hansen,4050.687590814846
000321,MIDVIEW,WOODLANDS,education_institutions,hansen,2265.786082830533
000322,WOODLANDS WEST,WOODLANDS,education_institutions,hansen,10845.460971518774
000323,SEMBAWANG SPRINGS,SEMBAWANG,education_institutions,hansen,1749.5167344239317
000324,KRANJI,SUNGEI KADUT,education_institutions,hansen,12.762016863172596
000325,PLAB,PAYA LEBAR,education_institutions,hansen,158.3985953977086
000326,MANDAI EAST,MANDAI,education_institutions,hansen,533.5463985957679
000327,NEE SOON,YISHUN,education_institutions,hansen,47.96418008925409
000328,UPPER THOMSON,BISHAN,education_institutions,hansen,353.1040362269839
000329,SHANGRI-LA,ANG MO KIO,education_institutions,hansen,593.8539006732367
000330,TOWNSVILLE,ANG MO KIO,education_institutions,hansen,1927.2668526544658
000331,MARYMOUNT,BISHAN,education_institutions,hansen,614.3687852979403
000332,TUAS VIEW EXTENSION,TUAS,education_institutions,hansen,0.0
000001,DEPOT ROAD,BUKIT MERAH,emergency_services,2sfca,4.133493670474233
000002,BUKIT MERAH,BUKIT MERAH,emergency_services,2sfca,3.9524329268643155
000003,CHINATOWN,OUTRAM,emergency_services,2sfca,3.016818296396744
000004,PHILLIP,DOWNTOWN CORE,emergency_services,2sfca,3.4885164096042907
000005,RAFFLES PLACE,DOWNTOWN CORE,emergency_services,2sfca,3.4885164096042907
000006,CHINA SQUARE,OUTRAM,emergency_services,2sfca,3.488516409604291
000007,TIONG BAHRU,BUKIT MERAH,emergency_services,2sfca,3.9524329268643155
000008,BAYFRONT SUBZONE,DOWNTOWN CORE,emergency_services,2sfca,3.0098077569217576
000009,TIONG BAHRU STATION,BUKIT MERAH,emergency_services,2sfca,3.9524329268643155
000010,CLIFFORD PIER,DOWNTOWN CORE,emergency_services,2sfca,3.3829420852799665
000011,MARINA SOUTH,MARINA SOUTH,emergency_services,2sfca,0.7051282051282052
000012,NICOLL,DOWNTOWN CORE,emergency_services,2sfca,3.0213711241743013
000013,MARINA EAST,MARINA EAST,emergency_services,2sfca,2.7164930753938137
000014,INSTITUTION HILL,RIVER VALLEY,emergency_services,2sfca,2.7564016297300773
000015,ROBERTSON QUAY,SINGAPORE RIVER,emergency_services,2sfca,2.7564016297300773
000016,JURONG ISLAND AND BUKOM,WESTERN ISLANDS,emergency_services,2sfca,25.0
000017,FORT CANNING,MUSEUM,emergency_services,2sfca,2.17535151598727
000018,PEARL'S HILL,OUTRAM,emergency_services,2sfca,4.272945747377136
000019,BOAT QUAY,SINGAPORE RIVER,emergency_services,2sfca,3.4885164096042907
000020,HENDERSON HILL,BUKIT MERAH,emergency_services,2sfca,3.9524329268643155
000021,REDHILL,BUKIT MERAH,emergency_services,2sfca,3.9524329268643155
000022,ALEXANDRA HILL,BUKIT MERAH,emergency_services,2sfca,3.748878285858848
000023,BUKIT HO SWEE,BUKIT MERAH,emergency_services,2sfca,3.9524329268643155
000024,CLARKE QUAY,SINGAPORE RIVER,emergency_services,2sfca,2.235568296396744
000025,PASIR PANJANG 1,QUEENSTOWN,emergency_services,2sfca,4.0657841920887465
000026,QUEENSWAY,QUEENSTOWN,emergency_services,2sfca,2.435713392241827
000027,MARINA EAST (MP),MARINE PARADE,emergency_services,2sfca,4.758617617518356
000028,SUDONG,WESTERN ISLANDS,emergency_services,2sfca,0.0
000029,SEMAKAU,WESTERN ISLANDS,emergency_services,2sfca,2.9424266729556225
000030,SOUTHERN GROUP,SOUTHERN ISLANDS,emergency_services,2sfca,2.8062087242376736
000031,SENTOSA,SOUTHERN ISLANDS,emergency_services,2sfca,2.8062087242376736
000032,CITY TERMINALS,BUKIT MERAH,emergency_services,2sfca,3.6475548780838274
000033,ANSON,DOWNTOWN CORE,emergency_services,2sfca,3.431599593530982
000034,STRAITS VIEW,STRAITS VIEW,emergency_services,2sfca,1.6101774271034355
000035,MARITIME SQUARE,BUKIT MERAH,emergency_services,2sfca,3.327042057571007
000036,TELOK BLANGAH RISE,BUKIT MERAH,emergency_services,2sfca,3.6475548780838274
000037,TANJONG PAGAR,DOWNTOWN CORE,emergency_services,2sfca,2.696305475883923
000038,EVERTON PARK,BUKIT MERAH,emergency_services,2sfca,3.9524329268643155
000039,TELOK BLANGAH WAY,BUKIT MERAH,emergency_services,2sfca,3.6475548780838274
000040,MAXWELL,DOWNTOWN CORE,emergency_services,2sfca,3.016818296396744
000041,CECIL,DOWNTOWN CORE,emergency_services,2sfca,3.016818296396744
000042,KAMPONG TIONG BAHRU,BUKIT MERAH,emergency_services,2sfca,3.9524329268643155
000043,TELOK BLANGAH DRIVE,BUKIT MERAH,emergency_services,2sfca,2.9424266729556225
000044,PASIR PANJANG 2,QUEENSTOWN,emergency_services,2sfca,5.311378285858848
000045,CENTRAL SUBZONE,DOWNTOWN CORE,emergency_services,2sfca,1.6101774271034355
000046,SINGAPORE GENERAL HOSPITAL,BUKIT MERAH,emergency_services,2sfca,3.9524329268643155
000047,BUGIS,DOWNTOWN CORE,emergency_services,2sfca,3.0213711241743013
000048,VICTORIA,ROCHOR,emergency_services,2sfca,3.3945054525325107
000049,PATERSON,RIVER VALLEY,emergency_services,2sfca,2.224486736113056
000050,EAST COAST,MARINE PARADE,emergency_services,2sfca,6.104771463672202
000051,NATIONAL UNIVERSITY OF S'PORE,QUEENSTOWN,emergency_services,2sfca,3.8513234077750207
000052,ONE TREE HILL,RIVER VALLEY,emergency_services,2sfca,2.7564016297300773
000053,COMMONWEALTH,QUEENSTOWN,emergency_services,2sfca,2.6619577361332296
000054,DOVER,QUEENSTOWN,emergency_services,2sfca,4.744180550632164
000055,RIDOUT,TANGLIN,emergency_services,2sfca,2.005297323375256
000056,CAIRNHILL,NEWTON,emergency_services,2sfca,1.7036534027797225
000057,CLEMENTI WEST,CLEMENTI,emergency_services,2sfca,4.22334721729883
000058,MONK'S HILL,NEWTON,emergency_services,2sfca,3.2045494601273927
000059,SIGLAP,BEDOK,emergency_services,2sfca,4.413919413919414
000060,CLEMENTI WOODS,CLEMENTI,emergency_services,2sfca,4.22334721729883
000061,PIONEER SECTOR,PIONEER,emergency_services,2sfca,2.5
000062,PENJURU CRESCENT,JURONG EAST,emergency_services,2sfca,2.7472527472527473
000063,ORANGE GROVE,NEWTON,emergency_services,2sfca,1.8398713514976712
000064,KAMPONG BUGIS,KALLANG,emergency_services,2sfca,0.0
000065,KENT RIDGE,QUEENSTOWN,emergency_services,2sfca,2.4357133922418273
000066,ALEXANDRA NORTH,BUKIT MERAH,emergency_services,2sfca,3.9524329268643155
000067,TANGLIN HALT,QUEENSTOWN,emergency_services,2sfca,3.3972518537802885
000068,MACKENZIE,ROCHOR,emergency_services,2sfca,2.345695448498626
000069,SUNGEI ROAD,ROCHOR,emergency_services,2sfca,3.0213711241743018
000070,ONE NORTH,QUEENSTOWN,emergency_services,2sfca,5.852608996637431
000071,TANJONG RHU,KALLANG,emergency_services,2sfca,3.2934161523168908
000072,KATONG,MARINE PARADE,emergency_services,2sfca,6.886021463672202
000073,BOULEVARD,ORCHARD,emergency_services,2sfca,1.8398713514976712
000074,ISTANA NEGARA,NEWTON,emergency_services,2sfca,1.8022171876290607
000075,LITTLE INDIA,ROCHOR,emergency_services,2sfca,3.0213711241743013
000076,GUL BASIN,PIONEER,emergency_services,2sfca,2.5
000077,MARINA CENTRE,DOWNTOWN CORE,emergency_services,2sfca,3.0213711241743013
000078,BRAS BASAH,MUSEUM,emergency_services,2sfca,3.9264203461495315
000079,SOMERSET,ORCHARD,emergency_services,2sfca,1.7036534027797225
000080,BENCOOLEN,ROCHOR,emergency_services,2sfca,3.3945054525325107
000081,CHATSWORTH,TANGLIN,emergency_services,2sfca,3.1711829268643155
000082,KAMPONG GLAM,ROCHOR,emergency_services,2sfca,3.0213711241743013
000083,SELEGIE,ROCHOR,emergency_services,2sfca,3.3945054525325107
000084,MOUNT EMILY,ROCHOR,emergency_services,2sfca,2.345695448498626
000085,ROCHOR CANAL,ROCHOR,emergency_services,2sfca,3.0213711241743013
000086,MARGARET DRIVE,QUEENSTOWN,emergency_services,2sfca,3.272506334639336
000087,OXLEY,RIVER VALLEY,emergency_services,2sfca,2.7564016297300773
000088,CITY HALL,DOWNTOWN CORE,emergency_services,2sfca,3.9264203461495315
000089,MEI CHIN,QUEENSTOWN,emergency_services,2sfca,2.4357133922418273
000090,LEONIE HILL,RIVER VALLEY,emergency_services,2sfca,3.491695747377136
000091,PORT,QUEENSTOWN,emergency_services,2sfca,4.58661752542208
000092,DHOBY GHAUT,MUSEUM,emergency_services,2sfca,2.7072664096042907
000093,MACPHERSON,GEYLANG,emergency_services,2sfca,4.448597776248515
000094,KIM KEAT,TOA PAYOH,emergency_services,2sfca,2.1262869266409785
000095,BEDOK NORTH,BEDOK,emergency_services,2sfca,6.876571141277024
000096,TOA PAYOH CENTRAL,TOA PAYOH,emergency_services,2sfca,2.1262869266409785
000097,JURONG GATEWAY,JURONG EAST,emergency_services,2sfca,3.8034210916519764
000098,HOLLAND ROAD,BUKIT TIMAH,emergency_services,2sfca,3.747803739037961
000099,KAMPONG UBI,GEYLANG,emergency_services,2sfca,6.886021463672202
000100,SENNETT,TOA PAYOH,emergency_services,2sfca,4.448597776248515
000101,POTONG PASIR,TOA PAYOH,emergency_services,2sfca,3.7919373634905407
000102,TUAS NORTH,TUAS,emergency_services,2sfca,8.75
000103,PEI CHUN,TOA PAYOH,emergency_services,2sfca,3.9747966340514242
000104,BOON TECK,TOA PAYOH,emergency_services,2sfca,2.959620259974312
000105,KIAN TECK,JURONG WEST,emergency_services,2sfca,4.237867395762133
000106,SAFTI,JURONG WEST,emergency_services,2sfca,4.952153110047847
000107,FARRER PARK,ROCHOR,emergency_services,2sfca,3.715815568618746
000108,NEWTON CIRCUS,NEWTON,emergency_services,2sfca,2.819934075512008
000109,JURONG PORT,JURONG EAST,emergency_services,2sfca,0.0
000110,ANG MO KIO TOWN CENTRE,ANG MO KIO,emergency_services,2sfca,2.9555744199207696
000111,KEBUN BAHRU,ANG MO KIO,emergency_services,2sfca,2.9555744199207696
000112,SERANGOON NORTH IND ESTATE,SERANGOON,emergency_services,2sfca,2.9824561403508776
000113,TENGAH INDUSTRIAL ESTATE,TENGAH,emergency_services,2sfca,3.3142220755650884
000114,SAMULUN,BOON LAY,emergency_services,2sfca,3.101503759398496
000115,SHIPYARD,BOON LAY,emergency_services,2sfca,3.101503759398496
000116,GHIM MOH,QUEENSTOWN,emergency_services,2sfca,3.1816805506321635
000117,LAVENDER,KALLANG,emergency_services,2sfca,3.715815568618746
000118,FRANKEL,BEDOK,emergency_services,2sfca,6.414323350464655
000119,CLEMENTI NORTH,CLEMENTI,emergency_services,2sfca,5.310303739037961
000120,LEEDON PARK,BUKIT TIMAH,emergency_services,2sfca,2.4142414679756894
000121,GEYLANG EAST,GEYLANG,emergency_services,2sfca,7.206534284185023
000122,TEBAN GARDENS,JURONG EAST,emergency_services,2sfca,4.278964569912846
000123,JURONG RIVER,JURONG EAST,emergency_services,2sfca,1.7857142857142858
000124,GEYLANG BAHRU,KALLANG,emergency_services,2sfca,5.073988645541823
000125,GOODWOOD PARK,NEWTON,emergency_services,2sfca,1.319038018164338
000126,PANDAN,CLEMENTI,emergency_services,2sfca,4.22334721729883
000127,SINGAPORE POLYTECHNIC,QUEENSTOWN,emergency_services,2sfca,5.831137072371294
000128,CLEMENTI CENTRAL,CLEMENTI,emergency_services,2sfca,5.310303739037961
000129,KAMPONG JAVA,KALLANG,emergency_services,2sfca,3.4619761212309115
000130,BOON KENG,KALLANG,emergency_services,2sfca,5.073988645541823
000131,KALLANG BAHRU,KALLANG,emergency_services,2sfca,5.073988645541823
000132,ULU PANDAN,BUKIT TIMAH,emergency_services,2sfca,4.268637072371294
000133,FARRER COURT,BUKIT TIMAH,emergency_services,2sfca,1.6321629950170469
000134,NASSIM,TANGLIN,emergency_services,2sfca,0.9459036898061288
000135,WEST COAST,CLEMENTI,emergency_services,2sfca,4.22334721729883
000136,BAYSHORE,BEDOK,emergency_services,2sfca,3.4523809523809526
000137,BENOI SECTOR,PIONEER,emergency_services,2sfca,6.737867395762133
000138,GUL CIRCLE,PIONEER,emergency_services,2sfca,2.5
000139,TYERSALL,TANGLIN,emergency_services,2sfca,0.3048780487804878
000140,MOULMEIN,NOVENA,emergency_services,2sfca,2.918497860361346
000141,LIU FANG,BOON LAY,emergency_services,2sfca,4.237867395762133
000142,TANGLIN,ORCHARD,emergency_services,2sfca,1.8398713514976712
000143,MARINE PARADE,MARINE PARADE,emergency_services,2sfca,6.886021463672202
000144,JOO KOON,PIONEER,emergency_services,2sfca,6.737867395762133
000145,KALLANG WAY,GEYLANG,emergency_services,2sfca,4.448597776248515
000146,INTERNATIONAL BUSINESS PARK,JURONG EAST,emergency_services,2sfca,0.0
000147,TUKANG,BOON LAY,emergency_services,2sfca,5.099936361279374
000148,CORONATION ROAD,BUKIT TIMAH,emergency_services,2sfca,1.1113296616837136
000149,KEMBANGAN,BEDOK,emergency_services,2sfca,6.210345787996527
000150,DUNEARN,NOVENA,emergency_services,2sfca,1.1113296616837136
000151,SUNSET WAY,CLEMENTI,emergency_services,2sfca,5.310303739037961
000152,ANAK BUKIT,BUKIT TIMAH,emergency_services,2sfca,1.9798136645962732
000153,SWISS CLUB,BUKIT TIMAH,emergency_services,2sfca,0.0
000154,XILIN,TAMPINES,emergency_services,2sfca,2.7777777777777777
000155,FABER,CLEMENTI,emergency_services,2sfca,5.310303739037961
000156,MALCOLM,NOVENA,emergency_services,2sfca,2.446799747153799
000157,BEDOK SOUTH,BEDOK,emergency_services,2sfca,6.23015873015873
000158,DEFU INDUSTRIAL PARK,HOUGANG,emergency_services,2sfca,2.5761217948717947
000159,CHANGI BAY,CHANGI BAY,emergency_services,2sfca,0.0
000160,PAYA LEBAR EAST,PAYA LEBAR,emergency_services,2sfca,4.248366013071895
000161,HONG KAH NORTH,BUKIT BATOK,emergency_services,2sfca,5.562470865407633
000162,KOVAN,HOUGANG,emergency_services,2sfca,2.447916666666667
000163,CHONG BOON,ANG MO KIO,emergency_services,2sfca,3.6500188643652143
000164,SERANGOON GARDEN,SERANGOON,emergency_services,2sfca,2.361111111111111
000165,HOUGANG CENTRAL,HOUGANG,emergency_services,2sfca,2.8645833333333335
000166,LOYANG EAST,PASIR RIS,emergency_services,2sfca,7.320804195804196
000167,DAIRY FARM,BUKIT PANJANG,emergency_services,2sfca,4.700401899890391
000168,PASIR RIS DRIVE,PASIR RIS,emergency_services,2sfca,8.791392431098314
000169,TAMPINES NORTH,TAMPINES,emergency_services,2sfca,5.666392431098314
000170,CHENG SAN,ANG MO KIO,emergency_services,2sfca,2.9555744199207696
000171,SEMBAWANG HILLS,ANG MO KIO,emergency_services,2sfca,2.9555744199207696
000172,JELEBU,BUKIT PANJANG,emergency_services,2sfca,3.6134453781512605
000173,KEAT HONG,CHOA CHU KANG,emergency_services,2sfca,3.6134453781512605
000174,BENDEMEER,KALLANG,emergency_services,2sfca,4.112450184003361
000175,BALESTIER,NOVENA,emergency_services,2sfca,2.918497860361346
000176,TUAS PROMENADE,TUAS,emergency_services,2sfca,8.75
000177,SERANGOON CENTRAL,SERANGOON,emergency_services,2sfca,3.435992211193824
000178,BISHAN EAST,BISHAN,emergency_services,2sfca,2.3342293906810037
000179,TAMPINES WEST,TAMPINES,emergency_services,2sfca,7.838109602815486
000180,BRICKWORKS,BUKIT BATOK,emergency_services,2sfca,1.7549261083743843
000181,SERANGOON NORTH,SERANGOON,emergency_services,2sfca,1.6666666666666667
000182,GUILIN,BUKIT BATOK,emergency_services,2sfca,3.7347397729706575
000183,WENYA,JURONG WEST,emergency_services,2sfca,3.3142220755650884
000184,NATURE RESERVE,BUKIT PANJANG,emergency_services,2sfca,1.0869565217391304
000185,TAMPINES EAST,TAMPINES,emergency_services,2sfca,8.444170208876091
000186,LORONG AH SOO,HOUGANG,emergency_services,2sfca,1.6145833333333335
000187,FLORA DRIVE,PASIR RIS,emergency_services,2sfca,11.569170208876091
000188,HILLVIEW,BUKIT BATOK,emergency_services,2sfca,2.557544757033248
000189,TOH TUCK,CLEMENTI,emergency_services,2sfca,3.803421091651976
000190,MOUNT PLEASANT,NOVENA,emergency_services,2sfca,2.1262869266409785
000191,HILLCREST,BUKIT TIMAH,emergency_services,2sfca,1.0869565217391304
000192,JOO SENG,TOA PAYOH,emergency_services,2sfca,4.448597776248515
000193,CHIN BEE,JURONG WEST,emergency_services,2sfca,5.099936361279374
000194,LORONG 8 TOA PAYOH,TOA PAYOH,emergency_services,2sfca,3.126440324401371
000195,TOH GUAN,JURONG EAST,emergency_services,2sfca,3.7347397729706575
000196,SIMEI,TAMPINES,emergency_services,2sfca,5.915032679738562
000197,BOON LAY PLACE,JURONG WEST,emergency_services,2sfca,5.099936361279374
000198,BUKIT BATOK EAST,BUKIT BATOK,emergency_services,2sfca,3.7347397729706575
000199,BUKIT BATOK WEST,BUKIT BATOK,emergency_services,2sfca,3.7347397729706575
000200,BUKIT BATOK CENTRAL,BUKIT BATOK,emergency_services,2sfca,3.7347397729706575
000201,UPPER PAYA LEBAR,SERANGOON,emergency_services,2sfca,2.3396855258268303
000202,TAI SENG,HOUGANG,emergency_services,2sfca,2.757964835615574
000203,TENGEH,TUAS,emergency_services,2sfca,8.75
000204,YUHUA WEST,JURONG EAST,emergency_services,2sfca,5.099936361279374
000205,BRADDELL,TOA PAYOH,emergency_services,2sfca,2.959620259974312
000206,BIDADARI,TOA PAYOH,emergency_services,2sfca,3.617835251937603
000207,WOODLEIGH,TOA PAYOH,emergency_services,2sfca,3.9794704720633893
000208,TAMAN JURONG,JURONG WEST,emergency_services,2sfca,5.099936361279374
000209,LAKESIDE (LEISURE),JURONG EAST,emergency_services,2sfca,5.099936361279374
000210,TOA PAYOH WEST,TOA PAYOH,emergency_services,2sfca,2.959620259974312
000211,KAKI BUKIT,BEDOK,emergency_services,2sfca,7.209235910083097
000212,YUHUA EAST,JURONG EAST,emergency_services,2sfca,4.871103409334294
000213,BUKIT BATOK SOUTH,BUKIT BATOK,emergency_services,2sfca,4.696278234509119
000214,JURONG WEST CENTRAL,JURONG WEST,emergency_services,2sfca,5.099936361279374
000215,BEDOK RESERVOIR,BEDOK,emergency_services,2sfca,7.657821141277024
000216,LOWER SELETAR,YISHUN,emergency_services,2sfca,3.101503759398496
000217,NORTHSHORE,PUNGGOL,emergency_services,2sfca,1.25
000218,MANDAI ESTATE,MANDAI,emergency_services,2sfca,4.143170426065163
000219,YISHUN CENTRAL,YISHUN,emergency_services,2sfca,4.143170426065163
000220,PASIR RIS CENTRAL,PASIR RIS,emergency_services,2sfca,8.791392431098313
000221,GOMBAK,BUKIT BATOK,emergency_services,2sfca,3.6134453781512605
000222,PAYA LEBAR NORTH,PAYA LEBAR,emergency_services,2sfca,4.226998491704374
000223,HOUGANG EAST,HOUGANG,emergency_services,2sfca,2.0833333333333335
000224,LORONG HALUS,HOUGANG,emergency_services,2sfca,1.6145833333333335
000225,KANGKAR,HOUGANG,emergency_services,2sfca,2.0833333333333335
000226,CHANGI WEST,CHANGI,emergency_services,2sfca,7.320804195804196
000227,HOLLAND DRIVE,QUEENSTOWN,emergency_services,2sfca,3.5548148789903724
000228,HOUGANG WEST,HOUGANG,emergency_services,2sfca,2.916666666666667
000229,PAYA LEBAR WEST,PAYA LEBAR,emergency_services,2sfca,3.5539215686274512
000230,BANGKIT,BUKIT PANJANG,emergency_services,2sfca,3.6134453781512605
000231,LORONG HALUS NORTH,SENGKANG,emergency_services,2sfca,3.5539215686274512
000232,PENG SIANG,CHOA CHU KANG,emergency_services,2sfca,6.73844537815126
000233,PASIR RIS WEST,PASIR RIS,emergency_services,2sfca,5.666392431098314
000234,YIO CHU KANG WEST,ANG MO KIO,emergency_services,2sfca,2.9555744199207696
000235,CHANGI POINT,CHANGI,emergency_services,2sfca,57.32080419580419
000236,SENGKANG TOWN CENTRE,SENGKANG,emergency_services,2sfca,2.0833333333333335
000237,ANCHORVALE,SENGKANG,emergency_services,2sfca,2.0833333333333335
000238,SENGKANG WEST,SENGKANG,emergency_services,2sfca,2.149122807017544
000239,FERNVALE,SENGKANG,emergency_services,2sfca,3.399122807017544
000240,PUNGGOL FIELD,PUNGGOL,emergency_services,2sfca,2.0833333333333335
000241,YEW TEE,CHOA CHU KANG,emergency_services,2sfca,6.73844537815126
000242,PASIR RIS WAFER FAB PARK,PASIR RIS,emergency_services,2sfca,2.7205882352941178
000243,TRAFALGAR,HOUGANG,emergency_services,2sfca,2.916666666666667
000244,TECK WHYE,CHOA CHU KANG,emergency_services,2sfca,3.6134453781512605
000245,CHOA CHU KANG CENTRAL,CHOA CHU KANG,emergency_services,2sfca,6.73844537815126
000246,FAJAR,BUKIT PANJANG,emergency_services,2sfca,3.6134453781512605
000247,SENJA,BUKIT PANJANG,emergency_services,2sfca,3.6134453781512605
000248,SAUJANA,BUKIT PANJANG,emergency_services,2sfca,3.6134453781512605
000249,SELETAR HILLS,SERANGOON,emergency_services,2sfca,2.9824561403508776
000250,COMPASSVALE,SENGKANG,emergency_services,2sfca,2.0833333333333335
000251,YIO CHU KANG EAST,ANG MO KIO,emergency_services,2sfca,2.149122807017544
000252,YIO CHU KANG,ANG MO KIO,emergency_services,2sfca,2.9555744199207696
000253,LOYANG WEST,PASIR RIS,emergency_services,2sfca,7.320804195804196
000254,TAGORE,ANG MO KIO,emergency_services,2sfca,2.149122807017544
000255,PASIR RIS PARK,PASIR RIS,emergency_services,2sfca,8.791392431098314
000256,CHOA CHU KANG NORTH,CHOA CHU KANG,emergency_services,2sfca,6.73844537815126
000257,RIVERVALE,SENGKANG,emergency_services,2sfca,2.0833333333333335
000258,YIO CHU KANG NORTH,ANG MO KIO,emergency_services,2sfca,2.149122807017544
000259,YUNNAN,JURONG WEST,emergency_services,2sfca,3.3142220755650884
000260,LORONG CHUAN,SERANGOON,emergency_services,2sfca,3.435992211193824
000261,HONG KAH,JURONG WEST,emergency_services,2sfca,3.3142220755650884
000262,SELETAR,SELETAR,emergency_services,2sfca,2.0833333333333335
000263,PANG SUA,SUNGEI KADUT,emergency_services,2sfca,6.647727272727273
000264,SELETAR AEROSPACE PARK,SELETAR,emergency_services,2sfca,0.0
000265,KHATIB,YISHUN,emergency_services,2sfca,4.143170426065163
000266,MANDAI WEST,MANDAI,emergency_services,2sfca,0.0
000267,CONEY ISLAND,PUNGGOL,emergency_services,2sfca,2.0833333333333335
000268,YISHUN SOUTH,YISHUN,emergency_services,2sfca,3.101503759398496
000269,RESERVOIR VIEW,SUNGEI KADUT,emergency_services,2sfca,3.125
000270,WOODLANDS EAST,WOODLANDS,emergency_services,2sfca,3.9199561403508776
000271,SEMBAWANG CENTRAL,SEMBAWANG,emergency_services,2sfca,3.9199561403508776
000272,GREENWOOD PARK,WOODLANDS,emergency_services,2sfca,4.8768939393939394
000273,SEMBAWANG EAST,SEMBAWANG,emergency_services,2sfca,5.705670426065163
000274,SENOKO WEST,WOODLANDS,emergency_services,2sfca,2.604166666666667
000275,MATILDA,PUNGGOL,emergency_services,2sfca,2.0833333333333335
000276,WATERWAY EAST,PUNGGOL,emergency_services,2sfca,2.0833333333333335
000277,GALI BATU,SUNGEI KADUT,emergency_services,2sfca,9.011172650878533
000278,CRAWFORD,KALLANG,emergency_services,2sfca,3.982909585712763
000279,TUAS BAY,TUAS,emergency_services,2sfca,17.083333333333336
000280,TUAS VIEW,TUAS,emergency_services,2sfca,8.333333333333334
000281,BAHAR,WESTERN WATER CATCHMENT,emergency_services,2sfca,2.4521531100478473
000282,CLEANTECH,WESTERN WATER CATCHMENT,emergency_services,2sfca,0.0
000283,LAKESIDE (BUSINESS),JURONG EAST,emergency_services,2sfca,2.716464569912846
000284,PARK,TENGAH,emergency_services,2sfca,4.141289744738021
000285,BRICKLAND,TENGAH,emergency_services,2sfca,4.475514343668502
000286,FOREST HILL,TENGAH,emergency_services,2sfca,3.0049261083743843
000287,PLANTATION,TENGAH,emergency_services,2sfca,2.8912897447380206
000288,GARDEN,TENGAH,emergency_services,2sfca,3.248432601880878
000289,AIRPORT ROAD,PAYA LEBAR,emergency_services,2sfca,3.11960005574136
000290,NORTH COAST,WOODLANDS,emergency_services,2sfca,4.8768939393939394
000291,SPRINGLEAF,YISHUN,emergency_services,2sfca,3.101503759398496
000292,PUNGGOL TOWN CENTRE,PUNGGOL,emergency_services,2sfca,2.0833333333333335
000293,PUNGGOL CANAL,PUNGGOL,emergency_services,2sfca,0.0
000294,CENTRAL WATER CATCHMENT,CENTRAL WATER CATCHMENT,emergency_services,2sfca,1.3157894736842106
000295,SEMBAWANG STRAITS,SEMBAWANG,emergency_services,2sfca,1.0416666666666667
000296,THE WHARVES,SEMBAWANG,emergency_services,2sfca,2.3574561403508776
000297,SENOKO NORTH,SEMBAWANG,emergency_services,2sfca,2.604166666666667
000298,CHANGI AIRPORT,CHANGI,emergency_services,2sfca,0.0
000299,PEOPLE'S PARK,OUTRAM,emergency_services,2sfca,4.272945747377136
000300,MOUNTBATTEN,MARINE PARADE,emergency_services,2sfca,5.539867617518356
000301,ALJUNIED,GEYLANG,emergency_services,2sfca,5.860380438031177
000302,PULAU PUNGGOL TIMOR,SELETAR,emergency_services,2sfca,0.0
000303,TURF CLUB,SUNGEI KADUT,emergency_services,2sfca,5.397727272727273
000304,WOODLANDS SOUTH,WOODLANDS,emergency_services,2sfca,4.8768939393939394
000305,WOODGROVE,WOODLANDS,emergency_services,2sfca,3.835227272727273
000306,YISHUN EAST,YISHUN,emergency_services,2sfca,4.143170426065163
000307,MURAI,WESTERN WATER CATCHMENT,emergency_services,2sfca,1.1363636363636365
000308,PULAU PUNGGOL BARAT,SELETAR,emergency_services,2sfca,0.0
000309,PULAU SELETAR,SIMPANG,emergency_services,2sfca,0.0
000310,ADMIRALTY,SEMBAWANG,emergency_services,2sfca,2.3574561403508776
000311,LIM CHU KANG,LIM CHU KANG,emergency_services,2sfca,0.0
000312,SIMPANG NORTH,SIMPANG,emergency_services,2sfca,4.143170426065163
000313,SENOKO SOUTH,SEMBAWANG,emergency_services,2sfca,3.9199561403508776
000314,SEMBAWANG NORTH,SEMBAWANG,emergency_services,2sfca,3.9199561403508776
000315,TANJONG IRAU,SIMPANG,emergency_services,2sfca,0.0
000316,YISHUN WEST,YISHUN,emergency_services,2sfca,4.143170426065163
000317,WOODLANDS REGIONAL CENTRE,WOODLANDS,emergency_services,2sfca,4.8768939393939394
000318,NORTH-EASTERN ISLANDS,NORTH-EASTERN ISLANDS,emergency_services,2sfca,50.0
000319,SIMPANG SOUTH,SIMPANG,emergency_services,2sfca,3.101503759398496
000320,NORTHLAND,YISHUN,emergency_services,2sfca,4.143170426065163
000321,MIDVIEW,WOODLANDS,emergency_services,2sfca,4.8768939393939394
000322,WOODLANDS WEST,WOODLANDS,emergency_services,2sfca,3.835227272727273
000323,SEMBAWANG SPRINGS,SEMBAWANG,emergency_services,2sfca,5.705670426065163
000324,KRANJI,SUNGEI KADUT,emergency_services,2sfca,2.272727272727273
000325,PLAB,PAYA LEBAR,emergency_services,2sfca,1.6145833333333335
000326,MANDAI EAST,MANDAI,emergency_services,2sfca,3.9199561403508776
000327,NEE SOON,YISHUN,emergency_services,2sfca,1.7857142857142858
000328,UPPER THOMSON,BISHAN,emergency_services,2sfca,2.3342293906810037
000329,SHANGRI-LA,ANG MO KIO,emergency_services,2sfca,2.9555744199207696
000330,TOWNSVILLE,ANG MO KIO,emergency_services,2sfca,3.6500188643652143
000331,MARYMOUNT,BISHAN,emergency_services,2sfca,3.6500188643652143
000332,TUAS VIEW EXTENSION,TUAS,emergency_services,2sfca,8.333333333333334
000001,DEPOT ROAD,BUKIT MERAH,emergency_services,cumulative,7.0
000002,BUKIT MERAH,BUKIT MERAH,emergency_services,cumulative,8.0
000003,CHINATOWN,OUTRAM,emergency_services,cumulative,7.0
000004,PHILLIP,DOWNTOWN CORE,emergency_services,cumulative,8.0
000005,RAFFLES PLACE,DOWNTOWN CORE,emergency_services,cumulative,8.0
000006,CHINA SQUARE,OUTRAM,emergency_services,cumulative,8.0
000007,TIONG BAHRU,BUKIT MERAH,emergency_services,cumulative,8.0
000008,BAYFRONT SUBZONE,DOWNTOWN CORE,emergency_services,cumulative,7.0
000009,TIONG BAHRU STATION,BUKIT MERAH,emergency_services,cumulative,8.0
000010,CLIFFORD PIER,DOWNTOWN CORE,emergency_services,cumulative,8.0
000011,MARINA SOUTH,MARINA SOUTH,emergency_services,cumulative,2.0
000012,NICOLL,DOWNTOWN CORE,emergency_services,cumulative,7.0
000013,MARINA EAST,MARINA EAST,emergency_services,cumulative,6.0
000014,INSTITUTION HILL,RIVER VALLEY,emergency_services,cumulative,7.0
000015,ROBERTSON QUAY,SINGAPORE RIVER,emergency_services,cumulative,7.0
000016,JURONG ISLAND AND BUKOM,WESTERN ISLANDS,emergency_services,cumulative,1.0
000017,FORT CANNING,MUSEUM,emergency_services,cumulative,6.0
000018,PEARL'S HILL,OUTRAM,emergency_services,cumulative,9.0
000019,BOAT QUAY,SINGAPORE RIVER,emergency_services,cumulative,8.0
000020,HENDERSON HILL,BUKIT MERAH,emergency_services,cumulative,8.0
000021,REDHILL,BUKIT MERAH,emergency_services,cumulative,8.0
000022,ALEXANDRA HILL,BUKIT MERAH,emergency_services,cumulative,6.0
000023,BUKIT HO SWEE,BUKIT MERAH,emergency_services,cumulative,8.0
000024,CLARKE QUAY,SINGAPORE RIVER,emergency_services,cumulative,6.0
000025,PASIR PANJANG 1,QUEENSTOWN,emergency_services,cumulative,4.0
000026,QUEENSWAY,QUEENSTOWN,emergency_services,cumulative,4.0
000027,MARINA EAST (MP),MARINE PARADE,emergency_services,cumulative,6.0
000028,SUDONG,WESTERN ISLANDS,emergency_services,cumulative,0.0
000029,SEMAKAU,WESTERN ISLANDS,emergency_services,cumulative,5.0
000030,SOUTHERN GROUP,SOUTHERN ISLANDS,emergency_services,cumulative,5.0
000031,SENTOSA,SOUTHERN ISLANDS,emergency_services,cumulative,5.0
000032,CITY TERMINALS,BUKIT MERAH,emergency_services,cumulative,7.0
000033,ANSON,DOWNTOWN CORE,emergency_services,cumulative,7.0
000034,STRAITS VIEW,STRAITS VIEW,emergency_services,cumulative,4.0
000035,MARITIME SQUARE,BUKIT MERAH,emergency_services,cumulative,6.0
000036,TELOK BLANGAH RISE,BUKIT MERAH,emergency_services,cumulative,7.0
000037,TANJONG PAGAR,DOWNTOWN CORE,emergency_services,cumulative,6.0
000038,EVERTON PARK,BUKIT MERAH,emergency_services,cumulative,8.0
000039,TELOK BLANGAH WAY,BUKIT MERAH,emergency_services,cumulative,7.0
000040,MAXWELL,DOWNTOWN CORE,emergency_services,cumulative,7.0
000041,CECIL,DOWNTOWN CORE,emergency_services,cumulative,7.0
000042,KAMPONG TIONG BAHRU,BUKIT MERAH,emergency_services,cumulative,8.0
000043,TELOK BLANGAH DRIVE,BUKIT MERAH,emergency_services,cumulative,5.0
000044,PASIR PANJANG 2,QUEENSTOWN,emergency_services,cumulative,7.0
000045,CENTRAL SUBZONE,DOWNTOWN CORE,emergency_services,cumulative,4.0
000046,SINGAPORE GENERAL HOSPITAL,BUKIT MERAH,emergency_services,cumulative,8.0
000047,BUGIS,DOWNTOWN CORE,emergency_services,cumulative,7.0
000048,VICTORIA,ROCHOR,emergency_services,cumulative,8.0
000049,PATERSON,RIVER VALLEY,emergency_services,cumulative,6.0
000050,EAST COAST,MARINE PARADE,emergency_services,cumulative,6.0
000051,NATIONAL UNIVERSITY OF S'PORE,QUEENSTOWN,emergency_services,cumulative,4.0
000052,ONE TREE HILL,RIVER VALLEY,emergency_services,cumulative,7.0
000053,COMMONWEALTH,QUEENSTOWN,emergency_services,cumulative,4.0
000054,DOVER,QUEENSTOWN,emergency_services,cumulative,5.0
000055,RIDOUT,TANGLIN,emergency_services,cumulative,4.0
000056,CAIRNHILL,NEWTON,emergency_services,cumulative,5.0
000057,CLEMENTI WEST,CLEMENTI,emergency_services,cumulative,4.0
000058,MONK'S HILL,NEWTON,emergency_services,cumulative,7.0
000059,SIGLAP,BEDOK,emergency_services,cumulative,3.0
000060,CLEMENTI WOODS,CLEMENTI,emergency_services,cumulative,4.0
000061,PIONEER SECTOR,PIONEER,emergency_services,cumulative,1.0
000062,PENJURU CRESCENT,JURONG EAST,emergency_services,cumulative,2.0
000063,ORANGE GROVE,NEWTON,emergency_services,cumulative,5.0
000064,KAMPONG BUGIS,KALLANG,emergency_services,cumulative,0.0
000065,KENT RIDGE,QUEENSTOWN,emergency_services,cumulative,4.0
000066,ALEXANDRA NORTH,BUKIT MERAH,emergency_services,cumulative,8.0
000067,TANGLIN HALT,QUEENSTOWN,emergency_services,cumulative,5.0
000068,MACKENZIE,ROCHOR,emergency_services,cumulative,6.0
000069,SUNGEI ROAD,ROCHOR,emergency_services,cumulative,7.0
000070,ONE NORTH,QUEENSTOWN,emergency_services,cumulative,7.0
000071,TANJONG RHU,KALLANG,emergency_services,cumulative,6.0
000072,KATONG,MARINE PARADE,emergency_services,cumulative,7.0
000073,BOULEVARD,ORCHARD,emergency_services,cumulative,5.0
000074,ISTANA NEGARA,NEWTON,emergency_services,cumulative,5.0
000075,LITTLE INDIA,ROCHOR,emergency_services,cumulative,7.0
000076,GUL BASIN,PIONEER,emergency_services,cumulative,1.0
000077,MARINA CENTRE,DOWNTOWN CORE,emergency_services,cumulative,7.0
000078,BRAS BASAH,MUSEUM,emergency_services,cumulative,9.0
000079,SOMERSET,ORCHARD,emergency_services,cumulative,5.0
000080,BENCOOLEN,ROCHOR,emergency_services,cumulative,8.0
000081,CHATSWORTH,TANGLIN,emergency_services,cumulative,7.0
000082,KAMPONG GLAM,ROCHOR,emergency_services,cumulative,7.0
000083,SELEGIE,ROCHOR,emergency_services,cumulative,8.0
000084,MOUNT EMILY,ROCHOR,emergency_services,cumulative,6.0
000085,ROCHOR CANAL,ROCHOR,emergency_services,cumulative,7.0
000086,MARGARET DRIVE,QUEENSTOWN,emergency_services,cumulative,6.0
000087,OXLEY,RIVER VALLEY,emergency_services,cumulative,7.0
000088,CITY HALL,DOWNTOWN CORE,emergency_services,cumulative,9.0
000089,MEI CHIN,QUEENSTOWN,emergency_services,cumulative,4.0
000090,LEONIE HILL,RIVER VALLEY,emergency_services,cumulative,8.0
000091,PORT,QUEENSTOWN,emergency_services,cumulative,5.0
000092,DHOBY GHAUT,MUSEUM,emergency_services,cumulative,7.0
000093,MACPHERSON,GEYLANG,emergency_services,cumulative,7.0
000094,KIM KEAT,TOA PAYOH,emergency_services,cumulative,4.0
000095,BEDOK NORTH,BEDOK,emergency_services,cumulative,4.0
000096,TOA PAYOH CENTRAL,TOA PAYOH,emergency_services,cumulative,4.0
000097,JURONG GATEWAY,JURONG EAST,emergency_services,cumulative,4.0
000098,HOLLAND ROAD,BUKIT TIMAH,emergency_services,cumulative,4.0
000099,KAMPONG UBI,GEYLANG,emergency_services,cumulative,7.0
000100,SENNETT,TOA PAYOH,emergency_services,cumulative,7.0
000101,POTONG PASIR,TOA PAYOH,emergency_services,cumulative,7.0
000102,TUAS NORTH,TUAS,emergency_services,cumulative,2.0
000103,PEI CHUN,TOA PAYOH,emergency_services,cumulative,7.0
000104,BOON TECK,TOA PAYOH,emergency_services,cumulative,5.0
000105,KIAN TECK,JURONG WEST,emergency_services,cumulative,3.0
000106,SAFTI,JURONG WEST,emergency_services,cumulative,3.0
000107,FARRER PARK,ROCHOR,emergency_services,cumulative,8.0
000108,NEWTON CIRCUS,NEWTON,emergency_services,cumulative,6.0
000109,JURONG PORT,JURONG EAST,emergency_services,cumulative,0.0
000110,ANG MO KIO TOWN CENTRE,ANG MO KIO,emergency_services,cumulative,3.0
000111,KEBUN BAHRU,ANG MO KIO,emergency_services,cumulative,3.0
000112,SERANGOON NORTH IND ESTATE,SERANGOON,emergency_services,cumulative,3.0
000113,TENGAH INDUSTRIAL ESTATE,TENGAH,emergency_services,cumulative,3.0
000114,SAMULUN,BOON LAY,emergency_services,cumulative,2.0
000115,SHIPYARD,BOON LAY,emergency_services,cumulative,2.0
000116,GHIM MOH,QUEENSTOWN,emergency_services,cumulative,4.0
000117,LAVENDER,KALLANG,emergency_services,cumulative,8.0
000118,FRANKEL,BEDOK,emergency_services,cumulative,6.0
000119,CLEMENTI NORTH,CLEMENTI,emergency_services,cumulative,5.0
000120,LEEDON PARK,BUKIT TIMAH,emergency_services,cumulative,3.0
000121,GEYLANG EAST,GEYLANG,emergency_services,cumulative,8.0
000122,TEBAN GARDENS,JURONG EAST,emergency_services,cumulative,4.0
000123,JURONG RIVER,JURONG EAST,emergency_services,cumulative,1.0
000124,GEYLANG BAHRU,KALLANG,emergency_services,cumulative,9.0
000125,GOODWOOD PARK,NEWTON,emergency_services,cumulative,4.0
000126,PANDAN,CLEMENTI,emergency_services,cumulative,4.0
000127,SINGAPORE POLYTECHNIC,QUEENSTOWN,emergency_services,cumulative,6.0
000128,CLEMENTI CENTRAL,CLEMENTI,emergency_services,cumulative,5.0
000129,KAMPONG JAVA,KALLANG,emergency_services,cumulative,7.0
000130,BOON KENG,KALLANG,emergency_services,cumulative,9.0
000131,KALLANG BAHRU,KALLANG,emergency_services,cumulative,9.0
000132,ULU PANDAN,BUKIT TIMAH,emergency_services,cumulative,5.0
000133,FARRER COURT,BUKIT TIMAH,emergency_services,cumulative,3.0
000134,NASSIM,TANGLIN,emergency_services,cumulative,3.0
000135,WEST COAST,CLEMENTI,emergency_services,cumulative,4.0
000136,BAYSHORE,BEDOK,emergency_services,cumulative,2.0
000137,BENOI SECTOR,PIONEER,emergency_services,cumulative,4.0
000138,GUL CIRCLE,PIONEER,emergency_services,cumulative,1.0
000139,TYERSALL,TANGLIN,emergency_services,cumulative,1.0
000140,MOULMEIN,NOVENA,emergency_services,cumulative,6.0
000141,LIU FANG,BOON LAY,emergency_services,cumulative,3.0
000142,TANGLIN,ORCHARD,emergency_services,cumulative,5.0
000143,MARINE PARADE,MARINE PARADE,emergency_services,cumulative,7.0
000144,JOO KOON,PIONEER,emergency_services,cumulative,4.0
000145,KALLANG WAY,GEYLANG,emergency_services,cumulative,7.0
000146,INTERNATIONAL BUSINESS PARK,JURONG EAST,emergency_services,cumulative,0.0
000147,TUKANG,BOON LAY,emergency_services,cumulative,4.0
000148,CORONATION ROAD,BUKIT TIMAH,emergency_services,cumulative,2.0
000149,KEMBANGAN,BEDOK,emergency_services,cumulative,6.0
000150,DUNEARN,NOVENA,emergency_services,cumulative,2.0
000151,SUNSET WAY,CLEMENTI,emergency_services,cumulative,5.0
000152,ANAK BUKIT,BUKIT TIMAH,emergency_services,cumulative,2.0
000153,SWISS CLUB,BUKIT TIMAH,emergency_services,cumulative,0.0
000154,XILIN,TAMPINES,emergency_services,cumulative,1.0
000155,FABER,CLEMENTI,emergency_services,cumulative,5.0
000156,MALCOLM,NOVENA,emergency_services,cumulative,5.0
000157,BEDOK SOUTH,BEDOK,emergency_services,cumulative,3.0
000158,DEFU INDUSTRIAL PARK,HOUGANG,emergency_services,cumulative,3.0
000159,CHANGI BAY,CHANGI BAY,emergency_services,cumulative,0.0
000160,PAYA LEBAR EAST,PAYA LEBAR,emergency_services,cumulative,2.0
000161,HONG KAH NORTH,BUKIT BATOK,emergency_services,cumulative,5.0
000162,KOVAN,HOUGANG,emergency_services,cumulative,3.0
000163,CHONG BOON,ANG MO KIO,emergency_services,cumulative,4.0
000164,SERANGOON GARDEN,SERANGOON,emergency_services,cumulative,3.0
000165,HOUGANG CENTRAL,HOUGANG,emergency_services,cumulative,3.0
000166,LOYANG EAST,PASIR RIS,emergency_services,cumulative,3.0
000167,DAIRY FARM,BUKIT PANJANG,emergency_services,cumulative,4.0
000168,PASIR RIS DRIVE,PASIR RIS,emergency_services,cumulative,4.0
000169,TAMPINES NORTH,TAMPINES,emergency_services,cumulative,3.0
000170,CHENG SAN,ANG MO KIO,emergency_services,cumulative,3.0
000171,SEMBAWANG HILLS,ANG MO KIO,emergency_services,cumulative,3.0
000172,JELEBU,BUKIT PANJANG,emergency_services,cumulative,3.0
000173,KEAT HONG,CHOA CHU KANG,emergency_services,cumulative,3.0
000174,BENDEMEER,KALLANG,emergency_services,cumulative,8.0
000175,BALESTIER,NOVENA,emergency_services,cumulative,6.0
000176,TUAS PROMENADE,TUAS,emergency_services,cumulative,2.0
000177,SERANGOON CENTRAL,SERANGOON,emergency_services,cumulative,5.0
000178,BISHAN EAST,BISHAN,emergency_services,cumulative,3.0
000179,TAMPINES WEST,TAMPINES,emergency_services,cumulative,4.0
000180,BRICKWORKS,BUKIT BATOK,emergency_services,cumulative,2.0
000181,SERANGOON NORTH,SERANGOON,emergency_services,cumulative,2.0
000182,GUILIN,BUKIT BATOK,emergency_services,cumulative,4.0
000183,WENYA,JURONG WEST,emergency_services,cumulative,3.0
000184,NATURE RESERVE,BUKIT PANJANG,emergency_services,cumulative,1.0
000185,TAMPINES EAST,TAMPINES,emergency_services,cumulative,4.0
000186,LORONG AH SOO,HOUGANG,emergency_services,cumulative,2.0
000187,FLORA DRIVE,PASIR RIS,emergency_services,cumulative,5.0
000188,HILLVIEW,BUKIT BATOK,emergency_services,cumulative,2.0
000189,TOH TUCK,CLEMENTI,emergency_services,cumulative,4.0
000190,MOUNT PLEASANT,NOVENA,emergency_services,cumulative,4.0
000191,HILLCREST,BUKIT TIMAH,emergency_services,cumulative,1.0
000192,JOO SENG,TOA PAYOH,emergency_services,cumulative,7.0
000193,CHIN BEE,JURONG WEST,emergency_services,cumulative,4.0
000194,LORONG 8 TOA PAYOH,TOA PAYOH,emergency_services,cumulative,5.0
000195,TOH GUAN,JURONG EAST,emergency_services,cumulative,4.0
000196,SIMEI,TAMPINES,emergency_services,cumulative,3.0
000197,BOON LAY PLACE,JURONG WEST,emergency_services,cumulative,4.0
000198,BUKIT BATOK EAST,BUKIT BATOK,emergency_services,cumulative,4.0
000199,BUKIT BATOK WEST,BUKIT BATOK,emergency_services,cumulative,4.0
000200,BUKIT BATOK CENTRAL,BUKIT BATOK,emergency_services,cumulative,4.0
000201,UPPER PAYA LEBAR,SERANGOON,emergency_services,cumulative,4.0
000202,TAI SENG,HOUGANG,emergency_services,cumulative,4.0
000203,TENGEH,TUAS,emergency_services,cumulative,2.0
000204,YUHUA WEST,JURONG EAST,emergency_services,cumulative,5.0
000205,BRADDELL,TOA PAYOH,emergency_services,cumulative,5.0
000206,BIDADARI,TOA PAYOH,emergency_services,cumulative,6.0
000207,WOODLEIGH,TOA PAYOH,emergency_services,cumulative,6.0
000208,TAMAN JURONG,JURONG WEST,emergency_services,cumulative,4.0
000209,LAKESIDE (LEISURE),JURONG EAST,emergency_services,cumulative,4.0
000210,TOA PAYOH WEST,TOA PAYOH,emergency_services,cumulative,5.0
000211,KAKI BUKIT,BEDOK,emergency_services,cumulative,6.0
000212,YUHUA EAST,JURONG EAST,emergency_services,cumulative,5.0
000213,BUKIT BATOK SOUTH,BUKIT BATOK,emergency_services,cumulative,5.0
000214,JURONG WEST CENTRAL,JURONG WEST,emergency_services,cumulative,4.0
000215,BEDOK RESERVOIR,BEDOK,emergency_services,cumulative,5.0
000216,LOWER SELETAR,YISHUN,emergency_services,cumulative,2.0
000217,NORTHSHORE,PUNGGOL,emergency_services,cumulative,1.0
000218,MANDAI ESTATE,MANDAI,emergency_services,cumulative,3.0
000219,YISHUN CENTRAL,YISHUN,emergency_services,cumulative,3.0
000220,PASIR RIS CENTRAL,PASIR RIS,emergency_services,cumulative,4.0
000221,GOMBAK,BUKIT BATOK,emergency_services,cumulative,3.0
000222,PAYA LEBAR NORTH,PAYA LEBAR,emergency_services,cumulative,3.0
000223,HOUGANG EAST,HOUGANG,emergency_services,cumulative,2.0
000224,LORONG HALUS,HOUGANG,emergency_services,cumulative,2.0
000225,KANGKAR,HOUGANG,emergency_services,cumulative,2.0
000226,CHANGI WEST,CHANGI,emergency_services,cumulative,3.0
000227,HOLLAND DRIVE,QUEENSTOWN,emergency_services,cumulative,5.0
000228,HOUGANG WEST,HOUGANG,emergency_services,cumulative,3.0
000229,PAYA LEBAR WEST,PAYA LEBAR,emergency_services,cumulative,3.0
000230,BANGKIT,BUKIT PANJANG,emergency_services,cumulative,3.0
000231,LORONG HALUS NORTH,SENGKANG,emergency_services,cumulative,3.0
000232,PENG SIANG,CHOA CHU KANG,emergency_services,cumulative,4.0
000233,PASIR RIS WEST,PASIR RIS,emergency_services,cumulative,3.0
000234,YIO CHU KANG WEST,ANG MO KIO,emergency_services,cumulative,3.0
000235,CHANGI POINT,CHANGI,emergency_services,cumulative,7.0
000236,SENGKANG TOWN CENTRE,SENGKANG,emergency_services,cumulative,2.0
000237,ANCHORVALE,SENGKANG,emergency_services,cumulative,2.0
000238,SENGKANG WEST,SENGKANG,emergency_services,cumulative,2.0
000239,FERNVALE,SENGKANG,emergency_services,cumulative,3.0
000240,PUNGGOL FIELD,PUNGGOL,emergency_services,cumulative,2.0
000241,YEW TEE,CHOA CHU KANG,emergency_services,cumulative,4.0
000242,PASIR RIS WAFER FAB PARK,PASIR RIS,emergency_services,cumulative,2.0
000243,TRAFALGAR,HOUGANG,emergency_services,cumulative,3.0
000244,TECK WHYE,CHOA CHU KANG,emergency_services,cumulative,3.0
000245,CHOA CHU KANG CENTRAL,CHOA CHU KANG,emergency_services,cumulative,4.0
000246,FAJAR,BUKIT PANJANG,emergency_services,cumulative,3.0
000247,SENJA,BUKIT PANJANG,emergency_services,cumulative,3.0
000248,SAUJANA,BUKIT PANJANG,emergency_services,cumulative,3.0
000249,SELETAR HILLS,SERANGOON,emergency_services,cumulative,3.0
000250,COMPASSVALE,SENGKANG,emergency_services,cumulative,2.0
000251,YIO CHU KANG EAST,ANG MO KIO,emergency_services,cumulative,2.0
000252,YIO CHU KANG,ANG MO KIO,emergency_services,cumulative,3.0
000253,LOYANG WEST,PASIR RIS,emergency_services,cumulative,3.0
000254,TAGORE,ANG MO KIO,emergency_services,cumulative,2.0
000255,PASIR RIS PARK,PASIR RIS,emergency_services,cumulative,4.0
000256,CHOA CHU KANG NORTH,CHOA CHU KANG,emergency_services,cumulative,4.0
000257,RIVERVALE,SENGKANG,emergency_services,cumulative,2.0
000258,YIO CHU KANG NORTH,ANG MO KIO,emergency_services,cumulative,2.0
000259,YUNNAN,JURONG WEST,emergency_services,cumulative,3.0
000260,LORONG CHUAN,SERANGOON,emergency_services,cumulative,5.0
000261,HONG KAH,JURONG WEST,emergency_services,cumulative,3.0
000262,SELETAR,SELETAR,emergency_services,cumulative,2.0
000263,PANG SUA,SUNGEI KADUT,emergency_services,cumulative,3.0
000264,SELETAR AEROSPACE PARK,SELETAR,emergency_services,cumulative,0.0
000265,KHATIB,YISHUN,emergency_services,cumulative,3.0
000266,MANDAI WEST,MANDAI,emergency_services,cumulative,0.0
000267,CONEY ISLAND,PUNGGOL,emergency_services,cumulative,2.0
000268,YISHUN SOUTH,YISHUN,emergency_services,cumulative,2.0
000269,RESERVOIR VIEW,SUNGEI KADUT,emergency_services,cumulative,1.0
000270,WOODLANDS EAST,WOODLANDS,emergency_services,cumulative,3.0
000271,SEMBAWANG CENTRAL,SEMBAWANG,emergency_services,cumulative,3.0
000272,GREENWOOD PARK,WOODLANDS,emergency_services,cumulative,3.0
000273,SEMBAWANG EAST,SEMBAWANG,emergency_services,cumulative,4.0
000274,SENOKO WEST,WOODLANDS,emergency_services,cumulative,2.0
000275,MATILDA,PUNGGOL,emergency_services,cumulative,2.0
000276,WATERWAY EAST,PUNGGOL,emergency_services,cumulative,2.0
000277,GALI BATU,SUNGEI KADUT,emergency_services,cumulative,5.0
000278,CRAWFORD,KALLANG,emergency_services,cumulative,8.0
000279,TUAS BAY,TUAS,emergency_services,cumulative,3.0
000280,TUAS VIEW,TUAS,emergency_services,cumulative,1.0
000281,BAHAR,WESTERN WATER CATCHMENT,emergency_services,cumulative,2.0
000282,CLEANTECH,WESTERN WATER CATCHMENT,emergency_services,cumulative,0.0
000283,LAKESIDE (BUSINESS),JURONG EAST,emergency_services,cumulative,3.0
000284,PARK,TENGAH,emergency_services,cumulative,4.0
000285,BRICKLAND,TENGAH,emergency_services,cumulative,4.0
000286,FOREST HILL,TENGAH,emergency_services,cumulative,3.0
000287,PLANTATION,TENGAH,emergency_services,cumulative,3.0
000288,GARDEN,TENGAH,emergency_services,cumulative,3.0
000289,AIRPORT ROAD,PAYA LEBAR,emergency_services,cumulative,4.0
000290,NORTH COAST,WOODLANDS,emergency_services,cumulative,3.0
000291,SPRINGLEAF,YISHUN,emergency_services,cumulative,2.0
000292,PUNGGOL TOWN CENTRE,PUNGGOL,emergency_services,cumulative,2.0
000293,PUNGGOL CANAL,PUNGGOL,emergency_services,cumulative,0.0
000294,CENTRAL WATER CATCHMENT,CENTRAL WATER CATCHMENT,emergency_services,cumulative,1.0
000295,SEMBAWANG STRAITS,SEMBAWANG,emergency_services,cumulative,1.0
000296,THE WHARVES,SEMBAWANG,emergency_services,cumulative,2.0
000297,SENOKO NORTH,SEMBAWANG,emergency_services,cumulative,2.0
000298,CHANGI AIRPORT,CHANGI,emergency_services,cumulative,0.0
000299,PEOPLE'S PARK,OUTRAM,emergency_services,cumulative,9.0
000300,MOUNTBATTEN,MARINE PARADE,emergency_services,cumulative,7.0
000301,ALJUNIED,GEYLANG,emergency_services,cumulative,8.0
000302,PULAU PUNGGOL TIMOR,SELETAR,emergency_services,cumulative,0.0
000303,TURF CLUB,SUNGEI KADUT,emergency_services,cumulative,2.0
000304,WOODLANDS SOUTH,WOODLANDS,emergency_services,cumulative,3.0
000305,WOODGROVE,WOODLANDS,emergency_services,cumulative,2.0
000306,YISHUN EAST,YISHUN,emergency_services,cumulative,3.0
000307,MURAI,WESTERN WATER CATCHMENT,emergency_services,cumulative,1.0
000308,PULAU PUNGGOL BARAT,SELETAR,emergency_services,cumulative,0.0
000309,PULAU SELETAR,SIMPANG,emergency_services,cumulative,0.0
000310,ADMIRALTY,SEMBAWANG,emergency_services,cumulative,2.0
000311,LIM CHU KANG,LIM CHU KANG,emergency_services,cumulative,0.0
000312,SIMPANG NORTH,SIMPANG,emergency_services,cumulative,3.0
000313,SENOKO SOUTH,SEMBAWANG,emergency_services,cumulative,3.0
000314,SEMBAWANG NORTH,SEMBAWANG,emergency_services,cumulative,3.0
000315,TANJONG IRAU,SIMPANG,emergency_services,cumulative,0.0
000316,YISHUN WEST,YISHUN,emergency_services,cumulative,3.0
000317,WOODLANDS REGIONAL CENTRE,WOODLANDS,emergency_services,cumulative,3.0
000318,NORTH-EASTERN ISLANDS,NORTH-EASTERN ISLANDS,emergency_services,cumulative,4.0
000319,SIMPANG SOUTH,SIMPANG,emergency_services,cumulative,2.0
000320,NORTHLAND,YISHUN,emergency_services,cumulative,3.0
000321,MIDVIEW,WOODLANDS,emergency_services,cumulative,3.0
000322,WOODLANDS WEST,WOODLANDS,emergency_services,cumulative,2.0
000323,SEMBAWANG SPRINGS,SEMBAWANG,emergency_services,cumulative,4.0
000324,KRANJI,SUNGEI KADUT,emergency_services,cumulative,1.0
000325,PLAB,PAYA LEBAR,emergency_services,cumulative,2.0
000326,MANDAI EAST,MANDAI,emergency_services,cumulative,3.0
000327,NEE SOON,YISHUN,emergency_services,cumulative,1.0
000328,UPPER THOMSON,BISHAN,emergency_services,cumulative,3.0
000329,SHANGRI-LA,ANG MO KIO,emergency_services,cumulative,3.0
000330,TOWNSVILLE,ANG MO KIO,emergency_services,cumulative,4.0
000331,MARYMOUNT,BISHAN,emergency_services,cumulative,4.0
000332,TUAS VIEW EXTENSION,TUAS,emergency_services,cumulative,1.0
000001,DEPOT ROAD,BUKIT MERAH,emergency_services,hansen,26.461380504039358
000002,BUKIT MERAH,BUKIT MERAH,emergency_services,hansen,125.08874473247573
000003,CHINATOWN,OUTRAM,emergency_services,hansen,47.999918874661994
000004,PHILLIP,DOWNTOWN CORE,emergency_services,hansen,45.72229441073309
000005,RAFFLES PLACE,DOWNTOWN CORE,emergency_services,hansen,40.778421752461284
000006,CHINA SQUARE,OUTRAM,emergency_services,hansen,44.93282019911781
000007,TIONG BAHRU,BUKIT MERAH,emergency_services,hansen,29.975065975710773
000008,BAYFRONT SUBZONE,DOWNTOWN CORE,emergency_services,hansen,19.842013272262157
000009,TIONG BAHRU STATION,BUKIT MERAH,emergency_services,hansen,53.826287866230075
000010,CLIFFORD PIER,DOWNTOWN CORE,emergency_services,hansen,46.29563851253363
000011,MARINA SOUTH,MARINA SOUTH,emergency_services,hansen,5.79611913011642
000012,NICOLL,DOWNTOWN CORE,emergency_services,hansen,23.005546890667958
000013,MARINA EAST,MARINA EAST,emergency_services,hansen,15.374205501878453
000014,INSTITUTION HILL,RIVER VALLEY,emergency_services,hansen,20.091633148613706
000015,ROBERTSON QUAY,SINGAPORE RIVER,emergency_services,hansen,20.584219791729193
000016,JURONG ISLAND AND BUKOM,WESTERN ISLANDS,emergency_services,hansen,7.202509534977047
000017,FORT CANNING,MUSEUM,emergency_services,hansen,37.8140859936076
000018,PEARL'S HILL,OUTRAM,emergency_services,hansen,25.391530961189165
000019,BOAT QUAY,SINGAPORE RIVER,emergency_services,hansen,67.35673783266584
000020,HENDERSON HILL,BUKIT MERAH,emergency_services,hansen,127.77508267249424
000021,REDHILL,BUKIT MERAH,emergency_services,hansen,46.92330140824752
000022,ALEXANDRA HILL,BUKIT MERAH,emergency_services,hansen,36.59772753286538
000023,BUKIT HO SWEE,BUKIT MERAH,emergency_services,hansen,22.64134798674052
000024,CLARKE QUAY,SINGAPORE RIVER,emergency_services,hansen,48.92867352126732
000025,PASIR PANJANG 1,QUEENSTOWN,emergency_services,hansen,9.938209444435424
000026,QUEENSWAY,QUEENSTOWN,emergency_services,hansen,20.94969137259255
000027,MARINA EAST (MP),MARINE PARADE,emergency_services,hansen,31.57553985591866
000028,SUDONG,WESTERN ISLANDS,emergency_services,hansen,0.0
000029,SEMAKAU,WESTERN ISLANDS,emergency_services,hansen,18.452062939341257
000030,SOUTHERN GROUP,SOUTHERN ISLANDS,emergency_services,hansen,25000016.686766174
000031,SENTOSA,SOUTHERN ISLANDS,emergency_services,hansen,25000016.686766174
000032,CITY TERMINALS,BUKIT MERAH,emergency_services,hansen,129.56858616072284
000033,ANSON,DOWNTOWN CORE,emergency_services,hansen,53.75788648274743
000034,STRAITS VIEW,STRAITS VIEW,emergency_services,hansen,18.67361748378611
000035,MARITIME SQUARE,BUKIT MERAH,emergency_services,hansen,42.826297466179966
000036,TELOK BLANGAH RISE,BUKIT MERAH,emergency_services,hansen,42.93644755440656
000037,TANJONG PAGAR,DOWNTOWN CORE,emergency_services,hansen,98.23504876976348
000038,EVERTON PARK,BUKIT MERAH,emergency_services,hansen,26.991074780245818
000039,TELOK BLANGAH WAY,BUKIT MERAH,emergency_services,hansen,36.798150789948075
000040,MAXWELL,DOWNTOWN CORE,emergency_services,hansen,73.77776188212243
000041,CECIL,DOWNTOWN CORE,emergency_services,hansen,85.0992756625828
000042,KAMPONG TIONG BAHRU,BUKIT MERAH,emergency_services,hansen,44.4573101375747
000043,TELOK BLANGAH DRIVE,BUKIT MERAH,emergency_services,hansen,84.83898318139309
000044,PASIR PANJANG 2,QUEENSTOWN,emergency_services,hansen,14.462550621357815
000045,CENTRAL SUBZONE,DOWNTOWN CORE,emergency_services,hansen,38.85897104019166
000046,SINGAPORE GENERAL HOSPITAL,BUKIT MERAH,emergency_services,hansen,29.450189922662886
000047,BUGIS,DOWNTOWN CORE,emergency_services,hansen,34.10043208789107
000048,VICTORIA,ROCHOR,emergency_services,hansen,40.40826259749781
000049,PATERSON,RIVER VALLEY,emergency_services,hansen,18.04501302672886
000050,EAST COAST,MARINE PARADE,emergency_services,hansen,22.781675734087802
000051,NATIONAL UNIVERSITY OF S'PORE,QUEENSTOWN,emergency_services,hansen,7.6450422966988345
000052,ONE TREE HILL,RIVER VALLEY,emergency_services,hansen,15.745788678837826
000053,COMMONWEALTH,QUEENSTOWN,emergency_services,hansen,11.521111866882217
000054,DOVER,QUEENSTOWN,emergency_services,hansen,48.435142419224206
000055,RIDOUT,TANGLIN,emergency_services,hansen,7.336091252037328
000056,CAIRNHILL,NEWTON,emergency_services,hansen,59.54691548951157
000057,CLEMENTI WEST,CLEMENTI,emergency_services,hansen,259.4669912651851
000058,MONK'S HILL,NEWTON,emergency_services,hansen,75.73398356209044
000059,SIGLAP,BEDOK,emergency_services,hansen,11.04050366807139
000060,CLEMENTI WOODS,CLEMENTI,emergency_services,hansen,39.58599990734155
000061,PIONEER SECTOR,PIONEER,emergency_services,hansen,3.277038687087204
000062,PENJURU CRESCENT,JURONG EAST,emergency_services,hansen,2.535609601980183
000063,ORANGE GROVE,NEWTON,emergency_services,hansen,23.83423335555646
000064,KAMPONG BUGIS,KALLANG,emergency_services,hansen,0.0
000065,KENT RIDGE,QUEENSTOWN,emergency_services,hansen,12.32310326294707
000066,ALEXANDRA NORTH,BUKIT MERAH,emergency_services,hansen,27.629705876642404
000067,TANGLIN HALT,QUEENSTOWN,emergency_services,hansen,17.059700174037335
000068,MACKENZIE,ROCHOR,emergency_services,hansen,27.365714735341495
000069,SUNGEI ROAD,ROCHOR,emergency_services,hansen,32.02852615405363
000070,ONE NORTH,QUEENSTOWN,emergency_services,hansen,27.157245141612666
000071,TANJONG RHU,KALLANG,emergency_services,hansen,30.576504538467066
000072,KATONG,MARINE PARADE,emergency_services,hansen,34.17453347431044
000073,BOULEVARD,ORCHARD,emergency_services,hansen,24.034312839840453
000074,ISTANA NEGARA,NEWTON,emergency_services,hansen,17.04026353139968
000075,LITTLE INDIA,ROCHOR,emergency_services,hansen,31.001051516312216
000076,GUL BASIN,PIONEER,emergency_services,hansen,2.208499683626372
000077,MARINA CENTRE,DOWNTOWN CORE,emergency_services,hansen,24.589776830597017
000078,BRAS BASAH,MUSEUM,emergency_services,hansen,95.59333587239878
000079,SOMERSET,ORCHARD,emergency_services,hansen,25.577765824497646
000080,BENCOOLEN,ROCHOR,emergency_services,hansen,30.225093151664826
000081,CHATSWORTH,TANGLIN,emergency_services,hansen,16.218429338234845
000082,KAMPONG GLAM,ROCHOR,emergency_services,hansen,27.047261787187228
000083,SELEGIE,ROCHOR,emergency_services,hansen,33.374761879762644
000084,MOUNT EMILY,ROCHOR,emergency_services,hansen,23.709728887294453
000085,ROCHOR CANAL,ROCHOR,emergency_services,hansen,24.976961785536357
000086,MARGARET DRIVE,QUEENSTOWN,emergency_services,hansen,15.786324272979591
000087,OXLEY,RIVER VALLEY,emergency_services,hansen,25.817255692521716
000088,CITY HALL,DOWNTOWN CORE,emergency_services,hansen,95.71777761431407
000089,MEI CHIN,QUEENSTOWN,emergency_services,hansen,35.796941780360136
000090,LEONIE HILL,RIVER VALLEY,emergency_services,hansen,22.20106746696382
000091,PORT,QUEENSTOWN,emergency_services,hansen,10.794312871445152
000092,DHOBY GHAUT,MUSEUM,emergency_services,hansen,37.27685373528971
000093,MACPHERSON,GEYLANG,emergency_services,hansen,26.480007296855845
000094,KIM KEAT,TOA PAYOH,emergency_services,hansen,21.869324270936605
000095,BEDOK NORTH,BEDOK,emergency_services,hansen,13.844324121244993
000096,TOA PAYOH CENTRAL,TOA PAYOH,emergency_services,hansen,20.38647004110259
000097,JURONG GATEWAY,JURONG EAST,emergency_services,hansen,10.156933345356864
000098,HOLLAND ROAD,BUKIT TIMAH,emergency_services,hansen,6.205308635413567
000099,KAMPONG UBI,GEYLANG,emergency_services,hansen,33.93197908630399
000100,SENNETT,TOA PAYOH,emergency_services,hansen,15.531329180754044
000101,POTONG PASIR,TOA PAYOH,emergency_services,hansen,13.787584911266453
000102,TUAS NORTH,TUAS,emergency_services,hansen,7.050092240438607
000103,PEI CHUN,TOA PAYOH,emergency_services,hansen,28.004204316201363
000104,BOON TECK,TOA PAYOH,emergency_services,hansen,1153.8699288621856
000105,KIAN TECK,JURONG WEST,emergency_services,hansen,16.9179430557001
000106,SAFTI,JURONG WEST,emergency_services,hansen,5.601305802202628
000107,FARRER PARK,ROCHOR,emergency_services,hansen,29.56481997068153
000108,NEWTON CIRCUS,NEWTON,emergency_services,hansen,1366.7616034445161
000109,JURONG PORT,JURONG EAST,emergency_services,hansen,0.0
000110,ANG MO KIO TOWN CENTRE,ANG MO KIO,emergency_services,hansen,47.061277615729544
000111,KEBUN BAHRU,ANG MO KIO,emergency_services,hansen,10.198322937281034
000112,SERANGOON NORTH IND ESTATE,SERANGOON,emergency_services,hansen,9.372562387165775
000113,TENGAH INDUSTRIAL ESTATE,TENGAH,emergency_services,hansen,6.904626290051218
000114,SAMULUN,BOON LAY,emergency_services,hansen,4.801006468555348
000115,SHIPYARD,BOON LAY,emergency_services,hansen,4.045299881128715
000116,GHIM MOH,QUEENSTOWN,emergency_services,hansen,14.72279057682278
000117,LAVENDER,KALLANG,emergency_services,hansen,78.1667719291567
000118,FRANKEL,BEDOK,emergency_services,hansen,22.009190740714313
000119,CLEMENTI NORTH,CLEMENTI,emergency_services,hansen,36.8725154757039
000120,LEEDON PARK,BUKIT TIMAH,emergency_services,hansen,5.733480143016217
000121,GEYLANG EAST,GEYLANG,emergency_services,hansen,121.09070504309003
000122,TEBAN GARDENS,JURONG EAST,emergency_services,hansen,7.832983404584992
000123,JURONG RIVER,JURONG EAST,emergency_services,hansen,2.6011355406266605
000124,GEYLANG BAHRU,KALLANG,emergency_services,hansen,27.693332040853434
000125,GOODWOOD PARK,NEWTON,emergency_services,hansen,16.713940428519287
000126,PANDAN,CLEMENTI,emergency_services,hansen,17.33456856519471
000127,SINGAPORE POLYTECHNIC,QUEENSTOWN,emergency_services,hansen,24.718783630482946
000128,CLEMENTI CENTRAL,CLEMENTI,emergency_services,hansen,41.46693891734292
000129,KAMPONG JAVA,KALLANG,emergency_services,hansen,31.01814515429061
000130,BOON KENG,KALLANG,emergency_services,hansen,43.15407890955999
000131,KALLANG BAHRU,KALLANG,emergency_services,hansen,41.28232951244899
000132,ULU PANDAN,BUKIT TIMAH,emergency_services,hansen,10.26169165711343
000133,FARRER COURT,BUKIT TIMAH,emergency_services,hansen,4.34802045611782
000134,NASSIM,TANGLIN,emergency_services,hansen,6.974811009600426
000135,WEST COAST,CLEMENTI,emergency_services,hansen,17.649486621778756
000136,BAYSHORE,BEDOK,emergency_services,hansen,2.3985456684237176
000137,BENOI SECTOR,PIONEER,emergency_services,hansen,7.525786224628078
000138,GUL CIRCLE,PIONEER,emergency_services,hansen,7.876348356201645
000139,TYERSALL,TANGLIN,emergency_services,hansen,1.3842905201199172
000140,MOULMEIN,NOVENA,emergency_services,hansen,32.95325489549248
000141,LIU FANG,BOON LAY,emergency_services,hansen,8.803482180346359
000142,TANGLIN,ORCHARD,emergency_services,hansen,12.929412782228145
000143,MARINE PARADE,MARINE PARADE,emergency_services,hansen,36.79142646012351
000144,JOO KOON,PIONEER,emergency_services,hansen,8.331666899480025
000145,KALLANG WAY,GEYLANG,emergency_services,hansen,20.266371604223476
000146,INTERNATIONAL BUSINESS PARK,JURONG EAST,emergency_services,hansen,0.0
000147,TUKANG,BOON LAY,emergency_services,hansen,14.911773697313436
000148,CORONATION ROAD,BUKIT TIMAH,emergency_services,hansen,2.4141027408328997
000149,KEMBANGAN,BEDOK,emergency_services,hansen,20.930361010973368
000150,DUNEARN,NOVENA,emergency_services,hansen,3.816865982055812
000151,SUNSET WAY,CLEMENTI,emergency_services,hansen,9.872830886557827
000152,ANAK BUKIT,BUKIT TIMAH,emergency_services,hansen,323.8312237125715
000153,SWISS CLUB,BUKIT TIMAH,emergency_services,hansen,0.0
000154,XILIN,TAMPINES,emergency_services,hansen,4.0668232713448855
000155,FABER,CLEMENTI,emergency_services,hansen,60.8359274260205
000156,MALCOLM,NOVENA,emergency_services,hansen,15.125447402958107
000157,BEDOK SOUTH,BEDOK,emergency_services,hansen,9.566018061649276
000158,DEFU INDUSTRIAL PARK,HOUGANG,emergency_services,hansen,6.86265369219785
000159,CHANGI BAY,CHANGI BAY,emergency_services,hansen,0.0
000160,PAYA LEBAR EAST,PAYA LEBAR,emergency_services,hansen,23.10316444699947
000161,HONG KAH NORTH,BUKIT BATOK,emergency_services,hansen,13.365825322278061
000162,KOVAN,HOUGANG,emergency_services,hansen,4.59390532959327
000163,CHONG BOON,ANG MO KIO,emergency_services,hansen,35.76850690174781
000164,SERANGOON GARDEN,SERANGOON,emergency_services,hansen,5.905246094470911
000165,HOUGANG CENTRAL,HOUGANG,emergency_services,hansen,9.326403648470347
000166,LOYANG EAST,PASIR RIS,emergency_services,hansen,40.22874604252981
000167,DAIRY FARM,BUKIT PANJANG,emergency_services,hansen,14.605466424845691
000168,PASIR RIS DRIVE,PASIR RIS,emergency_services,hansen,78.80156565906513
000169,TAMPINES NORTH,TAMPINES,emergency_services,hansen,7.76743789804755
000170,CHENG SAN,ANG MO KIO,emergency_services,hansen,86.65947193776013
000171,SEMBAWANG HILLS,ANG MO KIO,emergency_services,hansen,8.13623857696869
000172,JELEBU,BUKIT PANJANG,emergency_services,hansen,47.655033759137
000173,KEAT HONG,CHOA CHU KANG,emergency_services,hansen,20.484341082411348
000174,BENDEMEER,KALLANG,emergency_services,hansen,24.72337839752085
000175,BALESTIER,NOVENA,emergency_services,hansen,20.363610924944812
000176,TUAS PROMENADE,TUAS,emergency_services,hansen,6.713962307108344
000177,SERANGOON CENTRAL,SERANGOON,emergency_services,hansen,7.262941199046532
000178,BISHAN EAST,BISHAN,emergency_services,hansen,15.075477339989654
000179,TAMPINES WEST,TAMPINES,emergency_services,hansen,13.954281307607504
000180,BRICKWORKS,BUKIT BATOK,emergency_services,hansen,6.386258586949828
000181,SERANGOON NORTH,SERANGOON,emergency_services,hansen,5.614756315543733
000182,GUILIN,BUKIT BATOK,emergency_services,hansen,9.191785294566747
000183,WENYA,JURONG WEST,emergency_services,hansen,12.148787626009327
000184,NATURE RESERVE,BUKIT PANJANG,emergency_services,hansen,6.128905213725792
000185,TAMPINES EAST,TAMPINES,emergency_services,hansen,11.031470187984015
000186,LORONG AH SOO,HOUGANG,emergency_services,hansen,2.438224303767644
000187,FLORA DRIVE,PASIR RIS,emergency_services,hansen,45.296223343244705
000188,HILLVIEW,BUKIT BATOK,emergency_services,hansen,5.278323200326765
000189,TOH TUCK,CLEMENTI,emergency_services,hansen,19.80196114550295
000190,MOUNT PLEASANT,NOVENA,emergency_services,hansen,8.543009981977491
000191,HILLCREST,BUKIT TIMAH,emergency_services,hansen,1.071661028788619
000192,JOO SENG,TOA PAYOH,emergency_services,hansen,18.539913876604214
000193,CHIN BEE,JURONG WEST,emergency_services,hansen,15.803202189805079
000194,LORONG 8 TOA PAYOH,TOA PAYOH,emergency_services,hansen,43.7804228589792
000195,TOH GUAN,JURONG EAST,emergency_services,hansen,11.645571816680386
000196,SIMEI,TAMPINES,emergency_services,hansen,28.029058450551414
000197,BOON LAY PLACE,JURONG WEST,emergency_services,hansen,39.76738567822232
000198,BUKIT BATOK EAST,BUKIT BATOK,emergency_services,hansen,10.329301119654737
000199,BUKIT BATOK WEST,BUKIT BATOK,emergency_services,hansen,9.553101457023072
000200,BUKIT BATOK CENTRAL,BUKIT BATOK,emergency_services,hansen,9.082457007037256
000201,UPPER PAYA LEBAR,SERANGOON,emergency_services,hansen,7.130553206451346
000202,TAI SENG,HOUGANG,emergency_services,hansen,9.80806622199618
000203,TENGEH,TUAS,emergency_services,hansen,10.530978700899519
000204,YUHUA WEST,JURONG EAST,emergency_services,hansen,3441.6260817068514
000205,BRADDELL,TOA PAYOH,emergency_services,hansen,59.43540350126323
000206,BIDADARI,TOA PAYOH,emergency_services,hansen,9.94591777343224
000207,WOODLEIGH,TOA PAYOH,emergency_services,hansen,9.529296092268387
000208,TAMAN JURONG,JURONG WEST,emergency_services,hansen,9.277510838996227
000209,LAKESIDE (LEISURE),JURONG EAST,emergency_services,hansen,6.54356577490873
000210,TOA PAYOH WEST,TOA PAYOH,emergency_services,hansen,22.425451582892748
000211,KAKI BUKIT,BEDOK,emergency_services,hansen,12.425461085058265
000212,YUHUA EAST,JURONG EAST,emergency_services,hansen,19.913325784542742
000213,BUKIT BATOK SOUTH,BUKIT BATOK,emergency_services,hansen,14.174235725739072
000214,JURONG WEST CENTRAL,JURONG WEST,emergency_services,hansen,70.36417357749086
000215,BEDOK RESERVOIR,BEDOK,emergency_services,hansen,9.288522425128743
000216,LOWER SELETAR,YISHUN,emergency_services,hansen,9.403183629764122
000217,NORTHSHORE,PUNGGOL,emergency_services,hansen,3.9213634724002344
000218,MANDAI ESTATE,MANDAI,emergency_services,hansen,10.57324709338771
000219,YISHUN CENTRAL,YISHUN,emergency_services,hansen,23.685283963598188
000220,PASIR RIS CENTRAL,PASIR RIS,emergency_services,hansen,23.7474352958539
000221,GOMBAK,BUKIT BATOK,emergency_services,hansen,43.571153124219975
000222,PAYA LEBAR NORTH,PAYA LEBAR,emergency_services,hansen,7.624382970795395
000223,HOUGANG EAST,HOUGANG,emergency_services,hansen,70.68241682987724
000224,LORONG HALUS,HOUGANG,emergency_services,hansen,3.2015150928341667
000225,KANGKAR,HOUGANG,emergency_services,hansen,12.927332184723356
000226,CHANGI WEST,CHANGI,emergency_services,hansen,25.443529895051583
000227,HOLLAND DRIVE,QUEENSTOWN,emergency_services,hansen,15.805672963957386
000228,HOUGANG WEST,HOUGANG,emergency_services,hansen,11.523213299573195
000229,PAYA LEBAR WEST,PAYA LEBAR,emergency_services,hansen,7.157798393209195
000230,BANGKIT,BUKIT PANJANG,emergency_services,hansen,117.87244287008556
000231,LORONG HALUS NORTH,SENGKANG,emergency_services,hansen,8.298702411831789
000232,PENG SIANG,CHOA CHU KANG,emergency_services,hansen,12.446267671723309
000233,PASIR RIS WEST,PASIR RIS,emergency_services,hansen,6.565167278813084
000234,YIO CHU KANG WEST,ANG MO KIO,emergency_services,hansen,24.076924021708162
000235,CHANGI POINT,CHANGI,emergency_services,hansen,10.615883516308175
000236,SENGKANG TOWN CENTRE,SENGKANG,emergency_services,hansen,15.982020180685435
000237,ANCHORVALE,SENGKANG,emergency_services,hansen,8.054235084219524
000238,SENGKANG WEST,SENGKANG,emergency_services,hansen,2.1778359517280244
000239,FERNVALE,SENGKANG,emergency_services,hansen,4.180197949776548
000240,PUNGGOL FIELD,PUNGGOL,emergency_services,hansen,51.94334380700383
000241,YEW TEE,CHOA CHU KANG,emergency_services,hansen,22.1622308657078
000242,PASIR RIS WAFER FAB PARK,PASIR RIS,emergency_services,hansen,2.456844791987807
000243,TRAFALGAR,HOUGANG,emergency_services,hansen,9.022099476505446
000244,TECK WHYE,CHOA CHU KANG,emergency_services,hansen,26.8732644952616
000245,CHOA CHU KANG CENTRAL,CHOA CHU KANG,emergency_services,hansen,25.620200298380492
000246,FAJAR,BUKIT PANJANG,emergency_services,hansen,15.317426133260271
000247,SENJA,BUKIT PANJANG,emergency_services,hansen,12.217350064159934
000248,SAUJANA,BUKIT PANJANG,emergency_services,hansen,11.430708251735895
000249,SELETAR HILLS,SERANGOON,emergency_services,hansen,3.8249975774712794
000250,COMPASSVALE,SENGKANG,emergency_services,hansen,31.895989953031293
000251,YIO CHU KANG EAST,ANG MO KIO,emergency_services,hansen,4.547093049598258
000252,YIO CHU KANG,ANG MO KIO,emergency_services,hansen,105393.94441552821
000253,LOYANG WEST,PASIR RIS,emergency_services,hansen,15.95939681987258
000254,TAGORE,ANG MO KIO,emergency_services,hansen,3.0154586325311126
000255,PASIR RIS PARK,PASIR RIS,emergency_services,hansen,26.969231945586113
000256,CHOA CHU KANG NORTH,CHOA CHU KANG,emergency_services,hansen,4517.027217107642
000257,RIVERVALE,SENGKANG,emergency_services,hansen,15.401368163022514
000258,YIO CHU KANG NORTH,ANG MO KIO,emergency_services,hansen,25.285138781200835
000259,YUNNAN,JURONG WEST,emergency_services,hansen,369.57627111821404
000260,LORONG CHUAN,SERANGOON,emergency_services,hansen,9.489295791326969
000261,HONG KAH,JURONG WEST,emergency_services,hansen,13.936756527866155
000262,SELETAR,SELETAR,emergency_services,hansen,3.002687397324588
000263,PANG SUA,SUNGEI KADUT,emergency_services,hansen,13.631023986471904
000264,SELETAR AEROSPACE PARK,SELETAR,emergency_services,hansen,0.0
000265,KHATIB,YISHUN,emergency_services,hansen,5.164725815386518
000266,MANDAI WEST,MANDAI,emergency_services,hansen,0.0
000267,CONEY ISLAND,PUNGGOL,emergency_services,hansen,19.55952155104224
000268,YISHUN SOUTH,YISHUN,emergency_services,hansen,25000001.95043762
000269,RESERVOIR VIEW,SUNGEI KADUT,emergency_services,hansen,5.215970304549088
000270,WOODLANDS EAST,WOODLANDS,emergency_services,hansen,24.570967605130697
000271,SEMBAWANG CENTRAL,SEMBAWANG,emergency_services,hansen,50.445038015340394
000272,GREENWOOD PARK,WOODLANDS,emergency_services,hansen,13.930875752923845
000273,SEMBAWANG EAST,SEMBAWANG,emergency_services,hansen,15.57800751212809
000274,SENOKO WEST,WOODLANDS,emergency_services,hansen,12.713439039600273
000275,MATILDA,PUNGGOL,emergency_services,hansen,15.569397532273532
000276,WATERWAY EAST,PUNGGOL,emergency_services,hansen,21.412116946717664
000277,GALI BATU,SUNGEI KADUT,emergency_services,hansen,10.366155287144355
000278,CRAWFORD,KALLANG,emergency_services,hansen,29.288798052006328
000279,TUAS BAY,TUAS,emergency_services,hansen,5.551196196181647
000280,TUAS VIEW,TUAS,emergency_services,hansen,8.961072613052607
000281,BAHAR,WESTERN WATER CATCHMENT,emergency_services,hansen,2.667978093562673
000282,CLEANTECH,WESTERN WATER CATCHMENT,emergency_services,hansen,0.0
000283,LAKESIDE (BUSINESS),JURONG EAST,emergency_services,hansen,7.416049401305276
000284,PARK,TENGAH,emergency_services,hansen,5.524514569745333
000285,BRICKLAND,TENGAH,emergency_services,hansen,22.153347378478383
000286,FOREST HILL,TENGAH,emergency_services,hansen,5.6197414158255565
000287,PLANTATION,TENGAH,emergency_services,hansen,7.350137277903242
000288,GARDEN,TENGAH,emergency_services,hansen,5.117486994559534
000289,AIRPORT ROAD,PAYA LEBAR,emergency_services,hansen,9.55465583537444
000290,NORTH COAST,WOODLANDS,emergency_services,hansen,6.471863207233669
000291,SPRINGLEAF,YISHUN,emergency_services,hansen,2.36270570849811
000292,PUNGGOL TOWN CENTRE,PUNGGOL,emergency_services,hansen,10.425920387869152
000293,PUNGGOL CANAL,PUNGGOL,emergency_services,hansen,0.0
000294,CENTRAL WATER CATCHMENT,CENTRAL WATER CATCHMENT,emergency_services,hansen,1.1720296316226784
000295,SEMBAWANG STRAITS,SEMBAWANG,emergency_services,hansen,1.4901853572559303
000296,THE WHARVES,SEMBAWANG,emergency_services,hansen,4.682477750030406
000297,SENOKO NORTH,SEMBAWANG,emergency_services,hansen,4.454116597908058
000298,CHANGI AIRPORT,CHANGI,emergency_services,hansen,0.0
000299,PEOPLE'S PARK,OUTRAM,emergency_services,hansen,34.716380260968954
000300,MOUNTBATTEN,MARINE PARADE,emergency_services,hansen,42.56259218083604
000301,ALJUNIED,GEYLANG,emergency_services,hansen,368.0985754784843
000302,PULAU PUNGGOL TIMOR,SELETAR,emergency_services,hansen,0.0
000303,TURF CLUB,SUNGEI KADUT,emergency_services,hansen,5.441064538309518
000304,WOODLANDS SOUTH,WOODLANDS,emergency_services,hansen,10.856972860165936
000305,WOODGROVE,WOODLANDS,emergency_services,hansen,5.752552889970735
000306,YISHUN EAST,YISHUN,emergency_services,hansen,12.644018383458445
000307,MURAI,WESTERN WATER CATCHMENT,emergency_services,hansen,1.02288226715535
000308,PULAU PUNGGOL BARAT,SELETAR,emergency_services,hansen,0.0
000309,PULAU SELETAR,SIMPANG,emergency_services,hansen,0.0
000310,ADMIRALTY,SEMBAWANG,emergency_services,hansen,3.8017956235381685
000311,LIM CHU KANG,LIM CHU KANG,emergency_services,hansen,0.0
000312,SIMPANG NORTH,SIMPANG,emergency_services,hansen,41.730994635824416
000313,SENOKO SOUTH,SEMBAWANG,emergency_services,hansen,12.07477051221022
000314,SEMBAWANG NORTH,SEMBAWANG,emergency_services,hansen,11.880780913913204
000315,TANJONG IRAU,SIMPANG,emergency_services,hansen,0.0
000316,YISHUN WEST,YISHUN,emergency_services,hansen,12.040200419294052
000317,WOODLANDS REGIONAL CENTRE,WOODLANDS,emergency_services,hansen,17.104946528019354
000318,NORTH-EASTERN ISLANDS,NORTH-EASTERN ISLANDS,emergency_services,hansen,13.466479803879203
000319,SIMPANG SOUTH,SIMPANG,emergency_services,hansen,6.9711578344368235
000320,NORTHLAND,YISHUN,emergency_services,hansen,22.8077176158587
000321,MIDVIEW,WOODLANDS,emergency_services,hansen,565.9226676784596
000322,WOODLANDS WEST,WOODLANDS,emergency_services,hansen,7.9652775178612725
000323,SEMBAWANG SPRINGS,SEMBAWANG,emergency_services,hansen,17.064939879241795
000324,KRANJI,SUNGEI KADUT,emergency_services,hansen,3.1881225499581296
000325,PLAB,PAYA LEBAR,emergency_services,hansen,3.8921174362613655
000326,MANDAI EAST,MANDAI,emergency_services,hansen,10.78482280225199
000327,NEE SOON,YISHUN,emergency_services,hansen,1.3409411631574146
000328,UPPER THOMSON,BISHAN,emergency_services,hansen,13.879436952114581
000329,SHANGRI-LA,ANG MO KIO,emergency_services,hansen,14.556810841789773
000330,TOWNSVILLE,ANG MO KIO,emergency_services,hansen,44.28241204089546
000331,MARYMOUNT,BISHAN,emergency_services,hansen,26.335873562576705
000332,TUAS VIEW EXTENSION,TUAS,emergency_services,hansen,2.632582485576793
000001,DEPOT ROAD,BUKIT MERAH,essential_services,2sfca,57.97646100707826
000002,BUKIT MERAH,BUKIT MERAH,essential_services,2sfca,58.3716432500772
000003,CHINATOWN,OUTRAM,essential_services,2sfca,47.19895143832579
000004,PHILLIP,DOWNTOWN CORE,essential_services,2sfca,50.63032580756817
000005,RAFFLES PLACE,DOWNTOWN CORE,essential_services,2sfca,47.00122032343248
000006,CHINA SQUARE,OUTRAM,essential_services,2sfca,49.47760799541639
000007,TIONG BAHRU,BUKIT MERAH,essential_services,2sfca,53.84902762074495
000008,BAYFRONT SUBZONE,DOWNTOWN CORE,essential_services,2sfca,41.030095440080004
000009,TIONG BAHRU STATION,BUKIT MERAH,essential_services,2sfca,58.11813776593296
000010,CLIFFORD PIER,DOWNTOWN CORE,essential_services,2sfca,49.339545409203815
000011,MARINA SOUTH,MARINA SOUTH,essential_services,2sfca,17.673910468894007
000012,NICOLL,DOWNTOWN CORE,essential_services,2sfca,78.16746742320524
000013,MARINA EAST,MARINA EAST,essential_services,2sfca,63.82995381047484
000014,INSTITUTION HILL,RIVER VALLEY,essential_services,2sfca,57.67627649447013
000015,ROBERTSON QUAY,SINGAPORE RIVER,essential_services,2sfca,56.89546561794911
000016,JURONG ISLAND AND BUKOM,WESTERN ISLANDS,essential_services,2sfca,0.0
000017,FORT CANNING,MUSEUM,essential_services,2sfca,55.733873735885936
000018,PEARL'S HILL,OUTRAM,essential_services,2sfca,53.13805687400296
000019,BOAT QUAY,SINGAPORE RIVER,essential_services,2sfca,53.823592057502246
000020,HENDERSON HILL,BUKIT MERAH,essential_services,2sfca,64.33803009537492
000021,REDHILL,BUKIT MERAH,essential_services,2sfca,65.52439993036757
000022,ALEXANDRA HILL,BUKIT MERAH,essential_services,2sfca,62.80523382969894
000023,BUKIT HO SWEE,BUKIT MERAH,essential_services,2sfca,61.030375783870504
000024,CLARKE QUAY,SINGAPORE RIVER,essential_services,2sfca,54.96446558984851
000025,PASIR PANJANG 1,QUEENSTOWN,essential_services,2sfca,42.979643421226996
000026,QUEENSWAY,QUEENSTOWN,essential_services,2sfca,50.21150455698434
000027,MARINA EAST (MP),MARINE PARADE,essential_services,2sfca,73.44882436528106
000028,SUDONG,WESTERN ISLANDS,essential_services,2sfca,0.0
000029,SEMAKAU,WESTERN ISLANDS,essential_services,2sfca,37.234167504829934
000030,SOUTHERN GROUP,SOUTHERN ISLANDS,essential_services,2sfca,34.02220186982682
000031,SENTOSA,SOUTHERN ISLANDS,essential_services,2sfca,34.02220186982682
000032,CITY TERMINALS,BUKIT MERAH,essential_services,2sfca,45.35816999404517
000033,ANSON,DOWNTOWN CORE,essential_services,2sfca,42.65578516306786
000034,STRAITS VIEW,STRAITS VIEW,essential_services,2sfca,23.788422462919787
000035,MARITIME SQUARE,BUKIT MERAH,essential_services,2sfca,44.088308025795634
000036,TELOK BLANGAH RISE,BUKIT MERAH,essential_services,2sfca,48.52367320142755
000037,TANJONG PAGAR,DOWNTOWN CORE,essential_services,2sfca,39.14006961893708
000038,EVERTON PARK,BUKIT MERAH,essential_services,2sfca,44.18025925787626
000039,TELOK BLANGAH WAY,BUKIT MERAH,essential_services,2sfca,51.036524341978854
000040,MAXWELL,DOWNTOWN CORE,essential_services,2sfca,44.08178863518493
000041,CECIL,DOWNTOWN CORE,essential_services,2sfca,40.473898213542505
000042,KAMPONG TIONG BAHRU,BUKIT MERAH,essential_services,2sfca,52.113337860682286
000043,TELOK BLANGAH DRIVE,BUKIT MERAH,essential_services,2sfca,43.18196759901475
000044,PASIR PANJANG 2,QUEENSTOWN,essential_services,2sfca,39.112581631081824
000045,CENTRAL SUBZONE,DOWNTOWN CORE,essential_services,2sfca,32.49919850217804
000046,SINGAPORE GENERAL HOSPITAL,BUKIT MERAH,essential_services,2sfca,52.07469273415151
000047,BUGIS,DOWNTOWN CORE,essential_services,2sfca,74.52128400647226
000048,VICTORIA,ROCHOR,essential_services,2sfca,73.39564340477774
000049,PATERSON,RIVER VALLEY,essential_services,2sfca,68.84934267464448
000050,EAST COAST,MARINE PARADE,essential_services,2sfca,121.05644067666461
000051,NATIONAL UNIVERSITY OF S'PORE,QUEENSTOWN,essential_services,2sfca,43.86353771608659
000052,ONE TREE HILL,RIVER VALLEY,essential_services,2sfca,74.8357811857018
000053,COMMONWEALTH,QUEENSTOWN,essential_services,2sfca,67.57532930455424
000054,DOVER,QUEENSTOWN,essential_services,2sfca,68.67811354752364
000055,RIDOUT,TANGLIN,essential_services,2sfca,63.10863706481379
000056,CAIRNHILL,NEWTON,essential_services,2sfca,72.30447145606435
000057,CLEMENTI WEST,CLEMENTI,essential_services,2sfca,62.77683835347592
000058,MONK'S HILL,NEWTON,essential_services,2sfca,79.88384389871865
000059,SIGLAP,BEDOK,essential_services,2sfca,159.17305668800145
000060,CLEMENTI WOODS,CLEMENTI,essential_services,2sfca,59.51993951408535
000061,PIONEER SECTOR,PIONEER,essential_services,2sfca,2.909090909090909
000062,PENJURU CRESCENT,JURONG EAST,essential_services,2sfca,26.132069724651195
000063,ORANGE GROVE,NEWTON,essential_services,2sfca,72.3143667202335
000064,KAMPONG BUGIS,KALLANG,essential_services,2sfca,0.0
000065,KENT RIDGE,QUEENSTOWN,essential_services,2sfca,42.870581523512726
000066,ALEXANDRA NORTH,BUKIT MERAH,essential_services,2sfca,66.27955193128666
000067,TANGLIN HALT,QUEENSTOWN,essential_services,2sfca,72.79424196318998
000068,MACKENZIE,ROCHOR,essential_services,2sfca,75.69656019303896
000069,SUNGEI ROAD,ROCHOR,essential_services,2sfca,90.49198149169239
000070,ONE NORTH,QUEENSTOWN,essential_services,2sfca,74.38735379494403
000071,TANJONG RHU,KALLANG,essential_services,2sfca,91.36628664865523
000072,KATONG,MARINE PARADE,essential_services,2sfca,153.77540295921332
000073,BOULEVARD,ORCHARD,essential_services,2sfca,75.44747396031744
000074,ISTANA NEGARA,NEWTON,essential_services,2sfca,59.90025048692066
000075,LITTLE INDIA,ROCHOR,essential_services,2sfca,85.31962544154763
000076,GUL BASIN,PIONEER,essential_services,2sfca,3.8502673796791447
000077,MARINA CENTRE,DOWNTOWN CORE,essential_services,2sfca,59.258996795265844
000078,BRAS BASAH,MUSEUM,essential_services,2sfca,66.77149136471989
000079,SOMERSET,ORCHARD,essential_services,2sfca,66.4305214837436
000080,BENCOOLEN,ROCHOR,essential_services,2sfca,71.48015896963189
000081,CHATSWORTH,TANGLIN,essential_services,2sfca,73.23040946631363
000082,KAMPONG GLAM,ROCHOR,essential_services,2sfca,82.87328867527876
000083,SELEGIE,ROCHOR,essential_services,2sfca,73.4038043112254
000084,MOUNT EMILY,ROCHOR,essential_services,2sfca,66.53366049463733
000085,ROCHOR CANAL,ROCHOR,essential_services,2sfca,78.83543470565589
000086,MARGARET DRIVE,QUEENSTOWN,essential_services,2sfca,65.57936451541276
000087,OXLEY,RIVER VALLEY,essential_services,2sfca,63.04291429436215
000088,CITY HALL,DOWNTOWN CORE,essential_services,2sfca,61.379142018200284
000089,MEI CHIN,QUEENSTOWN,essential_services,2sfca,56.553919757715164
000090,LEONIE HILL,RIVER VALLEY,essential_services,2sfca,66.62260181799779
000091,PORT,QUEENSTOWN,essential_services,2sfca,40.74229905752001
000092,DHOBY GHAUT,MUSEUM,essential_services,2sfca,67.83543278026265
000093,MACPHERSON,GEYLANG,essential_services,2sfca,152.49866538057145
000094,KIM KEAT,TOA PAYOH,essential_services,2sfca,91.97715119962186
000095,BEDOK NORTH,BEDOK,essential_services,2sfca,241.30779753243073
000096,TOA PAYOH CENTRAL,TOA PAYOH,essential_services,2sfca,91.78657439048852
000097,JURONG GATEWAY,JURONG EAST,essential_services,2sfca,130.11013155190454
000098,HOLLAND ROAD,BUKIT TIMAH,essential_services,2sfca,79.6589774089564
000099,KAMPONG UBI,GEYLANG,essential_services,2sfca,171.1717994114961
000100,SENNETT,TOA PAYOH,essential_services,2sfca,130.06306458370508
000101,POTONG PASIR,TOA PAYOH,essential_services,2sfca,115.82484332418521
000102,TUAS NORTH,TUAS,essential_services,2sfca,7.850267379679145
000103,PEI CHUN,TOA PAYOH,essential_services,2sfca,136.0243974508499
000104,BOON TECK,TOA PAYOH,essential_services,2sfca,103.5288054111399
000105,KIAN TECK,JURONG WEST,essential_services,2sfca,81.97256945654456
000106,SAFTI,JURONG WEST,essential_services,2sfca,51.69403686814375
000107,FARRER PARK,ROCHOR,essential_services,2sfca,84.6541463202027
000108,NEWTON CIRCUS,NEWTON,essential_services,2sfca,84.83053785835378
000109,JURONG PORT,JURONG EAST,essential_services,2sfca,0.0
000110,ANG MO KIO TOWN CENTRE,ANG MO KIO,essential_services,2sfca,122.83110750007847
000111,KEBUN BAHRU,ANG MO KIO,essential_services,2sfca,87.1775898149925
000112,SERANGOON NORTH IND ESTATE,SERANGOON,essential_services,2sfca,158.87446623365298
000113,TENGAH INDUSTRIAL ESTATE,TENGAH,essential_services,2sfca,80.3601192925412
000114,SAMULUN,BOON LAY,essential_services,2sfca,35.24610096832468
000115,SHIPYARD,BOON LAY,essential_services,2sfca,27.230399023210975
000116,GHIM MOH,QUEENSTOWN,essential_services,2sfca,69.21311076160575
000117,LAVENDER,KALLANG,essential_services,2sfca,104.89908671654307
000118,FRANKEL,BEDOK,essential_services,2sfca,188.37008386059713
000119,CLEMENTI NORTH,CLEMENTI,essential_services,2sfca,99.50279726101907
000120,LEEDON PARK,BUKIT TIMAH,essential_services,2sfca,64.30700265182561
000121,GEYLANG EAST,GEYLANG,essential_services,2sfca,182.1262398720335
000122,TEBAN GARDENS,JURONG EAST,essential_services,2sfca,87.88035157980539
000123,JURONG RIVER,JURONG EAST,essential_services,2sfca,45.96705802694802
000124,GEYLANG BAHRU,KALLANG,essential_services,2sfca,130.75013463272722
000125,GOODWOOD PARK,NEWTON,essential_services,2sfca,57.42376108628339
000126,PANDAN,CLEMENTI,essential_services,2sfca,57.637083779841745
000127,SINGAPORE POLYTECHNIC,QUEENSTOWN,essential_services,2sfca,84.6154845056504
000128,CLEMENTI CENTRAL,CLEMENTI,essential_services,2sfca,93.85377361817781
000129,KAMPONG JAVA,KALLANG,essential_services,2sfca,81.6980402424732
000130,BOON KENG,KALLANG,essential_services,2sfca,131.0187479215469
000131,KALLANG BAHRU,KALLANG,essential_services,2sfca,110.99610296597196
000132,ULU PANDAN,BUKIT TIMAH,essential_services,2sfca,77.1339593404342
000133,FARRER COURT,BUKIT TIMAH,essential_services,2sfca,52.06262532859285
000134,NASSIM,TANGLIN,essential_services,2sfca,48.26803820960943
000135,WEST COAST,CLEMENTI,essential_services,2sfca,68.77145273799196
000136,BAYSHORE,BEDOK,essential_services,2sfca,114.43278943278943
000137,BENOI SECTOR,PIONEER,essential_services,2sfca,46.25446077531149
000138,GUL CIRCLE,PIONEER,essential_services,2sfca,9.534477905994933
000139,TYERSALL,TANGLIN,essential_services,2sfca,50.81538995309545
000140,MOULMEIN,NOVENA,essential_services,2sfca,82.6947796610273
000141,LIU FANG,BOON LAY,essential_services,2sfca,68.57314319786792
000142,TANGLIN,ORCHARD,essential_services,2sfca,73.46148711935378
000143,MARINE PARADE,MARINE PARADE,essential_services,2sfca,138.3629845793868
000144,JOO KOON,PIONEER,essential_services,2sfca,46.470032114727225
000145,KALLANG WAY,GEYLANG,essential_services,2sfca,135.2901801503401
000146,INTERNATIONAL BUSINESS PARK,JURONG EAST,essential_services,2sfca,32.0
000147,TUKANG,BOON LAY,essential_services,2sfca,89.4266804912524
000148,CORONATION ROAD,BUKIT TIMAH,essential_services,2sfca,45.78979019437448
000149,KEMBANGAN,BEDOK,essential_services,2sfca,190.92154388741747
000150,DUNEARN,NOVENA,essential_services,2sfca,70.84324190733031
000151,SUNSET WAY,CLEMENTI,essential_services,2sfca,75.22197114684347
000152,ANAK BUKIT,BUKIT TIMAH,essential_services,2sfca,98.5672477998507
000153,SWISS CLUB,BUKIT TIMAH,essential_services,2sfca,0.0
000154,XILIN,TAMPINES,essential_services,2sfca,181.29771796830622
000155,FABER,CLEMENTI,essential_services,2sfca,88.26962238273137
000156,MALCOLM,NOVENA,essential_services,2sfca,73.23046844856667
000157,BEDOK SOUTH,BEDOK,essential_services,2sfca,199.01297398522865
000158,DEFU INDUSTRIAL PARK,HOUGANG,essential_services,2sfca,133.0480331426374
000159,CHANGI BAY,CHANGI BAY,essential_services,2sfca,0.0
000160,PAYA LEBAR EAST,PAYA LEBAR,essential_services,2sfca,140.09277868101398
000161,HONG KAH NORTH,BUKIT BATOK,essential_services,2sfca,139.83906573709191
000162,KOVAN,HOUGANG,essential_services,2sfca,129.1987514878715
000163,CHONG BOON,ANG MO KIO,essential_services,2sfca,144.38382878216507
000164,SERANGOON GARDEN,SERANGOON,essential_services,2sfca,154.7768295528699
000165,HOUGANG CENTRAL,HOUGANG,essential_services,2sfca,153.06074779942094
000166,LOYANG EAST,PASIR RIS,essential_services,2sfca,119.52840231663761
000167,DAIRY FARM,BUKIT PANJANG,essential_services,2sfca,110.5654879063617
000168,PASIR RIS DRIVE,PASIR RIS,essential_services,2sfca,153.17522216345745
000169,TAMPINES NORTH,TAMPINES,essential_services,2sfca,134.97255372078902
000170,CHENG SAN,ANG MO KIO,essential_services,2sfca,134.37156449082622
000171,SEMBAWANG HILLS,ANG MO KIO,essential_services,2sfca,80.67678650526086
000172,JELEBU,BUKIT PANJANG,essential_services,2sfca,110.757796979147
000173,KEAT HONG,CHOA CHU KANG,essential_services,2sfca,131.5563707022977
000174,BENDEMEER,KALLANG,essential_services,2sfca,101.15714890204208
000175,BALESTIER,NOVENA,essential_services,2sfca,83.32439040971138
000176,TUAS PROMENADE,TUAS,essential_services,2sfca,4.0
000177,SERANGOON CENTRAL,SERANGOON,essential_services,2sfca,151.50715161528842
000178,BISHAN EAST,BISHAN,essential_services,2sfca,124.49146879414714
000179,TAMPINES WEST,TAMPINES,essential_services,2sfca,230.3392359274712
000180,BRICKWORKS,BUKIT BATOK,essential_services,2sfca,95.9975560792032
000181,SERANGOON NORTH,SERANGOON,essential_services,2sfca,154.85738175825216
000182,GUILIN,BUKIT BATOK,essential_services,2sfca,123.0773022206065
000183,WENYA,JURONG WEST,essential_services,2sfca,88.28690660290165
000184,NATURE RESERVE,BUKIT PANJANG,essential_services,2sfca,57.236709833839626
000185,TAMPINES EAST,TAMPINES,essential_services,2sfca,210.90225069048597
000186,LORONG AH SOO,HOUGANG,essential_services,2sfca,98.29343299940787
000187,FLORA DRIVE,PASIR RIS,essential_services,2sfca,167.84188883012413
000188,HILLVIEW,BUKIT BATOK,essential_services,2sfca,75.43752457268921
000189,TOH TUCK,CLEMENTI,essential_services,2sfca,109.1943853706972
000190,MOUNT PLEASANT,NOVENA,essential_services,2sfca,68.15400675690098
000191,HILLCREST,BUKIT TIMAH,essential_services,2sfca,36.97165360821722
000192,JOO SENG,TOA PAYOH,essential_services,2sfca,138.32670865212242
000193,CHIN BEE,JURONG WEST,essential_services,2sfca,95.32680935538701
000194,LORONG 8 TOA PAYOH,TOA PAYOH,essential_services,2sfca,128.49023505848731
000195,TOH GUAN,JURONG EAST,essential_services,2sfca,128.72648720046374
000196,SIMEI,TAMPINES,essential_services,2sfca,216.0176686059039
000197,BOON LAY PLACE,JURONG WEST,essential_services,2sfca,94.92854095711861
000198,BUKIT BATOK EAST,BUKIT BATOK,essential_services,2sfca,124.4385027211749
000199,BUKIT BATOK WEST,BUKIT BATOK,essential_services,2sfca,110.38882940577483
000200,BUKIT BATOK CENTRAL,BUKIT BATOK,essential_services,2sfca,129.8941904374292
000201,UPPER PAYA LEBAR,SERANGOON,essential_services,2sfca,137.08390189752538
000202,TAI SENG,HOUGANG,essential_services,2sfca,129.72982322160442
000203,TENGEH,TUAS,essential_services,2sfca,7.850267379679145
000204,YUHUA WEST,JURONG EAST,essential_services,2sfca,122.24322081664342
000205,BRADDELL,TOA PAYOH,essential_services,2sfca,105.52549619250968
000206,BIDADARI,TOA PAYOH,essential_services,2sfca,131.26523791932962
000207,WOODLEIGH,TOA PAYOH,essential_services,2sfca,128.1133780255236
000208,TAMAN JURONG,JURONG WEST,essential_services,2sfca,104.75453182881921
000209,LAKESIDE (LEISURE),JURONG EAST,essential_services,2sfca,87.95173070837103
000210,TOA PAYOH WEST,TOA PAYOH,essential_services,2sfca,108.18341107027403
000211,KAKI BUKIT,BEDOK,essential_services,2sfca,173.43994436263947
000212,YUHUA EAST,JURONG EAST,essential_services,2sfca,131.06085038472864
000213,BUKIT BATOK SOUTH,BUKIT BATOK,essential_services,2sfca,110.75141969825664
000214,JURONG WEST CENTRAL,JURONG WEST,essential_services,2sfca,87.69474974015655
000215,BEDOK RESERVOIR,BEDOK,essential_services,2sfca,238.46021856652777
000216,LOWER SELETAR,YISHUN,essential_services,2sfca,89.23247884225674
000217,NORTHSHORE,PUNGGOL,essential_services,2sfca,109.65723135270164
000218,MANDAI ESTATE,MANDAI,essential_services,2sfca,147.14362284848755
000219,YISHUN CENTRAL,YISHUN,essential_services,2sfca,125.42067376454777
000220,PASIR RIS CENTRAL,PASIR RIS,essential_services,2sfca,154.56512115335644
000221,GOMBAK,BUKIT BATOK,essential_services,2sfca,132.0976101645898
000222,PAYA LEBAR NORTH,PAYA LEBAR,essential_services,2sfca,140.8850104268366
000223,HOUGANG EAST,HOUGANG,essential_services,2sfca,171.76126856984752
000224,LORONG HALUS,HOUGANG,essential_services,2sfca,92.5822194061739
000225,KANGKAR,HOUGANG,essential_services,2sfca,159.78932216710555
000226,CHANGI WEST,CHANGI,essential_services,2sfca,105.92044164985342
000227,HOLLAND DRIVE,QUEENSTOWN,essential_services,2sfca,78.28849601526944
000228,HOUGANG WEST,HOUGANG,essential_services,2sfca,166.22343109543286
000229,PAYA LEBAR WEST,PAYA LEBAR,essential_services,2sfca,130.56336946196822
000230,BANGKIT,BUKIT PANJANG,essential_services,2sfca,102.90721172088911
000231,LORONG HALUS NORTH,SENGKANG,essential_services,2sfca,162.46205056880845
000232,PENG SIANG,CHOA CHU KANG,essential_services,2sfca,111.12567852744517
000233,PASIR RIS WEST,PASIR RIS,essential_services,2sfca,121.79242949718653
000234,YIO CHU KANG WEST,ANG MO KIO,essential_services,2sfca,90.22769124335481
000235,CHANGI POINT,CHANGI,essential_services,2sfca,41.07810620751797
000236,SENGKANG TOWN CENTRE,SENGKANG,essential_services,2sfca,167.66495763846353
000237,ANCHORVALE,SENGKANG,essential_services,2sfca,160.79815379082478
000238,SENGKANG WEST,SENGKANG,essential_services,2sfca,81.86786345673767
000239,FERNVALE,SENGKANG,essential_services,2sfca,138.90434986492622
000240,PUNGGOL FIELD,PUNGGOL,essential_services,2sfca,136.86741650321662
000241,YEW TEE,CHOA CHU KANG,essential_services,2sfca,97.85541644906297
000242,PASIR RIS WAFER FAB PARK,PASIR RIS,essential_services,2sfca,87.08223774097723
000243,TRAFALGAR,HOUGANG,essential_services,2sfca,168.9284675841523
000244,TECK WHYE,CHOA CHU KANG,essential_services,2sfca,119.39273081548697
000245,CHOA CHU KANG CENTRAL,CHOA CHU KANG,essential_services,2sfca,106.23465499159406
000246,FAJAR,BUKIT PANJANG,essential_services,2sfca,91.17769725313744
000247,SENJA,BUKIT PANJANG,essential_services,2sfca,101.95876580775885
000248,SAUJANA,BUKIT PANJANG,essential_services,2sfca,101.2631136338458
000249,SELETAR HILLS,SERANGOON,essential_services,2sfca,89.76626185057253
000250,COMPASSVALE,SENGKANG,essential_services,2sfca,170.47828238777728
000251,YIO CHU KANG EAST,ANG MO KIO,essential_services,2sfca,69.13038738550736
000252,YIO CHU KANG,ANG MO KIO,essential_services,2sfca,90.38140385341417
000253,LOYANG WEST,PASIR RIS,essential_services,2sfca,110.00515301691772
000254,TAGORE,ANG MO KIO,essential_services,2sfca,62.43363982158668
000255,PASIR RIS PARK,PASIR RIS,essential_services,2sfca,125.67663186486716
000256,CHOA CHU KANG NORTH,CHOA CHU KANG,essential_services,2sfca,103.79933297006514
000257,RIVERVALE,SENGKANG,essential_services,2sfca,160.66787616084093
000258,YIO CHU KANG NORTH,ANG MO KIO,essential_services,2sfca,93.0023373652871
000259,YUNNAN,JURONG WEST,essential_services,2sfca,81.11250577707767
000260,LORONG CHUAN,SERANGOON,essential_services,2sfca,132.27996181516787
000261,HONG KAH,JURONG WEST,essential_services,2sfca,113.97007223566749
000262,SELETAR,SELETAR,essential_services,2sfca,117.27690413235075
000263,PANG SUA,SUNGEI KADUT,essential_services,2sfca,39.164153699757414
000264,SELETAR AEROSPACE PARK,SELETAR,essential_services,2sfca,44.76575215371044
000265,KHATIB,YISHUN,essential_services,2sfca,121.73271869901833
000266,MANDAI WEST,MANDAI,essential_services,2sfca,2.844444444444444
000267,CONEY ISLAND,PUNGGOL,essential_services,2sfca,121.97633791663579
000268,YISHUN SOUTH,YISHUN,essential_services,2sfca,115.839385365685
000269,RESERVOIR VIEW,SUNGEI KADUT,essential_services,2sfca,19.467482431569117
000270,WOODLANDS EAST,WOODLANDS,essential_services,2sfca,155.46806441998797
000271,SEMBAWANG CENTRAL,SEMBAWANG,essential_services,2sfca,159.87539042731396
000272,GREENWOOD PARK,WOODLANDS,essential_services,2sfca,122.20920684436635
000273,SEMBAWANG EAST,SEMBAWANG,essential_services,2sfca,155.708357460281
000274,SENOKO WEST,WOODLANDS,essential_services,2sfca,138.63286501327153
000275,MATILDA,PUNGGOL,essential_services,2sfca,153.03041939163649
000276,WATERWAY EAST,PUNGGOL,essential_services,2sfca,121.97633791663579
000277,GALI BATU,SUNGEI KADUT,essential_services,2sfca,93.01039480404133
000278,CRAWFORD,KALLANG,essential_services,2sfca,88.58009652982406
000279,TUAS BAY,TUAS,essential_services,2sfca,6.909090909090909
000280,TUAS VIEW,TUAS,essential_services,2sfca,0.0
000281,BAHAR,WESTERN WATER CATCHMENT,essential_services,2sfca,29.261863441295397
000282,CLEANTECH,WESTERN WATER CATCHMENT,essential_services,2sfca,0.0
000283,LAKESIDE (BUSINESS),JURONG EAST,essential_services,2sfca,116.96688564618725
000284,PARK,TENGAH,essential_services,2sfca,98.38240756901587
000285,BRICKLAND,TENGAH,essential_services,2sfca,147.6156780353195
000286,FOREST HILL,TENGAH,essential_services,2sfca,85.74943903136077
000287,PLANTATION,TENGAH,essential_services,2sfca,98.48444259362505
000288,GARDEN,TENGAH,essential_services,2sfca,107.57426831361833
000289,AIRPORT ROAD,PAYA LEBAR,essential_services,2sfca,103.87611575023965
000290,NORTH COAST,WOODLANDS,essential_services,2sfca,111.22030241546193
000291,SPRINGLEAF,YISHUN,essential_services,2sfca,76.12370711563604
000292,PUNGGOL TOWN CENTRE,PUNGGOL,essential_services,2sfca,132.28873453017147
000293,PUNGGOL CANAL,PUNGGOL,essential_services,2sfca,16.0
000294,CENTRAL WATER CATCHMENT,CENTRAL WATER CATCHMENT,essential_services,2sfca,39.90531380944626
000295,SEMBAWANG STRAITS,SEMBAWANG,essential_services,2sfca,31.88917815616429
000296,THE WHARVES,SEMBAWANG,essential_services,2sfca,80.85400135886607
000297,SENOKO NORTH,SEMBAWANG,essential_services,2sfca,105.18396608611172
000298,CHANGI AIRPORT,CHANGI,essential_services,2sfca,13.333333333333332
000299,PEOPLE'S PARK,OUTRAM,essential_services,2sfca,50.39294141662827
000300,MOUNTBATTEN,MARINE PARADE,essential_services,2sfca,109.32333273146209
000301,ALJUNIED,GEYLANG,essential_services,2sfca,142.6142240643033
000302,PULAU PUNGGOL TIMOR,SELETAR,essential_services,2sfca,14.365330623271127
000303,TURF CLUB,SUNGEI KADUT,essential_services,2sfca,60.08072972778855
000304,WOODLANDS SOUTH,WOODLANDS,essential_services,2sfca,122.50485901827939
000305,WOODGROVE,WOODLANDS,essential_services,2sfca,98.76491780007731
000306,YISHUN EAST,YISHUN,essential_services,2sfca,117.66605203235167
000307,MURAI,WESTERN WATER CATCHMENT,essential_services,2sfca,9.392147034252297
000308,PULAU PUNGGOL BARAT,SELETAR,essential_services,2sfca,5.638095238095238
000309,PULAU SELETAR,SIMPANG,essential_services,2sfca,39.69118951224214
000310,ADMIRALTY,SEMBAWANG,essential_services,2sfca,59.26152998435136
000311,LIM CHU KANG,LIM CHU KANG,essential_services,2sfca,32.0
000312,SIMPANG NORTH,SIMPANG,essential_services,2sfca,126.67094114422692
000313,SENOKO SOUTH,SEMBAWANG,essential_services,2sfca,139.2625604640196
000314,SEMBAWANG NORTH,SEMBAWANG,essential_services,2sfca,130.890042441966
000315,TANJONG IRAU,SIMPANG,essential_services,2sfca,16.1878383365636
000316,YISHUN WEST,YISHUN,essential_services,2sfca,151.64035487463136
000317,WOODLANDS REGIONAL CENTRE,WOODLANDS,essential_services,2sfca,120.74254017769968
000318,NORTH-EASTERN ISLANDS,NORTH-EASTERN ISLANDS,essential_services,2sfca,13.333333333333332
000319,SIMPANG SOUTH,SIMPANG,essential_services,2sfca,104.21482396217623
000320,NORTHLAND,YISHUN,essential_services,2sfca,131.5471316204174
000321,MIDVIEW,WOODLANDS,essential_services,2sfca,131.47523832623307
000322,WOODLANDS WEST,WOODLANDS,essential_services,2sfca,101.20936224452176
000323,SEMBAWANG SPRINGS,SEMBAWANG,essential_services,2sfca,177.44095819288174
000324,KRANJI,SUNGEI KADUT,essential_services,2sfca,28.87814407814408
000325,PLAB,PAYA LEBAR,essential_services,2sfca,114.26479880648044
000326,MANDAI EAST,MANDAI,essential_services,2sfca,153.52688794939974
000327,NEE SOON,YISHUN,essential_services,2sfca,74.4537800698576
000328,UPPER THOMSON,BISHAN,essential_services,2sfca,88.83921063396609
000329,SHANGRI-LA,ANG MO KIO,essential_services,2sfca,99.77296907606271
000330,TOWNSVILLE,ANG MO KIO,essential_services,2sfca,129.46111260501766
000331,MARYMOUNT,BISHAN,essential_services,2sfca,107.06006657966087
000332,TUAS VIEW EXTENSION,TUAS,essential_services,2sfca,0.0
000001,DEPOT ROAD,BUKIT MERAH,essential_services,cumulative,181.0
000002,BUKIT MERAH,BUKIT MERAH,essential_services,cumulative,198.0
000003,CHINATOWN,OUTRAM,essential_services,cumulative,200.0
000004,PHILLIP,DOWNTOWN CORE,essential_services,cumulative,218.0
000005,RAFFLES PLACE,DOWNTOWN CORE,essential_services,cumulative,203.0
000006,CHINA SQUARE,OUTRAM,essential_services,cumulative,214.0
000007,TIONG BAHRU,BUKIT MERAH,essential_services,cumulative,212.0
000008,BAYFRONT SUBZONE,DOWNTOWN CORE,essential_services,cumulative,174.0
000009,TIONG BAHRU STATION,BUKIT MERAH,essential_services,cumulative,216.0
000010,CLIFFORD PIER,DOWNTOWN CORE,essential_services,cumulative,210.0
000011,MARINA SOUTH,MARINA SOUTH,essential_services,cumulative,81.0
000012,NICOLL,DOWNTOWN CORE,essential_services,cumulative,270.0
000013,MARINA EAST,MARINA EAST,essential_services,cumulative,166.0
000014,INSTITUTION HILL,RIVER VALLEY,essential_services,cumulative,244.0
000015,ROBERTSON QUAY,SINGAPORE RIVER,essential_services,cumulative,238.0
000016,JURONG ISLAND AND BUKOM,WESTERN ISLANDS,essential_services,cumulative,0.0
000017,FORT CANNING,MUSEUM,essential_services,cumulative,239.0
000018,PEARL'S HILL,OUTRAM,essential_services,cumulative,221.0
000019,BOAT QUAY,SINGAPORE RIVER,essential_services,cumulative,229.0
000020,HENDERSON HILL,BUKIT MERAH,essential_services,cumulative,227.0
000021,REDHILL,BUKIT MERAH,essential_services,cumulative,217.0
000022,ALEXANDRA HILL,BUKIT MERAH,essential_services,cumulative,194.0
000023,BUKIT HO SWEE,BUKIT MERAH,essential_services,cumulative,234.0
000024,CLARKE QUAY,SINGAPORE RIVER,essential_services,cumulative,237.0
000025,PASIR PANJANG 1,QUEENSTOWN,essential_services,cumulative,72.0
000026,QUEENSWAY,QUEENSTOWN,essential_services,cumulative,138.0
000027,MARINA EAST (MP),MARINE PARADE,essential_services,cumulative,146.0
000028,SUDONG,WESTERN ISLANDS,essential_services,cumulative,0.0
000029,SEMAKAU,WESTERN ISLANDS,essential_services,cumulative,102.0
000030,SOUTHERN GROUP,SOUTHERN ISLANDS,essential_services,cumulative,125.0
000031,SENTOSA,SOUTHERN ISLANDS,essential_services,cumulative,125.0
000032,CITY TERMINALS,BUKIT MERAH,essential_services,cumulative,171.0
000033,ANSON,DOWNTOWN CORE,essential_services,cumulative,178.0
000034,STRAITS VIEW,STRAITS VIEW,essential_services,cumulative,106.0
000035,MARITIME SQUARE,BUKIT MERAH,essential_services,cumulative,149.0
000036,TELOK BLANGAH RISE,BUKIT MERAH,essential_services,cumulative,177.0
000037,TANJONG PAGAR,DOWNTOWN CORE,essential_services,cumulative,168.0
000038,EVERTON PARK,BUKIT MERAH,essential_services,cumulative,180.0
000039,TELOK BLANGAH WAY,BUKIT MERAH,essential_services,cumulative,179.0
000040,MAXWELL,DOWNTOWN CORE,essential_services,cumulative,189.0
000041,CECIL,DOWNTOWN CORE,essential_services,cumulative,176.0
000042,KAMPONG TIONG BAHRU,BUKIT MERAH,essential_services,cumulative,193.0
000043,TELOK BLANGAH DRIVE,BUKIT MERAH,essential_services,cumulative,145.0
000044,PASIR PANJANG 2,QUEENSTOWN,essential_services,cumulative,94.0
000045,CENTRAL SUBZONE,DOWNTOWN CORE,essential_services,cumulative,144.0
000046,SINGAPORE GENERAL HOSPITAL,BUKIT MERAH,essential_services,cumulative,206.0
000047,BUGIS,DOWNTOWN CORE,essential_services,cumulative,288.0
000048,VICTORIA,ROCHOR,essential_services,cumulative,289.0
000049,PATERSON,RIVER VALLEY,essential_services,cumulative,273.0
000050,EAST COAST,MARINE PARADE,essential_services,cumulative,150.0
000051,NATIONAL UNIVERSITY OF S'PORE,QUEENSTOWN,essential_services,cumulative,87.0
000052,ONE TREE HILL,RIVER VALLEY,essential_services,cumulative,281.0
000053,COMMONWEALTH,QUEENSTOWN,essential_services,cumulative,160.0
000054,DOVER,QUEENSTOWN,essential_services,cumulative,129.0
000055,RIDOUT,TANGLIN,essential_services,cumulative,188.0
000056,CAIRNHILL,NEWTON,essential_services,cumulative,286.0
000057,CLEMENTI WEST,CLEMENTI,essential_services,cumulative,102.0
000058,MONK'S HILL,NEWTON,essential_services,cumulative,307.0
000059,SIGLAP,BEDOK,essential_services,cumulative,149.0
000060,CLEMENTI WOODS,CLEMENTI,essential_services,cumulative,96.0
000061,PIONEER SECTOR,PIONEER,essential_services,cumulative,2.0
000062,PENJURU CRESCENT,JURONG EAST,essential_services,cumulative,38.0
000063,ORANGE GROVE,NEWTON,essential_services,cumulative,275.0
000064,KAMPONG BUGIS,KALLANG,essential_services,cumulative,0.0
000065,KENT RIDGE,QUEENSTOWN,essential_services,cumulative,118.0
000066,ALEXANDRA NORTH,BUKIT MERAH,essential_services,cumulative,231.0
000067,TANGLIN HALT,QUEENSTOWN,essential_services,cumulative,171.0
000068,MACKENZIE,ROCHOR,essential_services,cumulative,295.0
000069,SUNGEI ROAD,ROCHOR,essential_services,cumulative,326.0
000070,ONE NORTH,QUEENSTOWN,essential_services,cumulative,154.0
000071,TANJONG RHU,KALLANG,essential_services,cumulative,213.0
000072,KATONG,MARINE PARADE,essential_services,cumulative,219.0
000073,BOULEVARD,ORCHARD,essential_services,cumulative,291.0
000074,ISTANA NEGARA,NEWTON,essential_services,cumulative,251.0
000075,LITTLE INDIA,ROCHOR,essential_services,cumulative,317.0
000076,GUL BASIN,PIONEER,essential_services,cumulative,3.0
000077,MARINA CENTRE,DOWNTOWN CORE,essential_services,cumulative,233.0
000078,BRAS BASAH,MUSEUM,essential_services,cumulative,275.0
000079,SOMERSET,ORCHARD,essential_services,cumulative,273.0
000080,BENCOOLEN,ROCHOR,essential_services,cumulative,287.0
000081,CHATSWORTH,TANGLIN,essential_services,cumulative,262.0
000082,KAMPONG GLAM,ROCHOR,essential_services,cumulative,300.0
000083,SELEGIE,ROCHOR,essential_services,cumulative,293.0
000084,MOUNT EMILY,ROCHOR,essential_services,cumulative,272.0
000085,ROCHOR CANAL,ROCHOR,essential_services,cumulative,295.0
000086,MARGARET DRIVE,QUEENSTOWN,essential_services,cumulative,195.0
000087,OXLEY,RIVER VALLEY,essential_services,cumulative,265.0
000088,CITY HALL,DOWNTOWN CORE,essential_services,cumulative,253.0
000089,MEI CHIN,QUEENSTOWN,essential_services,cumulative,154.0
000090,LEONIE HILL,RIVER VALLEY,essential_services,cumulative,268.0
000091,PORT,QUEENSTOWN,essential_services,cumulative,72.0
000092,DHOBY GHAUT,MUSEUM,essential_services,cumulative,281.0
000093,MACPHERSON,GEYLANG,essential_services,cumulative,321.0
000094,KIM KEAT,TOA PAYOH,essential_services,cumulative,257.0
000095,BEDOK NORTH,BEDOK,essential_services,cumulative,211.0
000096,TOA PAYOH CENTRAL,TOA PAYOH,essential_services,cumulative,271.0
000097,JURONG GATEWAY,JURONG EAST,essential_services,cumulative,207.0
000098,HOLLAND ROAD,BUKIT TIMAH,essential_services,cumulative,127.0
000099,KAMPONG UBI,GEYLANG,essential_services,cumulative,281.0
000100,SENNETT,TOA PAYOH,essential_services,cumulative,345.0
000101,POTONG PASIR,TOA PAYOH,essential_services,cumulative,326.0
000102,TUAS NORTH,TUAS,essential_services,cumulative,4.0
000103,PEI CHUN,TOA PAYOH,essential_services,cumulative,354.0
000104,BOON TECK,TOA PAYOH,essential_services,cumulative,280.0
000105,KIAN TECK,JURONG WEST,essential_services,cumulative,101.0
000106,SAFTI,JURONG WEST,essential_services,cumulative,56.0
000107,FARRER PARK,ROCHOR,essential_services,cumulative,315.0
000108,NEWTON CIRCUS,NEWTON,essential_services,cumulative,313.0
000109,JURONG PORT,JURONG EAST,essential_services,cumulative,0.0
000110,ANG MO KIO TOWN CENTRE,ANG MO KIO,essential_services,cumulative,212.0
000111,KEBUN BAHRU,ANG MO KIO,essential_services,cumulative,134.0
000112,SERANGOON NORTH IND ESTATE,SERANGOON,essential_services,cumulative,284.0
000113,TENGAH INDUSTRIAL ESTATE,TENGAH,essential_services,cumulative,116.0
000114,SAMULUN,BOON LAY,essential_services,cumulative,38.0
000115,SHIPYARD,BOON LAY,essential_services,cumulative,29.0
000116,GHIM MOH,QUEENSTOWN,essential_services,cumulative,131.0
000117,LAVENDER,KALLANG,essential_services,cumulative,349.0
000118,FRANKEL,BEDOK,essential_services,cumulative,205.0
000119,CLEMENTI NORTH,CLEMENTI,essential_services,cumulative,165.0
000120,LEEDON PARK,BUKIT TIMAH,essential_services,cumulative,128.0
000121,GEYLANG EAST,GEYLANG,essential_services,cumulative,272.0
000122,TEBAN GARDENS,JURONG EAST,essential_services,cumulative,142.0
000123,JURONG RIVER,JURONG EAST,essential_services,cumulative,67.0
000124,GEYLANG BAHRU,KALLANG,essential_services,cumulative,350.0
000125,GOODWOOD PARK,NEWTON,essential_services,cumulative,229.0
000126,PANDAN,CLEMENTI,essential_services,cumulative,93.0
000127,SINGAPORE POLYTECHNIC,QUEENSTOWN,essential_services,cumulative,147.0
000128,CLEMENTI CENTRAL,CLEMENTI,essential_services,cumulative,155.0
000129,KAMPONG JAVA,KALLANG,essential_services,cumulative,291.0
000130,BOON KENG,KALLANG,essential_services,cumulative,337.0
000131,KALLANG BAHRU,KALLANG,essential_services,cumulative,330.0
000132,ULU PANDAN,BUKIT TIMAH,essential_services,cumulative,135.0
000133,FARRER COURT,BUKIT TIMAH,essential_services,cumulative,119.0
000134,NASSIM,TANGLIN,essential_services,cumulative,170.0
000135,WEST COAST,CLEMENTI,essential_services,cumulative,111.0
000136,BAYSHORE,BEDOK,essential_services,cumulative,87.0
000137,BENOI SECTOR,PIONEER,essential_services,cumulative,51.0
000138,GUL CIRCLE,PIONEER,essential_services,cumulative,9.0
000139,TYERSALL,TANGLIN,essential_services,cumulative,138.0
000140,MOULMEIN,NOVENA,essential_services,cumulative,281.0
000141,LIU FANG,BOON LAY,essential_services,cumulative,83.0
000142,TANGLIN,ORCHARD,essential_services,cumulative,275.0
000143,MARINE PARADE,MARINE PARADE,essential_services,cumulative,182.0
000144,JOO KOON,PIONEER,essential_services,cumulative,50.0
000145,KALLANG WAY,GEYLANG,essential_services,cumulative,344.0
000146,INTERNATIONAL BUSINESS PARK,JURONG EAST,essential_services,cumulative,2.0
000147,TUKANG,BOON LAY,essential_services,cumulative,113.0
000148,CORONATION ROAD,BUKIT TIMAH,essential_services,cumulative,92.0
000149,KEMBANGAN,BEDOK,essential_services,cumulative,212.0
000150,DUNEARN,NOVENA,essential_services,cumulative,152.0
000151,SUNSET WAY,CLEMENTI,essential_services,cumulative,115.0
000152,ANAK BUKIT,BUKIT TIMAH,essential_services,cumulative,155.0
000153,SWISS CLUB,BUKIT TIMAH,essential_services,cumulative,0.0
000154,XILIN,TAMPINES,essential_services,cumulative,113.0
000155,FABER,CLEMENTI,essential_services,cumulative,142.0
000156,MALCOLM,NOVENA,essential_services,cumulative,236.0
000157,BEDOK SOUTH,BEDOK,essential_services,cumulative,165.0
000158,DEFU INDUSTRIAL PARK,HOUGANG,essential_services,cumulative,263.0
000159,CHANGI BAY,CHANGI BAY,essential_services,cumulative,0.0
000160,PAYA LEBAR EAST,PAYA LEBAR,essential_services,cumulative,132.0
000161,HONG KAH NORTH,BUKIT BATOK,essential_services,cumulative,202.0
000162,KOVAN,HOUGANG,essential_services,cumulative,266.0
000163,CHONG BOON,ANG MO KIO,essential_services,cumulative,269.0
000164,SERANGOON GARDEN,SERANGOON,essential_services,cumulative,311.0
000165,HOUGANG CENTRAL,HOUGANG,essential_services,cumulative,274.0
000166,LOYANG EAST,PASIR RIS,essential_services,cumulative,106.0
000167,DAIRY FARM,BUKIT PANJANG,essential_services,cumulative,147.0
000168,PASIR RIS DRIVE,PASIR RIS,essential_services,cumulative,132.0
000169,TAMPINES NORTH,TAMPINES,essential_services,cumulative,121.0
000170,CHENG SAN,ANG MO KIO,essential_services,cumulative,234.0
000171,SEMBAWANG HILLS,ANG MO KIO,essential_services,cumulative,118.0
000172,JELEBU,BUKIT PANJANG,essential_services,cumulative,140.0
000173,KEAT HONG,CHOA CHU KANG,essential_services,cumulative,177.0
000174,BENDEMEER,KALLANG,essential_services,cumulative,308.0
000175,BALESTIER,NOVENA,essential_services,cumulative,269.0
000176,TUAS PROMENADE,TUAS,essential_services,cumulative,1.0
000177,SERANGOON CENTRAL,SERANGOON,essential_services,cumulative,340.0
000178,BISHAN EAST,BISHAN,essential_services,cumulative,272.0
000179,TAMPINES WEST,TAMPINES,essential_services,cumulative,199.0
000180,BRICKWORKS,BUKIT BATOK,essential_services,cumulative,157.0
000181,SERANGOON NORTH,SERANGOON,essential_services,cumulative,276.0
000182,GUILIN,BUKIT BATOK,essential_services,cumulative,188.0
000183,WENYA,JURONG WEST,essential_services,cumulative,114.0
000184,NATURE RESERVE,BUKIT PANJANG,essential_services,cumulative,81.0
000185,TAMPINES EAST,TAMPINES,essential_services,cumulative,179.0
000186,LORONG AH SOO,HOUGANG,essential_services,cumulative,216.0
000187,FLORA DRIVE,PASIR RIS,essential_services,cumulative,142.0
000188,HILLVIEW,BUKIT BATOK,essential_services,cumulative,112.0
000189,TOH TUCK,CLEMENTI,essential_services,cumulative,175.0
000190,MOUNT PLEASANT,NOVENA,essential_services,cumulative,174.0
000191,HILLCREST,BUKIT TIMAH,essential_services,cumulative,67.0
000192,JOO SENG,TOA PAYOH,essential_services,cumulative,318.0
000193,CHIN BEE,JURONG WEST,essential_services,cumulative,126.0
000194,LORONG 8 TOA PAYOH,TOA PAYOH,essential_services,cumulative,329.0
000195,TOH GUAN,JURONG EAST,essential_services,cumulative,203.0
000196,SIMEI,TAMPINES,essential_services,cumulative,169.0
000197,BOON LAY PLACE,JURONG WEST,essential_services,cumulative,126.0
000198,BUKIT BATOK EAST,BUKIT BATOK,essential_services,cumulative,196.0
000199,BUKIT BATOK WEST,BUKIT BATOK,essential_services,cumulative,177.0
000200,BUKIT BATOK CENTRAL,BUKIT BATOK,essential_services,cumulative,203.0
000201,UPPER PAYA LEBAR,SERANGOON,essential_services,cumulative,321.0
000202,TAI SENG,HOUGANG,essential_services,cumulative,267.0
000203,TENGEH,TUAS,essential_services,cumulative,4.0
000204,YUHUA WEST,JURONG EAST,essential_services,cumulative,186.0
000205,BRADDELL,TOA PAYOH,essential_services,cumulative,276.0
000206,BIDADARI,TOA PAYOH,essential_services,cumulative,329.0
000207,WOODLEIGH,TOA PAYOH,essential_services,cumulative,310.0
000208,TAMAN JURONG,JURONG WEST,essential_services,cumulative,146.0
000209,LAKESIDE (LEISURE),JURONG EAST,essential_services,cumulative,129.0
000210,TOA PAYOH WEST,TOA PAYOH,essential_services,cumulative,267.0
000211,KAKI BUKIT,BEDOK,essential_services,cumulative,230.0
000212,YUHUA EAST,JURONG EAST,essential_services,cumulative,206.0
000213,BUKIT BATOK SOUTH,BUKIT BATOK,essential_services,cumulative,178.0
000214,JURONG WEST CENTRAL,JURONG WEST,essential_services,cumulative,112.0
000215,BEDOK RESERVOIR,BEDOK,essential_services,cumulative,222.0
000216,LOWER SELETAR,YISHUN,essential_services,cumulative,87.0
000217,NORTHSHORE,PUNGGOL,essential_services,cumulative,136.0
000218,MANDAI ESTATE,MANDAI,essential_services,cumulative,167.0
000219,YISHUN CENTRAL,YISHUN,essential_services,cumulative,140.0
000220,PASIR RIS CENTRAL,PASIR RIS,essential_services,cumulative,135.0
000221,GOMBAK,BUKIT BATOK,essential_services,cumulative,180.0
000222,PAYA LEBAR NORTH,PAYA LEBAR,essential_services,cumulative,147.0
000223,HOUGANG EAST,HOUGANG,essential_services,cumulative,273.0
000224,LORONG HALUS,HOUGANG,essential_services,cumulative,168.0
000225,KANGKAR,HOUGANG,essential_services,cumulative,265.0
000226,CHANGI WEST,CHANGI,essential_services,cumulative,94.0
000227,HOLLAND DRIVE,QUEENSTOWN,essential_services,cumulative,164.0
000228,HOUGANG WEST,HOUGANG,essential_services,cumulative,283.0
000229,PAYA LEBAR WEST,PAYA LEBAR,essential_services,cumulative,197.0
000230,BANGKIT,BUKIT PANJANG,essential_services,cumulative,130.0
000231,LORONG HALUS NORTH,SENGKANG,essential_services,cumulative,223.0
000232,PENG SIANG,CHOA CHU KANG,essential_services,cumulative,143.0
000233,PASIR RIS WEST,PASIR RIS,essential_services,cumulative,111.0
000234,YIO CHU KANG WEST,ANG MO KIO,essential_services,cumulative,139.0
000235,CHANGI POINT,CHANGI,essential_services,cumulative,24.0
000236,SENGKANG TOWN CENTRE,SENGKANG,essential_services,cumulative,241.0
000237,ANCHORVALE,SENGKANG,essential_services,cumulative,233.0
000238,SENGKANG WEST,SENGKANG,essential_services,cumulative,136.0
000239,FERNVALE,SENGKANG,essential_services,cumulative,212.0
000240,PUNGGOL FIELD,PUNGGOL,essential_services,cumulative,181.0
000241,YEW TEE,CHOA CHU KANG,essential_services,cumulative,116.0
000242,PASIR RIS WAFER FAB PARK,PASIR RIS,essential_services,cumulative,103.0
000243,TRAFALGAR,HOUGANG,essential_services,cumulative,284.0
000244,TECK WHYE,CHOA CHU KANG,essential_services,cumulative,155.0
000245,CHOA CHU KANG CENTRAL,CHOA CHU KANG,essential_services,cumulative,133.0
000246,FAJAR,BUKIT PANJANG,essential_services,cumulative,111.0
000247,SENJA,BUKIT PANJANG,essential_services,cumulative,127.0
000248,SAUJANA,BUKIT PANJANG,essential_services,cumulative,126.0
000249,SELETAR HILLS,SERANGOON,essential_services,cumulative,152.0
000250,COMPASSVALE,SENGKANG,essential_services,cumulative,265.0
000251,YIO CHU KANG EAST,ANG MO KIO,essential_services,cumulative,109.0
000252,YIO CHU KANG,ANG MO KIO,essential_services,cumulative,136.0
000253,LOYANG WEST,PASIR RIS,essential_services,cumulative,91.0
000254,TAGORE,ANG MO KIO,essential_services,cumulative,83.0
000255,PASIR RIS PARK,PASIR RIS,essential_services,cumulative,111.0
000256,CHOA CHU KANG NORTH,CHOA CHU KANG,essential_services,cumulative,127.0
000257,RIVERVALE,SENGKANG,essential_services,cumulative,232.0
000258,YIO CHU KANG NORTH,ANG MO KIO,essential_services,cumulative,143.0
000259,YUNNAN,JURONG WEST,essential_services,cumulative,101.0
000260,LORONG CHUAN,SERANGOON,essential_services,cumulative,312.0
000261,HONG KAH,JURONG WEST,essential_services,cumulative,162.0
000262,SELETAR,SELETAR,essential_services,cumulative,160.0
000263,PANG SUA,SUNGEI KADUT,essential_services,cumulative,45.0
000264,SELETAR AEROSPACE PARK,SELETAR,essential_services,cumulative,66.0
000265,KHATIB,YISHUN,essential_services,cumulative,135.0
000266,MANDAI WEST,MANDAI,essential_services,cumulative,2.0
000267,CONEY ISLAND,PUNGGOL,essential_services,cumulative,158.0
000268,YISHUN SOUTH,YISHUN,essential_services,cumulative,126.0
000269,RESERVOIR VIEW,SUNGEI KADUT,essential_services,cumulative,20.0
000270,WOODLANDS EAST,WOODLANDS,essential_services,cumulative,175.0
000271,SEMBAWANG CENTRAL,SEMBAWANG,essential_services,cumulative,183.0
000272,GREENWOOD PARK,WOODLANDS,essential_services,cumulative,133.0
000273,SEMBAWANG EAST,SEMBAWANG,essential_services,cumulative,178.0
000274,SENOKO WEST,WOODLANDS,essential_services,cumulative,155.0
000275,MATILDA,PUNGGOL,essential_services,cumulative,213.0
000276,WATERWAY EAST,PUNGGOL,essential_services,cumulative,158.0
000277,GALI BATU,SUNGEI KADUT,essential_services,cumulative,110.0
000278,CRAWFORD,KALLANG,essential_services,cumulative,301.0
000279,TUAS BAY,TUAS,essential_services,cumulative,3.0
000280,TUAS VIEW,TUAS,essential_services,cumulative,0.0
000281,BAHAR,WESTERN WATER CATCHMENT,essential_services,cumulative,33.0
000282,CLEANTECH,WESTERN WATER CATCHMENT,essential_services,cumulative,0.0
000283,LAKESIDE (BUSINESS),JURONG EAST,essential_services,cumulative,189.0
000284,PARK,TENGAH,essential_services,cumulative,149.0
000285,BRICKLAND,TENGAH,essential_services,cumulative,209.0
000286,FOREST HILL,TENGAH,essential_services,cumulative,121.0
000287,PLANTATION,TENGAH,essential_services,cumulative,156.0
000288,GARDEN,TENGAH,essential_services,cumulative,166.0
000289,AIRPORT ROAD,PAYA LEBAR,essential_services,cumulative,196.0
000290,NORTH COAST,WOODLANDS,essential_services,cumulative,116.0
000291,SPRINGLEAF,YISHUN,essential_services,cumulative,82.0
000292,PUNGGOL TOWN CENTRE,PUNGGOL,essential_services,cumulative,174.0
000293,PUNGGOL CANAL,PUNGGOL,essential_services,cumulative,1.0
000294,CENTRAL WATER CATCHMENT,CENTRAL WATER CATCHMENT,essential_services,cumulative,47.0
000295,SEMBAWANG STRAITS,SEMBAWANG,essential_services,cumulative,47.0
000296,THE WHARVES,SEMBAWANG,essential_services,cumulative,108.0
000297,SENOKO NORTH,SEMBAWANG,essential_services,cumulative,124.0
000298,CHANGI AIRPORT,CHANGI,essential_services,cumulative,3.0
000299,PEOPLE'S PARK,OUTRAM,essential_services,cumulative,211.0
000300,MOUNTBATTEN,MARINE PARADE,essential_services,cumulative,189.0
000301,ALJUNIED,GEYLANG,essential_services,cumulative,292.0
000302,PULAU PUNGGOL TIMOR,SELETAR,essential_services,cumulative,20.0
000303,TURF CLUB,SUNGEI KADUT,essential_services,cumulative,52.0
000304,WOODLANDS SOUTH,WOODLANDS,essential_services,cumulative,133.0
000305,WOODGROVE,WOODLANDS,essential_services,cumulative,97.0
000306,YISHUN EAST,YISHUN,essential_services,cumulative,131.0
000307,MURAI,WESTERN WATER CATCHMENT,essential_services,cumulative,10.0
000308,PULAU PUNGGOL BARAT,SELETAR,essential_services,cumulative,5.0
000309,PULAU SELETAR,SIMPANG,essential_services,cumulative,36.0
000310,ADMIRALTY,SEMBAWANG,essential_services,cumulative,83.0
000311,LIM CHU KANG,LIM CHU KANG,essential_services,cumulative,2.0
000312,SIMPANG NORTH,SIMPANG,essential_services,cumulative,143.0
000313,SENOKO SOUTH,SEMBAWANG,essential_services,cumulative,160.0
000314,SEMBAWANG NORTH,SEMBAWANG,essential_services,cumulative,157.0
000315,TANJONG IRAU,SIMPANG,essential_services,cumulative,24.0
000316,YISHUN WEST,YISHUN,essential_services,cumulative,172.0
000317,WOODLANDS REGIONAL CENTRE,WOODLANDS,essential_services,cumulative,131.0
000318,NORTH-EASTERN ISLANDS,NORTH-EASTERN ISLANDS,essential_services,cumulative,3.0
000319,SIMPANG SOUTH,SIMPANG,essential_services,cumulative,110.0
000320,NORTHLAND,YISHUN,essential_services,cumulative,149.0
000321,MIDVIEW,WOODLANDS,essential_services,cumulative,146.0
000322,WOODLANDS WEST,WOODLANDS,essential_services,cumulative,99.0
000323,SEMBAWANG SPRINGS,SEMBAWANG,essential_services,cumulative,198.0
000324,KRANJI,SUNGEI KADUT,essential_services,cumulative,23.0
000325,PLAB,PAYA LEBAR,essential_services,cumulative,209.0
000326,MANDAI EAST,MANDAI,essential_services,cumulative,173.0
000327,NEE SOON,YISHUN,essential_services,cumulative,78.0
000328,UPPER THOMSON,BISHAN,essential_services,cumulative,162.0
000329,SHANGRI-LA,ANG MO KIO,essential_services,cumulative,167.0
000330,TOWNSVILLE,ANG MO KIO,essential_services,cumulative,235.0
000331,MARYMOUNT,BISHAN,essential_services,cumulative,213.0
000332,TUAS VIEW EXTENSION,TUAS,essential_services,cumulative,0.0
000001,DEPOT ROAD,BUKIT MERAH,essential_services,hansen,1252.1245389739347
000002,BUKIT MERAH,BUKIT MERAH,essential_services,hansen,16008802.6956087
000003,CHINATOWN,OUTRAM,essential_services,hansen,2277.901914262985
000004,PHILLIP,DOWNTOWN CORE,essential_services,hansen,16001985.399491271
000005,RAFFLES PLACE,DOWNTOWN CORE,essential_services,hansen,2396.0440469578725
000006,CHINA SQUARE,OUTRAM,essential_services,hansen,2020.8011848663934
000007,TIONG BAHRU,BUKIT MERAH,essential_services,hansen,2616.6020283015146
000008,BAYFRONT SUBZONE,DOWNTOWN CORE,essential_services,hansen,338.60856169530166
000009,TIONG BAHRU STATION,BUKIT MERAH,essential_services,hansen,1679.9121633724694
000010,CLIFFORD PIER,DOWNTOWN CORE,essential_services,hansen,917.8636501713286
000011,MARINA SOUTH,MARINA SOUTH,essential_services,hansen,111.79606903264535
000012,NICOLL,DOWNTOWN CORE,essential_services,hansen,644.6703051587853
000013,MARINA EAST,MARINA EAST,essential_services,hansen,189.2883170044002
000014,INSTITUTION HILL,RIVER VALLEY,essential_services,hansen,863.268226092607
000015,ROBERTSON QUAY,SINGAPORE RIVER,essential_services,hansen,814.1915280928322
000016,JURONG ISLAND AND BUKOM,WESTERN ISLANDS,essential_services,hansen,0.0
000017,FORT CANNING,MUSEUM,essential_services,hansen,489.2876234073079
000018,PEARL'S HILL,OUTRAM,essential_services,hansen,930.2611832558805
000019,BOAT QUAY,SINGAPORE RIVER,essential_services,hansen,3838.9346782639022
000020,HENDERSON HILL,BUKIT MERAH,essential_services,hansen,1784.1363207234879
000021,REDHILL,BUKIT MERAH,essential_services,hansen,1118.5358228087266
000022,ALEXANDRA HILL,BUKIT MERAH,essential_services,hansen,1135.373091907256
000023,BUKIT HO SWEE,BUKIT MERAH,essential_services,hansen,3447.068703203708
000024,CLARKE QUAY,SINGAPORE RIVER,essential_services,hansen,706.3030528540936
000025,PASIR PANJANG 1,QUEENSTOWN,essential_services,hansen,134.7110255554801
000026,QUEENSWAY,QUEENSTOWN,essential_services,hansen,16000273.443427326
000027,MARINA EAST (MP),MARINE PARADE,essential_services,hansen,254.44495403642924
000028,SUDONG,WESTERN ISLANDS,essential_services,hansen,0.0
000029,SEMAKAU,WESTERN ISLANDS,essential_services,hansen,221.830852776521
000030,SOUTHERN GROUP,SOUTHERN ISLANDS,essential_services,hansen,16000180.891716408
000031,SENTOSA,SOUTHERN ISLANDS,essential_services,hansen,16000180.891716408
000032,CITY TERMINALS,BUKIT MERAH,essential_services,hansen,495.9800955510361
000033,ANSON,DOWNTOWN CORE,essential_services,hansen,2949.0554952764587
000034,STRAITS VIEW,STRAITS VIEW,essential_services,hansen,205.22706267452372
000035,MARITIME SQUARE,BUKIT MERAH,essential_services,hansen,588.2400338851884
000036,TELOK BLANGAH RISE,BUKIT MERAH,essential_services,hansen,620.6294558871132
000037,TANJONG PAGAR,DOWNTOWN CORE,essential_services,hansen,1621.7347347364384
000038,EVERTON PARK,BUKIT MERAH,essential_services,hansen,3219.21548996672
000039,TELOK BLANGAH WAY,BUKIT MERAH,essential_services,hansen,2817.3644199547243
000040,MAXWELL,DOWNTOWN CORE,essential_services,hansen,1584.006289832228
000041,CECIL,DOWNTOWN CORE,essential_services,hansen,4738.749241309978
000042,KAMPONG TIONG BAHRU,BUKIT MERAH,essential_services,hansen,3089.323220129022
000043,TELOK BLANGAH DRIVE,BUKIT MERAH,essential_services,hansen,658.6733520052287
000044,PASIR PANJANG 2,QUEENSTOWN,essential_services,hansen,174.43542028177322
000045,CENTRAL SUBZONE,DOWNTOWN CORE,essential_services,hansen,426.6927084015354
000046,SINGAPORE GENERAL HOSPITAL,BUKIT MERAH,essential_services,hansen,894.3296634267464
000047,BUGIS,DOWNTOWN CORE,essential_services,hansen,926.8031159284635
000048,VICTORIA,ROCHOR,essential_services,hansen,1320.766935956428
000049,PATERSON,RIVER VALLEY,essential_services,hansen,741.2845134877635
000050,EAST COAST,MARINE PARADE,essential_services,hansen,395.28841947254716
000051,NATIONAL UNIVERSITY OF S'PORE,QUEENSTOWN,essential_services,hansen,110.15044635585903
000052,ONE TREE HILL,RIVER VALLEY,essential_services,hansen,582.3220766318368
000053,COMMONWEALTH,QUEENSTOWN,essential_services,hansen,7537.773356767786
000054,DOVER,QUEENSTOWN,essential_services,hansen,16000435.017983213
000055,RIDOUT,TANGLIN,essential_services,hansen,282.55919766447954
000056,CAIRNHILL,NEWTON,essential_services,hansen,702.7576236173173
000057,CLEMENTI WEST,CLEMENTI,essential_services,hansen,1717.661640013998
000058,MONK'S HILL,NEWTON,essential_services,hansen,821.9055688462493
000059,SIGLAP,BEDOK,essential_services,hansen,348.8609000160485
000060,CLEMENTI WOODS,CLEMENTI,essential_services,hansen,16000513.406376736
000061,PIONEER SECTOR,PIONEER,essential_services,hansen,7.75137162981664
000062,PENJURU CRESCENT,JURONG EAST,essential_services,hansen,37.02869762748416
000063,ORANGE GROVE,NEWTON,essential_services,hansen,1801.5484024895522
000064,KAMPONG BUGIS,KALLANG,essential_services,hansen,0.0
000065,KENT RIDGE,QUEENSTOWN,essential_services,hansen,2064.111240933162
000066,ALEXANDRA NORTH,BUKIT MERAH,essential_services,hansen,839.5461053640608
000067,TANGLIN HALT,QUEENSTOWN,essential_services,hansen,3906.8620992899346
000068,MACKENZIE,ROCHOR,essential_services,hansen,942.0259923296587
000069,SUNGEI ROAD,ROCHOR,essential_services,hansen,1252.5483060887834
000070,ONE NORTH,QUEENSTOWN,essential_services,hansen,985.4941230160559
000071,TANJONG RHU,KALLANG,essential_services,hansen,396.06684534033843
000072,KATONG,MARINE PARADE,essential_services,hansen,1488.3119629640578
000073,BOULEVARD,ORCHARD,essential_services,hansen,1012.6213469551753
000074,ISTANA NEGARA,NEWTON,essential_services,hansen,1001.1176110368507
000075,LITTLE INDIA,ROCHOR,essential_services,hansen,3562.634593501733
000076,GUL BASIN,PIONEER,essential_services,hansen,20.40279947431856
000077,MARINA CENTRE,DOWNTOWN CORE,essential_services,hansen,705.1488143736153
000078,BRAS BASAH,MUSEUM,essential_services,hansen,1036.1876871012012
000079,SOMERSET,ORCHARD,essential_services,hansen,1166.698343219488
000080,BENCOOLEN,ROCHOR,essential_services,hansen,1320.2008316931588
000081,CHATSWORTH,TANGLIN,essential_services,hansen,588.9958879397966
000082,KAMPONG GLAM,ROCHOR,essential_services,hansen,1104.0345106718014
000083,SELEGIE,ROCHOR,essential_services,hansen,1441.3556605179929
000084,MOUNT EMILY,ROCHOR,essential_services,hansen,52972.14999471005
000085,ROCHOR CANAL,ROCHOR,essential_services,hansen,753.7042079065973
000086,MARGARET DRIVE,QUEENSTOWN,essential_services,hansen,517.2990947805147
000087,OXLEY,RIVER VALLEY,essential_services,hansen,1442.2970453736461
000088,CITY HALL,DOWNTOWN CORE,essential_services,hansen,828.8167780293878
000089,MEI CHIN,QUEENSTOWN,essential_services,hansen,457.8975310028101
000090,LEONIE HILL,RIVER VALLEY,essential_services,hansen,855.9628799502352
000091,PORT,QUEENSTOWN,essential_services,hansen,126.40089578823223
000092,DHOBY GHAUT,MUSEUM,essential_services,hansen,981.4408861254499
000093,MACPHERSON,GEYLANG,essential_services,hansen,999.3715828856571
000094,KIM KEAT,TOA PAYOH,essential_services,hansen,801.1014384372224
000095,BEDOK NORTH,BEDOK,essential_services,hansen,996.013313789024
000096,TOA PAYOH CENTRAL,TOA PAYOH,essential_services,hansen,23037.470347792078
000097,JURONG GATEWAY,JURONG EAST,essential_services,hansen,28039.319757751662
000098,HOLLAND ROAD,BUKIT TIMAH,essential_services,hansen,200.72904863143566
000099,KAMPONG UBI,GEYLANG,essential_services,hansen,860.7262359251409
000100,SENNETT,TOA PAYOH,essential_services,hansen,3743.380492278604
000101,POTONG PASIR,TOA PAYOH,essential_services,hansen,52497.56780289973
000102,TUAS NORTH,TUAS,essential_services,hansen,4.042874422149529
000103,PEI CHUN,TOA PAYOH,essential_services,hansen,32004294.937322035
000104,BOON TECK,TOA PAYOH,essential_services,hansen,80395.43875354013
000105,KIAN TECK,JURONG WEST,essential_services,hansen,371.1219115971901
000106,SAFTI,JURONG WEST,essential_services,hansen,107.67895161812416
000107,FARRER PARK,ROCHOR,essential_services,hansen,1049.7229436518523
000108,NEWTON CIRCUS,NEWTON,essential_services,hansen,1831.643826135026
000109,JURONG PORT,JURONG EAST,essential_services,hansen,0.0
000110,ANG MO KIO TOWN CENTRE,ANG MO KIO,essential_services,hansen,2221.605977230499
000111,KEBUN BAHRU,ANG MO KIO,essential_services,hansen,1358.3888498267058
000112,SERANGOON NORTH IND ESTATE,SERANGOON,essential_services,hansen,577.5493032702437
000113,TENGAH INDUSTRIAL ESTATE,TENGAH,essential_services,hansen,147.6202295603939
000114,SAMULUN,BOON LAY,essential_services,hansen,31.0458753941953
000115,SHIPYARD,BOON LAY,essential_services,hansen,22.984137021613954
000116,GHIM MOH,QUEENSTOWN,essential_services,hansen,3942.9800447079265
000117,LAVENDER,KALLANG,essential_services,hansen,1238.7133828271994
000118,FRANKEL,BEDOK,essential_services,hansen,1258.9854565592177
000119,CLEMENTI NORTH,CLEMENTI,essential_services,hansen,35214.87418301745
000120,LEEDON PARK,BUKIT TIMAH,essential_services,hansen,292.09168788634423
000121,GEYLANG EAST,GEYLANG,essential_services,hansen,1822.0332415915436
000122,TEBAN GARDENS,JURONG EAST,essential_services,hansen,698.9900513810579
000123,JURONG RIVER,JURONG EAST,essential_services,hansen,94.47339841218864
000124,GEYLANG BAHRU,KALLANG,essential_services,hansen,48001045.53555889
000125,GOODWOOD PARK,NEWTON,essential_services,hansen,384.48435614619297
000126,PANDAN,CLEMENTI,essential_services,hansen,280.90714422611046
000127,SINGAPORE POLYTECHNIC,QUEENSTOWN,essential_services,hansen,383.14192639780777
000128,CLEMENTI CENTRAL,CLEMENTI,essential_services,hansen,2686.817420123481
000129,KAMPONG JAVA,KALLANG,essential_services,hansen,20548.50312393471
000130,BOON KENG,KALLANG,essential_services,hansen,3305.6823203412255
000131,KALLANG BAHRU,KALLANG,essential_services,hansen,2767.6866688073383
000132,ULU PANDAN,BUKIT TIMAH,essential_services,hansen,484.47458460342773
000133,FARRER COURT,BUKIT TIMAH,essential_services,hansen,580.3739695386502
000134,NASSIM,TANGLIN,essential_services,hansen,383.40442629286673
000135,WEST COAST,CLEMENTI,essential_services,hansen,723.0465090782994
000136,BAYSHORE,BEDOK,essential_services,hansen,108.60502834156922
000137,BENOI SECTOR,PIONEER,essential_services,hansen,55.36176356552202
000138,GUL CIRCLE,PIONEER,essential_services,hansen,29.790044950262295
000139,TYERSALL,TANGLIN,essential_services,hansen,186.745991144966
000140,MOULMEIN,NOVENA,essential_services,hansen,2006.1801898056274
000141,LIU FANG,BOON LAY,essential_services,hansen,92.49291301837224
000142,TANGLIN,ORCHARD,essential_services,hansen,792.9734362451771
000143,MARINE PARADE,MARINE PARADE,essential_services,hansen,3437.3230332065746
000144,JOO KOON,PIONEER,essential_services,hansen,90.73506176253801
000145,KALLANG WAY,GEYLANG,essential_services,hansen,990.9878270009383
000146,INTERNATIONAL BUSINESS PARK,JURONG EAST,essential_services,hansen,542087.8787506783
000147,TUKANG,BOON LAY,essential_services,hansen,231.8058412846836
000148,CORONATION ROAD,BUKIT TIMAH,essential_services,hansen,156.21992926508008
000149,KEMBANGAN,BEDOK,essential_services,hansen,657.211469553674
000150,DUNEARN,NOVENA,essential_services,hansen,254.09482548972628
000151,SUNSET WAY,CLEMENTI,essential_services,hansen,332.08596523781955
000152,ANAK BUKIT,BUKIT TIMAH,essential_services,hansen,2428.50036589403
000153,SWISS CLUB,BUKIT TIMAH,essential_services,hansen,0.0
000154,XILIN,TAMPINES,essential_services,hansen,186.26563165295843
000155,FABER,CLEMENTI,essential_services,hansen,530.6276067974164
000156,MALCOLM,NOVENA,essential_services,hansen,581.087342207829
000157,BEDOK SOUTH,BEDOK,essential_services,hansen,49274.97858339136
000158,DEFU INDUSTRIAL PARK,HOUGANG,essential_services,hansen,396.5565287149093
000159,CHANGI BAY,CHANGI BAY,essential_services,hansen,0.0
000160,PAYA LEBAR EAST,PAYA LEBAR,essential_services,hansen,262.54673435878726
000161,HONG KAH NORTH,BUKIT BATOK,essential_services,hansen,1245.0018898124536
000162,KOVAN,HOUGANG,essential_services,hansen,850.5079013377899
000163,CHONG BOON,ANG MO KIO,essential_services,hansen,1727.4050122238293
000164,SERANGOON GARDEN,SERANGOON,essential_services,hansen,1030.4542825309372
000165,HOUGANG CENTRAL,HOUGANG,essential_services,hansen,20283.04993691079
000166,LOYANG EAST,PASIR RIS,essential_services,hansen,299.72499042943
000167,DAIRY FARM,BUKIT PANJANG,essential_services,hansen,452.88103053802354
000168,PASIR RIS DRIVE,PASIR RIS,essential_services,hansen,4165.28777325295
000169,TAMPINES NORTH,TAMPINES,essential_services,hansen,186.67291042246646
000170,CHENG SAN,ANG MO KIO,essential_services,hansen,2330.2909125293836
000171,SEMBAWANG HILLS,ANG MO KIO,essential_services,hansen,647.2808632099224
000172,JELEBU,BUKIT PANJANG,essential_services,hansen,803.8216790134531
000173,KEAT HONG,CHOA CHU KANG,essential_services,hansen,28548.499175273988
000174,BENDEMEER,KALLANG,essential_services,hansen,32001206.430762816
000175,BALESTIER,NOVENA,essential_services,hansen,1432.9870995830156
000176,TUAS PROMENADE,TUAS,essential_services,hansen,3.6135992924420206
000177,SERANGOON CENTRAL,SERANGOON,essential_services,hansen,16002259.153633997
000178,BISHAN EAST,BISHAN,essential_services,hansen,16005268.697782436
000179,TAMPINES WEST,TAMPINES,essential_services,hansen,6497.380344002708
000180,BRICKWORKS,BUKIT BATOK,essential_services,hansen,32000525.177499037
000181,SERANGOON NORTH,SERANGOON,essential_services,hansen,1442.1664118364292
000182,GUILIN,BUKIT BATOK,essential_services,hansen,747.6450507136061
000183,WENYA,JURONG WEST,essential_services,hansen,271.3645249782007
000184,NATURE RESERVE,BUKIT PANJANG,essential_services,hansen,154.46690124466116
000185,TAMPINES EAST,TAMPINES,essential_services,hansen,7873.042580477871
000186,LORONG AH SOO,HOUGANG,essential_services,hansen,232357.5342114327
000187,FLORA DRIVE,PASIR RIS,essential_services,hansen,470.9638758438833
000188,HILLVIEW,BUKIT BATOK,essential_services,hansen,174.57926630433406
000189,TOH TUCK,CLEMENTI,essential_services,hansen,358.72654689164915
000190,MOUNT PLEASANT,NOVENA,essential_services,hansen,292.6505313966846
000191,HILLCREST,BUKIT TIMAH,essential_services,hansen,159.04648402184046
000192,JOO SENG,TOA PAYOH,essential_services,hansen,9278.631712735076
000193,CHIN BEE,JURONG WEST,essential_services,hansen,467.79295594883007
000194,LORONG 8 TOA PAYOH,TOA PAYOH,essential_services,hansen,2611.4936092734856
000195,TOH GUAN,JURONG EAST,essential_services,hansen,824.9209068035243
000196,SIMEI,TAMPINES,essential_services,hansen,410.42525416386565
000197,BOON LAY PLACE,JURONG WEST,essential_services,hansen,1696.13409439937
000198,BUKIT BATOK EAST,BUKIT BATOK,essential_services,hansen,16026122.429388134
000199,BUKIT BATOK WEST,BUKIT BATOK,essential_services,hansen,15163.79398583488
000200,BUKIT BATOK CENTRAL,BUKIT BATOK,essential_services,hansen,3984.6144507529325
000201,UPPER PAYA LEBAR,SERANGOON,essential_services,hansen,951.2377407148127
000202,TAI SENG,HOUGANG,essential_services,hansen,515.1759402470876
000203,TENGEH,TUAS,essential_services,hansen,6.271831450642213
000204,YUHUA WEST,JURONG EAST,essential_services,hansen,1441.0362685660198
000205,BRADDELL,TOA PAYOH,essential_services,hansen,1761.6118445399618
000206,BIDADARI,TOA PAYOH,essential_services,hansen,749.8567746166057
000207,WOODLEIGH,TOA PAYOH,essential_services,hansen,584.788678797106
000208,TAMAN JURONG,JURONG WEST,essential_services,hansen,1478.9273860405476
000209,LAKESIDE (LEISURE),JURONG EAST,essential_services,hansen,330.37677065806406
000210,TOA PAYOH WEST,TOA PAYOH,essential_services,hansen,904.5353315651292
000211,KAKI BUKIT,BEDOK,essential_services,hansen,500.3388615374492
000212,YUHUA EAST,JURONG EAST,essential_services,hansen,1140.2557066956497
000213,BUKIT BATOK SOUTH,BUKIT BATOK,essential_services,hansen,610.9688798952164
000214,JURONG WEST CENTRAL,JURONG WEST,essential_services,hansen,5497.039934525456
000215,BEDOK RESERVOIR,BEDOK,essential_services,hansen,857.2372624137688
000216,LOWER SELETAR,YISHUN,essential_services,hansen,1358.1945851485614
000217,NORTHSHORE,PUNGGOL,essential_services,hansen,339.24414046816156
000218,MANDAI ESTATE,MANDAI,essential_services,hansen,1164.3243430260961
000219,YISHUN CENTRAL,YISHUN,essential_services,hansen,1552.271463050427
000220,PASIR RIS CENTRAL,PASIR RIS,essential_services,hansen,1358.4852614577987
000221,GOMBAK,BUKIT BATOK,essential_services,hansen,376.8985693100803
000222,PAYA LEBAR NORTH,PAYA LEBAR,essential_services,hansen,168.53841072453753
000223,HOUGANG EAST,HOUGANG,essential_services,hansen,2015.155408699865
000224,LORONG HALUS,HOUGANG,essential_services,hansen,175.48491954695024
000225,KANGKAR,HOUGANG,essential_services,hansen,32001356.537445646
000226,CHANGI WEST,CHANGI,essential_services,hansen,147.9391562305148
000227,HOLLAND DRIVE,QUEENSTOWN,essential_services,hansen,16002382.561810656
000228,HOUGANG WEST,HOUGANG,essential_services,hansen,50428.58570654444
000229,PAYA LEBAR WEST,PAYA LEBAR,essential_services,hansen,289.6395782465487
000230,BANGKIT,BUKIT PANJANG,essential_services,hansen,1469.0947296120546
000231,LORONG HALUS NORTH,SENGKANG,essential_services,hansen,351.2855691898743
000232,PENG SIANG,CHOA CHU KANG,essential_services,hansen,4407.362914306341
000233,PASIR RIS WEST,PASIR RIS,essential_services,hansen,787.2096033329226
000234,YIO CHU KANG WEST,ANG MO KIO,essential_services,hansen,1287.90409936894
000235,CHANGI POINT,CHANGI,essential_services,hansen,22.14017997771247
000236,SENGKANG TOWN CENTRE,SENGKANG,essential_services,hansen,3155.570526083148
000237,ANCHORVALE,SENGKANG,essential_services,hansen,2501.8278223647867
000238,SENGKANG WEST,SENGKANG,essential_services,hansen,200.4243740394133
000239,FERNVALE,SENGKANG,essential_services,hansen,1546.402619272518
000240,PUNGGOL FIELD,PUNGGOL,essential_services,hansen,16002844.28832744
000241,YEW TEE,CHOA CHU KANG,essential_services,hansen,1363.0533661046136
000242,PASIR RIS WAFER FAB PARK,PASIR RIS,essential_services,hansen,99.40472906185359
000243,TRAFALGAR,HOUGANG,essential_services,hansen,1294.6696005992858
000244,TECK WHYE,CHOA CHU KANG,essential_services,hansen,1291.0405614608144
000245,CHOA CHU KANG CENTRAL,CHOA CHU KANG,essential_services,hansen,1434.4774616567981
000246,FAJAR,BUKIT PANJANG,essential_services,hansen,3261.6989224044783
000247,SENJA,BUKIT PANJANG,essential_services,hansen,16001094.311838277
000248,SAUJANA,BUKIT PANJANG,essential_services,hansen,16003575.436335843
000249,SELETAR HILLS,SERANGOON,essential_services,hansen,394.6796170831617
000250,COMPASSVALE,SENGKANG,essential_services,hansen,2148.93523170081
000251,YIO CHU KANG EAST,ANG MO KIO,essential_services,hansen,166.6463387612887
000252,YIO CHU KANG,ANG MO KIO,essential_services,hansen,3046.560275000429
000253,LOYANG WEST,PASIR RIS,essential_services,hansen,145.820016292524
000254,TAGORE,ANG MO KIO,essential_services,hansen,850.1391238440576
000255,PASIR RIS PARK,PASIR RIS,essential_services,hansen,901.7362547656535
000256,CHOA CHU KANG NORTH,CHOA CHU KANG,essential_services,hansen,8212.873853196439
000257,RIVERVALE,SENGKANG,essential_services,hansen,5897.898511464138
000258,YIO CHU KANG NORTH,ANG MO KIO,essential_services,hansen,542.4806882599634
000259,YUNNAN,JURONG WEST,essential_services,hansen,1274.6487307379243
000260,LORONG CHUAN,SERANGOON,essential_services,hansen,941.0564062729148
000261,HONG KAH,JURONG WEST,essential_services,hansen,2586.0395049214785
000262,SELETAR,SELETAR,essential_services,hansen,202.35784857002517
000263,PANG SUA,SUNGEI KADUT,essential_services,hansen,54.48641412178146
000264,SELETAR AEROSPACE PARK,SELETAR,essential_services,hansen,79.33464001637981
000265,KHATIB,YISHUN,essential_services,hansen,241.6819415882446
000266,MANDAI WEST,MANDAI,essential_services,hansen,1.4693052045918917
000267,CONEY ISLAND,PUNGGOL,essential_services,hansen,16225644.988345709
000268,YISHUN SOUTH,YISHUN,essential_services,hansen,1167.0959003620376
000269,RESERVOIR VIEW,SUNGEI KADUT,essential_services,hansen,16.6272787259391
000270,WOODLANDS EAST,WOODLANDS,essential_services,hansen,2491.1852455871767
000271,SEMBAWANG CENTRAL,SEMBAWANG,essential_services,hansen,70032.34916480604
000272,GREENWOOD PARK,WOODLANDS,essential_services,hansen,691.8662250723155
000273,SEMBAWANG EAST,SEMBAWANG,essential_services,hansen,1699.8259962505888
000274,SENOKO WEST,WOODLANDS,essential_services,hansen,570.7708934599679
000275,MATILDA,PUNGGOL,essential_services,hansen,2101.804225422525
000276,WATERWAY EAST,PUNGGOL,essential_services,hansen,26252.263929124467
000277,GALI BATU,SUNGEI KADUT,essential_services,hansen,141.77035699915106
000278,CRAWFORD,KALLANG,essential_services,hansen,9225.621074498911
000279,TUAS BAY,TUAS,essential_services,hansen,2.487606118339815
000280,TUAS VIEW,TUAS,essential_services,hansen,0.0
000281,BAHAR,WESTERN WATER CATCHMENT,essential_services,hansen,28.723449650818367
000282,CLEANTECH,WESTERN WATER CATCHMENT,essential_services,hansen,0.0
000283,LAKESIDE (BUSINESS),JURONG EAST,essential_services,hansen,567.2329621135685
000284,PARK,TENGAH,essential_services,hansen,159.0983065608918
000285,BRICKLAND,TENGAH,essential_services,hansen,916.5523775939728
000286,FOREST HILL,TENGAH,essential_services,hansen,220.89991040221528
000287,PLANTATION,TENGAH,essential_services,hansen,244.6193322447948
000288,GARDEN,TENGAH,essential_services,hansen,185.58918926083146
000289,AIRPORT ROAD,PAYA LEBAR,essential_services,hansen,217.46255957679483
000290,NORTH COAST,WOODLANDS,essential_services,hansen,244.7164199799052
000291,SPRINGLEAF,YISHUN,essential_services,hansen,107.05093300177177
000292,PUNGGOL TOWN CENTRE,PUNGGOL,essential_services,hansen,1595.5809897093234
000293,PUNGGOL CANAL,PUNGGOL,essential_services,hansen,16000000.0
000294,CENTRAL WATER CATCHMENT,CENTRAL WATER CATCHMENT,essential_services,hansen,64.66451722912393
000295,SEMBAWANG STRAITS,SEMBAWANG,essential_services,hansen,60.13191865803434
000296,THE WHARVES,SEMBAWANG,essential_services,hansen,203.8614203073859
000297,SENOKO NORTH,SEMBAWANG,essential_services,hansen,156.9022854079252
000298,CHANGI AIRPORT,CHANGI,essential_services,hansen,2.243540307038609
000299,PEOPLE'S PARK,OUTRAM,essential_services,hansen,1383.5168926412591
000300,MOUNTBATTEN,MARINE PARADE,essential_services,hansen,823.569749904869
000301,ALJUNIED,GEYLANG,essential_services,hansen,1322.321170229187
000302,PULAU PUNGGOL TIMOR,SELETAR,essential_services,hansen,14.632636575818013
000303,TURF CLUB,SUNGEI KADUT,essential_services,hansen,52.71611091052285
000304,WOODLANDS SOUTH,WOODLANDS,essential_services,hansen,16798.35537751613
000305,WOODGROVE,WOODLANDS,essential_services,hansen,32000418.297669962
000306,YISHUN EAST,YISHUN,essential_services,hansen,5801.13220423663
000307,MURAI,WESTERN WATER CATCHMENT,essential_services,hansen,7.56231614461162
000308,PULAU PUNGGOL BARAT,SELETAR,essential_services,hansen,3.652142281041248
000309,PULAU SELETAR,SIMPANG,essential_services,hansen,30.12880443533084
000310,ADMIRALTY,SEMBAWANG,essential_services,hansen,185.4412244871037
000311,LIM CHU KANG,LIM CHU KANG,essential_services,hansen,4.206843178490023
000312,SIMPANG NORTH,SIMPANG,essential_services,hansen,583.8526867744723
000313,SENOKO SOUTH,SEMBAWANG,essential_services,hansen,373.6657764063801
000314,SEMBAWANG NORTH,SEMBAWANG,essential_services,hansen,710.3500107977327
000315,TANJONG IRAU,SIMPANG,essential_services,hansen,22.27606774475548
000316,YISHUN WEST,YISHUN,essential_services,hansen,17256.103685951122
000317,WOODLANDS REGIONAL CENTRE,WOODLANDS,essential_services,hansen,769.3841241356212
000318,NORTH-EASTERN ISLANDS,NORTH-EASTERN ISLANDS,essential_services,hansen,732.1402214948419
000319,SIMPANG SOUTH,SIMPANG,essential_services,hansen,425.2316675133584
000320,NORTHLAND,YISHUN,essential_services,hansen,7288.59625004599
000321,MIDVIEW,WOODLANDS,essential_services,hansen,3612.000040780185
000322,WOODLANDS WEST,WOODLANDS,essential_services,hansen,720.2636893440617
000323,SEMBAWANG SPRINGS,SEMBAWANG,essential_services,hansen,3224.8711824628176
000324,KRANJI,SUNGEI KADUT,essential_services,hansen,20.037616405818053
000325,PLAB,PAYA LEBAR,essential_services,hansen,243.584465043832
000326,MANDAI EAST,MANDAI,essential_services,hansen,1000.0575339000454
000327,NEE SOON,YISHUN,essential_services,hansen,120.15592789661419
000328,UPPER THOMSON,BISHAN,essential_services,hansen,643.9443510070085
000329,SHANGRI-LA,ANG MO KIO,essential_services,hansen,644.7637595137809
000330,TOWNSVILLE,ANG MO KIO,essential_services,hansen,16003019.558613129
000331,MARYMOUNT,BISHAN,essential_services,hansen,930.3596742680006
000332,TUAS VIEW EXTENSION,TUAS,essential_services,hansen,0.0
000001,DEPOT ROAD,BUKIT MERAH,transport_services,2sfca,94.68678725435839
000002,BUKIT MERAH,BUKIT MERAH,transport_services,2sfca,94.25462786297874
000003,CHINATOWN,OUTRAM,transport_services,2sfca,75.50480584598483
000004,PHILLIP,DOWNTOWN CORE,transport_services,2sfca,79.21009464840463
000005,RAFFLES PLACE,DOWNTOWN CORE,transport_services,2sfca,73.89096888500148
000006,CHINA SQUARE,OUTRAM,transport_services,2sfca,78.59438985289466
000007,TIONG BAHRU,BUKIT MERAH,transport_services,2sfca,84.98475698435342
000008,BAYFRONT SUBZONE,DOWNTOWN CORE,transport_services,2sfca,65.80730603227593
000009,TIONG BAHRU STATION,BUKIT MERAH,transport_services,2sfca,85.75087158562097
000010,CLIFFORD PIER,DOWNTOWN CORE,transport_services,2sfca,76.57260821008948
000011,MARINA SOUTH,MARINA SOUTH,transport_services,2sfca,37.75749449168418
000012,NICOLL,DOWNTOWN CORE,transport_services,2sfca,101.38547233609424
000013,MARINA EAST,MARINA EAST,transport_services,2sfca,80.26987503650963
000014,INSTITUTION HILL,RIVER VALLEY,transport_services,2sfca,87.25396440263694
000015,ROBERTSON QUAY,SINGAPORE RIVER,transport_services,2sfca,86.90027430189801
000016,JURONG ISLAND AND BUKOM,WESTERN ISLANDS,transport_services,2sfca,16.0
000017,FORT CANNING,MUSEUM,transport_services,2sfca,75.2546532039284
000018,PEARL'S HILL,OUTRAM,transport_services,2sfca,81.98655773590221
000019,BOAT QUAY,SINGAPORE RIVER,transport_services,2sfca,81.96164178245436
000020,HENDERSON HILL,BUKIT MERAH,transport_services,2sfca,93.15148644559999
000021,REDHILL,BUKIT MERAH,transport_services,2sfca,96.32330659764725
000022,ALEXANDRA HILL,BUKIT MERAH,transport_services,2sfca,93.80357769631578
000023,BUKIT HO SWEE,BUKIT MERAH,transport_services,2sfca,90.82929896213496
000024,CLARKE QUAY,SINGAPORE RIVER,transport_services,2sfca,79.54823511202504
000025,PASIR PANJANG 1,QUEENSTOWN,transport_services,2sfca,89.72078925337796
000026,QUEENSWAY,QUEENSTOWN,transport_services,2sfca,91.06706410683888
000027,MARINA EAST (MP),MARINE PARADE,transport_services,2sfca,99.4092100637848
000028,SUDONG,WESTERN ISLANDS,transport_services,2sfca,0.0
000029,SEMAKAU,WESTERN ISLANDS,transport_services,2sfca,74.08718748373215
000030,SOUTHERN GROUP,SOUTHERN ISLANDS,transport_services,2sfca,42.48935559036274
000031,SENTOSA,SOUTHERN ISLANDS,transport_services,2sfca,42.48935559036274
000032,CITY TERMINALS,BUKIT MERAH,transport_services,2sfca,70.00518787516711
000033,ANSON,DOWNTOWN CORE,transport_services,2sfca,69.29942492883958
000034,STRAITS VIEW,STRAITS VIEW,transport_services,2sfca,44.30795234795406
000035,MARITIME SQUARE,BUKIT MERAH,transport_services,2sfca,69.8418469840571
000036,TELOK BLANGAH RISE,BUKIT MERAH,transport_services,2sfca,69.2973855758765
000037,TANJONG PAGAR,DOWNTOWN CORE,transport_services,2sfca,67.12823364199632
000038,EVERTON PARK,BUKIT MERAH,transport_services,2sfca,72.07561805799392
000039,TELOK BLANGAH WAY,BUKIT MERAH,transport_services,2sfca,76.74676571607795
000040,MAXWELL,DOWNTOWN CORE,transport_services,2sfca,72.32570695360346
000041,CECIL,DOWNTOWN CORE,transport_services,2sfca,66.94471884799958
000042,KAMPONG TIONG BAHRU,BUKIT MERAH,transport_services,2sfca,82.11972883804413
000043,TELOK BLANGAH DRIVE,BUKIT MERAH,transport_services,2sfca,70.1952781111797
000044,PASIR PANJANG 2,QUEENSTOWN,transport_services,2sfca,89.55719497931398
000045,CENTRAL SUBZONE,DOWNTOWN CORE,transport_services,2sfca,55.38664656669845
000046,SINGAPORE GENERAL HOSPITAL,BUKIT MERAH,transport_services,2sfca,80.82581323772507
000047,BUGIS,DOWNTOWN CORE,transport_services,2sfca,96.78026431181527
000048,VICTORIA,ROCHOR,transport_services,2sfca,94.33590007290388
000049,PATERSON,RIVER VALLEY,transport_services,2sfca,98.2708941207152
000050,EAST COAST,MARINE PARADE,transport_services,2sfca,144.2487513943548
000051,NATIONAL UNIVERSITY OF S'PORE,QUEENSTOWN,transport_services,2sfca,89.69867436881555
000052,ONE TREE HILL,RIVER VALLEY,transport_services,2sfca,99.23850278733211
000053,COMMONWEALTH,QUEENSTOWN,transport_services,2sfca,108.05627087098082
000054,DOVER,QUEENSTOWN,transport_services,2sfca,132.85941816713432
000055,RIDOUT,TANGLIN,transport_services,2sfca,91.43324176191257
000056,CAIRNHILL,NEWTON,transport_services,2sfca,102.30821547756311
000057,CLEMENTI WEST,CLEMENTI,transport_services,2sfca,140.7853577513139
000058,MONK'S HILL,NEWTON,transport_services,2sfca,106.9772889362769
000059,SIGLAP,BEDOK,transport_services,2sfca,190.2956279237345
000060,CLEMENTI WOODS,CLEMENTI,transport_services,2sfca,131.66779842350417
000061,PIONEER SECTOR,PIONEER,transport_services,2sfca,161.44547478665126
000062,PENJURU CRESCENT,JURONG EAST,transport_services,2sfca,65.45107271444503
000063,ORANGE GROVE,NEWTON,transport_services,2sfca,95.36610732707354
000064,KAMPONG BUGIS,KALLANG,transport_services,2sfca,0.0
000065,KENT RIDGE,QUEENSTOWN,transport_services,2sfca,71.64658845441107
000066,ALEXANDRA NORTH,BUKIT MERAH,transport_services,2sfca,96.36008814779146
000067,TANGLIN HALT,QUEENSTOWN,transport_services,2sfca,108.4648453763931
000068,MACKENZIE,ROCHOR,transport_services,2sfca,99.90664372749889
000069,SUNGEI ROAD,ROCHOR,transport_services,2sfca,108.04923710286042
000070,ONE NORTH,QUEENSTOWN,transport_services,2sfca,128.63620073194926
000071,TANJONG RHU,KALLANG,transport_services,2sfca,108.37462946682548
000072,KATONG,MARINE PARADE,transport_services,2sfca,177.64490892550387
000073,BOULEVARD,ORCHARD,transport_services,2sfca,105.39077178526802
000074,ISTANA NEGARA,NEWTON,transport_services,2sfca,78.67360244630788
000075,LITTLE INDIA,ROCHOR,transport_services,2sfca,104.91533930177626
000076,GUL BASIN,PIONEER,transport_services,2sfca,172.45112462357045
000077,MARINA CENTRE,DOWNTOWN CORE,transport_services,2sfca,82.65326837269939
000078,BRAS BASAH,MUSEUM,transport_services,2sfca,90.78723909261363
000079,SOMERSET,ORCHARD,transport_services,2sfca,93.6736933032533
000080,BENCOOLEN,ROCHOR,transport_services,2sfca,92.4700356535694
000081,CHATSWORTH,TANGLIN,transport_services,2sfca,100.47336751451084
000082,KAMPONG GLAM,ROCHOR,transport_services,2sfca,104.44038598765387
000083,SELEGIE,ROCHOR,transport_services,2sfca,96.72937263407367
000084,MOUNT EMILY,ROCHOR,transport_services,2sfca,86.9196716521137
000085,ROCHOR CANAL,ROCHOR,transport_services,2sfca,100.1274015867648
000086,MARGARET DRIVE,QUEENSTOWN,transport_services,2sfca,104.11643270456108
000087,OXLEY,RIVER VALLEY,transport_services,2sfca,88.73664955258822
000088,CITY HALL,DOWNTOWN CORE,transport_services,2sfca,85.88092928196764
000089,MEI CHIN,QUEENSTOWN,transport_services,2sfca,100.05804955299517
000090,LEONIE HILL,RIVER VALLEY,transport_services,2sfca,96.14601627813228
000091,PORT,QUEENSTOWN,transport_services,2sfca,87.54135536757403
000092,DHOBY GHAUT,MUSEUM,transport_services,2sfca,94.22419843064631
000093,MACPHERSON,GEYLANG,transport_services,2sfca,176.5712044935679
000094,KIM KEAT,TOA PAYOH,transport_services,2sfca,100.44467808283527
000095,BEDOK NORTH,BEDOK,transport_services,2sfca,310.7236798883104
000096,TOA PAYOH CENTRAL,TOA PAYOH,transport_services,2sfca,112.49786730983544
000097,JURONG GATEWAY,JURONG EAST,transport_services,2sfca,167.37610111668064
000098,HOLLAND ROAD,BUKIT TIMAH,transport_services,2sfca,99.55140626694103
000099,KAMPONG UBI,GEYLANG,transport_services,2sfca,213.17245222675018
000100,SENNETT,TOA PAYOH,transport_services,2sfca,154.30694946028814
000101,POTONG PASIR,TOA PAYOH,transport_services,2sfca,135.40058550707204
000102,TUAS NORTH,TUAS,transport_services,2sfca,226.70704981293215
000103,PEI CHUN,TOA PAYOH,transport_services,2sfca,138.525587426877
000104,BOON TECK,TOA PAYOH,transport_services,2sfca,115.82555496130232
000105,KIAN TECK,JURONG WEST,transport_services,2sfca,239.06592007741452
000106,SAFTI,JURONG WEST,transport_services,2sfca,215.6228372901384
000107,FARRER PARK,ROCHOR,transport_services,2sfca,106.6725032733236
000108,NEWTON CIRCUS,NEWTON,transport_services,2sfca,110.78699829995851
000109,JURONG PORT,JURONG EAST,transport_services,2sfca,0.0
000110,ANG MO KIO TOWN CENTRE,ANG MO KIO,transport_services,2sfca,152.02911925303903
000111,KEBUN BAHRU,ANG MO KIO,transport_services,2sfca,115.90635654453544
000112,SERANGOON NORTH IND ESTATE,SERANGOON,transport_services,2sfca,197.92888056419588
000113,TENGAH INDUSTRIAL ESTATE,TENGAH,transport_services,2sfca,106.76551725553404
000114,SAMULUN,BOON LAY,transport_services,2sfca,152.7932481317459
000115,SHIPYARD,BOON LAY,transport_services,2sfca,149.7924998962689
000116,GHIM MOH,QUEENSTOWN,transport_services,2sfca,112.24900262256203
000117,LAVENDER,KALLANG,transport_services,2sfca,127.6187331056443
000118,FRANKEL,BEDOK,transport_services,2sfca,227.22468474341554
000119,CLEMENTI NORTH,CLEMENTI,transport_services,2sfca,168.83135421012184
000120,LEEDON PARK,BUKIT TIMAH,transport_services,2sfca,101.6232453603557
000121,GEYLANG EAST,GEYLANG,transport_services,2sfca,209.12340225576108
000122,TEBAN GARDENS,JURONG EAST,transport_services,2sfca,161.01542461946948
000123,JURONG RIVER,JURONG EAST,transport_services,2sfca,121.57969368663663
000124,GEYLANG BAHRU,KALLANG,transport_services,2sfca,156.21384333997744
000125,GOODWOOD PARK,NEWTON,transport_services,2sfca,80.38651622062972
000126,PANDAN,CLEMENTI,transport_services,2sfca,132.545992380061
000127,SINGAPORE POLYTECHNIC,QUEENSTOWN,transport_services,2sfca,156.0774357248377
000128,CLEMENTI CENTRAL,CLEMENTI,transport_services,2sfca,172.0478967164245
000129,KAMPONG JAVA,KALLANG,transport_services,2sfca,106.81539630518063
000130,BOON KENG,KALLANG,transport_services,2sfca,151.53512097917303
000131,KALLANG BAHRU,KALLANG,transport_services,2sfca,133.0602111657584
000132,ULU PANDAN,BUKIT TIMAH,transport_services,2sfca,116.68895862498545
000133,FARRER COURT,BUKIT TIMAH,transport_services,2sfca,80.42209187668041
000134,NASSIM,TANGLIN,transport_services,2sfca,66.12870393314104
000135,WEST COAST,CLEMENTI,transport_services,2sfca,143.4636027582135
000136,BAYSHORE,BEDOK,transport_services,2sfca,160.4765306588836
000137,BENOI SECTOR,PIONEER,transport_services,2sfca,231.20288561500567
000138,GUL CIRCLE,PIONEER,transport_services,2sfca,215.61436606049608
000139,TYERSALL,TANGLIN,transport_services,2sfca,69.46040801865368
000140,MOULMEIN,NOVENA,transport_services,2sfca,109.20528272280082
000141,LIU FANG,BOON LAY,transport_services,2sfca,188.22981935726406
000142,TANGLIN,ORCHARD,transport_services,2sfca,101.61607457512154
000143,MARINE PARADE,MARINE PARADE,transport_services,2sfca,164.57205057779876
000144,JOO KOON,PIONEER,transport_services,2sfca,270.0703551317739
000145,KALLANG WAY,GEYLANG,transport_services,2sfca,155.51737914184008
000146,INTERNATIONAL BUSINESS PARK,JURONG EAST,transport_services,2sfca,0.0
000147,TUKANG,BOON LAY,transport_services,2sfca,223.5389755139444
000148,CORONATION ROAD,BUKIT TIMAH,transport_services,2sfca,70.42833662470251
000149,KEMBANGAN,BEDOK,transport_services,2sfca,235.15068212180606
000150,DUNEARN,NOVENA,transport_services,2sfca,74.82763535855645
000151,SUNSET WAY,CLEMENTI,transport_services,2sfca,108.81303411939776
000152,ANAK BUKIT,BUKIT TIMAH,transport_services,2sfca,118.99650633641954
000153,SWISS CLUB,BUKIT TIMAH,transport_services,2sfca,0.0
000154,XILIN,TAMPINES,transport_services,2sfca,235.14245623657388
000155,FABER,CLEMENTI,transport_services,2sfca,146.39309903189667
000156,MALCOLM,NOVENA,transport_services,2sfca,90.22753224933543
000157,BEDOK SOUTH,BEDOK,transport_services,2sfca,258.32201564517356
000158,DEFU INDUSTRIAL PARK,HOUGANG,transport_services,2sfca,158.70919565523954
000159,CHANGI BAY,CHANGI BAY,transport_services,2sfca,34.666666666666664
000160,PAYA LEBAR EAST,PAYA LEBAR,transport_services,2sfca,183.96165037637232
000161,HONG KAH NORTH,BUKIT BATOK,transport_services,2sfca,169.8089002251534
000162,KOVAN,HOUGANG,transport_services,2sfca,154.58027483602402
000163,CHONG BOON,ANG MO KIO,transport_services,2sfca,179.88765985983278
000164,SERANGOON GARDEN,SERANGOON,transport_services,2sfca,170.28299894115096
000165,HOUGANG CENTRAL,HOUGANG,transport_services,2sfca,170.66363108665416
000166,LOYANG EAST,PASIR RIS,transport_services,2sfca,235.03484619955208
000167,DAIRY FARM,BUKIT PANJANG,transport_services,2sfca,133.05098321060342
000168,PASIR RIS DRIVE,PASIR RIS,transport_services,2sfca,260.75369058186396
000169,TAMPINES NORTH,TAMPINES,transport_services,2sfca,178.80448345370945
000170,CHENG SAN,ANG MO KIO,transport_services,2sfca,169.6374348589522
000171,SEMBAWANG HILLS,ANG MO KIO,transport_services,2sfca,118.14597872895853
000172,JELEBU,BUKIT PANJANG,transport_services,2sfca,142.06084888652032
000173,KEAT HONG,CHOA CHU KANG,transport_services,2sfca,167.6230174577289
000174,BENDEMEER,KALLANG,transport_services,2sfca,117.16227446771363
000175,BALESTIER,NOVENA,transport_services,2sfca,105.77597189987652
000176,TUAS PROMENADE,TUAS,transport_services,2sfca,177.53939393939393
000177,SERANGOON CENTRAL,SERANGOON,transport_services,2sfca,176.36164752668228
000178,BISHAN EAST,BISHAN,transport_services,2sfca,140.03775117085476
000179,TAMPINES WEST,TAMPINES,transport_services,2sfca,302.6224517451708
000180,BRICKWORKS,BUKIT BATOK,transport_services,2sfca,116.44429747993517
000181,SERANGOON NORTH,SERANGOON,transport_services,2sfca,183.6772154317761
000182,GUILIN,BUKIT BATOK,transport_services,2sfca,158.17016664803344
000183,WENYA,JURONG WEST,transport_services,2sfca,141.2791540849612
000184,NATURE RESERVE,BUKIT PANJANG,transport_services,2sfca,74.0573575085316
000185,TAMPINES EAST,TAMPINES,transport_services,2sfca,328.6961814243548
000186,LORONG AH SOO,HOUGANG,transport_services,2sfca,118.47732486930333
000187,FLORA DRIVE,PASIR RIS,transport_services,2sfca,291.04852907670244
000188,HILLVIEW,BUKIT BATOK,transport_services,2sfca,90.96891863369936
000189,TOH TUCK,CLEMENTI,transport_services,2sfca,150.31383929512205
000190,MOUNT PLEASANT,NOVENA,transport_services,2sfca,81.4234353563493
000191,HILLCREST,BUKIT TIMAH,transport_services,2sfca,45.17517833345394
000192,JOO SENG,TOA PAYOH,transport_services,2sfca,157.53301447348468
000193,CHIN BEE,JURONG WEST,transport_services,2sfca,210.2730045684072
000194,LORONG 8 TOA PAYOH,TOA PAYOH,transport_services,2sfca,144.8578770330698
000195,TOH GUAN,JURONG EAST,transport_services,2sfca,160.4685289263786
000196,SIMEI,TAMPINES,transport_services,2sfca,263.53977199271316
000197,BOON LAY PLACE,JURONG WEST,transport_services,2sfca,218.8964524169229
000198,BUKIT BATOK EAST,BUKIT BATOK,transport_services,2sfca,147.7252510444311
000199,BUKIT BATOK WEST,BUKIT BATOK,transport_services,2sfca,137.25622365021374
000200,BUKIT BATOK CENTRAL,BUKIT BATOK,transport_services,2sfca,152.82768497258652
000201,UPPER PAYA LEBAR,SERANGOON,transport_services,2sfca,158.54749819782086
000202,TAI SENG,HOUGANG,transport_services,2sfca,155.22269470300145
000203,TENGEH,TUAS,transport_services,2sfca,203.56585767174002
000204,YUHUA WEST,JURONG EAST,transport_services,2sfca,177.76037558369129
000205,BRADDELL,TOA PAYOH,transport_services,2sfca,117.71445327789955
000206,BIDADARI,TOA PAYOH,transport_services,2sfca,151.6469346249072
000207,WOODLEIGH,TOA PAYOH,transport_services,2sfca,149.5367574227053
000208,TAMAN JURONG,JURONG WEST,transport_services,2sfca,188.82888774678807
000209,LAKESIDE (LEISURE),JURONG EAST,transport_services,2sfca,154.12072181610694
000210,TOA PAYOH WEST,TOA PAYOH,transport_services,2sfca,122.44195553360765
000211,KAKI BUKIT,BEDOK,transport_services,2sfca,202.32323398642336
000212,YUHUA EAST,JURONG EAST,transport_services,2sfca,168.06007270231763
000213,BUKIT BATOK SOUTH,BUKIT BATOK,transport_services,2sfca,138.38994124741305
000214,JURONG WEST CENTRAL,JURONG WEST,transport_services,2sfca,235.95325965470244
000215,BEDOK RESERVOIR,BEDOK,transport_services,2sfca,297.16613027911524
000216,LOWER SELETAR,YISHUN,transport_services,2sfca,92.994548968777
000217,NORTHSHORE,PUNGGOL,transport_services,2sfca,79.19591969089224
000218,MANDAI ESTATE,MANDAI,transport_services,2sfca,148.12313795894357
000219,YISHUN CENTRAL,YISHUN,transport_services,2sfca,118.42740225330076
000220,PASIR RIS CENTRAL,PASIR RIS,transport_services,2sfca,231.47632642555243
000221,GOMBAK,BUKIT BATOK,transport_services,2sfca,159.59426973486353
000222,PAYA LEBAR NORTH,PAYA LEBAR,transport_services,2sfca,157.26403282189494
000223,HOUGANG EAST,HOUGANG,transport_services,2sfca,183.66728226649374
000224,LORONG HALUS,HOUGANG,transport_services,2sfca,118.80531170043432
000225,KANGKAR,HOUGANG,transport_services,2sfca,175.20894541752563
000226,CHANGI WEST,CHANGI,transport_services,2sfca,205.96658831364715
000227,HOLLAND DRIVE,QUEENSTOWN,transport_services,2sfca,120.56154138854944
000228,HOUGANG WEST,HOUGANG,transport_services,2sfca,190.14088055349998
000229,PAYA LEBAR WEST,PAYA LEBAR,transport_services,2sfca,161.21079354421502
000230,BANGKIT,BUKIT PANJANG,transport_services,2sfca,133.98583894416757
000231,LORONG HALUS NORTH,SENGKANG,transport_services,2sfca,186.56608334804625
000232,PENG SIANG,CHOA CHU KANG,transport_services,2sfca,152.4448311269286
000233,PASIR RIS WEST,PASIR RIS,transport_services,2sfca,179.101634129121
000234,YIO CHU KANG WEST,ANG MO KIO,transport_services,2sfca,121.7164978643335
000235,CHANGI POINT,CHANGI,transport_services,2sfca,155.8100363688599
000236,SENGKANG TOWN CENTRE,SENGKANG,transport_services,2sfca,168.303667962899
000237,ANCHORVALE,SENGKANG,transport_services,2sfca,160.32183314244537
000238,SENGKANG WEST,SENGKANG,transport_services,2sfca,104.32988135505627
000239,FERNVALE,SENGKANG,transport_services,2sfca,146.4091441005445
000240,PUNGGOL FIELD,PUNGGOL,transport_services,2sfca,141.434389084858
000241,YEW TEE,CHOA CHU KANG,transport_services,2sfca,162.01532763840058
000242,PASIR RIS WAFER FAB PARK,PASIR RIS,transport_services,2sfca,104.88120055069005
000243,TRAFALGAR,HOUGANG,transport_services,2sfca,193.89688946091553
000244,TECK WHYE,CHOA CHU KANG,transport_services,2sfca,154.5958130691263
000245,CHOA CHU KANG CENTRAL,CHOA CHU KANG,transport_services,2sfca,149.52958336182004
000246,FAJAR,BUKIT PANJANG,transport_services,2sfca,115.46298866256576
000247,SENJA,BUKIT PANJANG,transport_services,2sfca,150.02794462381095
000248,SAUJANA,BUKIT PANJANG,transport_services,2sfca,135.35060047948383
000249,SELETAR HILLS,SERANGOON,transport_services,2sfca,124.28524185475571
000250,COMPASSVALE,SENGKANG,transport_services,2sfca,185.77757801684447
000251,YIO CHU KANG EAST,ANG MO KIO,transport_services,2sfca,103.22605611892293
000252,YIO CHU KANG,ANG MO KIO,transport_services,2sfca,131.8271215859527
000253,LOYANG WEST,PASIR RIS,transport_services,2sfca,217.39311864605983
000254,TAGORE,ANG MO KIO,transport_services,2sfca,91.3946763692699
000255,PASIR RIS PARK,PASIR RIS,transport_services,2sfca,204.76473509290847
000256,CHOA CHU KANG NORTH,CHOA CHU KANG,transport_services,2sfca,159.7766359728339
000257,RIVERVALE,SENGKANG,transport_services,2sfca,176.71105243610387
000258,YIO CHU KANG NORTH,ANG MO KIO,transport_services,2sfca,142.78404903776678
000259,YUNNAN,JURONG WEST,transport_services,2sfca,230.37953292653887
000260,LORONG CHUAN,SERANGOON,transport_services,2sfca,148.85802795164554
000261,HONG KAH,JURONG WEST,transport_services,2sfca,173.08685535158676
000262,SELETAR,SELETAR,transport_services,2sfca,117.78566799540886
000263,PANG SUA,SUNGEI KADUT,transport_services,2sfca,132.29722805424785
000264,SELETAR AEROSPACE PARK,SELETAR,transport_services,2sfca,60.81842112131676
000265,KHATIB,YISHUN,transport_services,2sfca,122.90512641065878
000266,MANDAI WEST,MANDAI,transport_services,2sfca,19.935708735708737
000267,CONEY ISLAND,PUNGGOL,transport_services,2sfca,102.23442167079929
000268,YISHUN SOUTH,YISHUN,transport_services,2sfca,114.7560659059461
000269,RESERVOIR VIEW,SUNGEI KADUT,transport_services,2sfca,97.45965967297236
000270,WOODLANDS EAST,WOODLANDS,transport_services,2sfca,203.29332937743223
000271,SEMBAWANG CENTRAL,SEMBAWANG,transport_services,2sfca,184.79685753142476
000272,GREENWOOD PARK,WOODLANDS,transport_services,2sfca,174.95180047902622
000273,SEMBAWANG EAST,SEMBAWANG,transport_services,2sfca,162.05782123232655
000274,SENOKO WEST,WOODLANDS,transport_services,2sfca,176.91750733226033
000275,MATILDA,PUNGGOL,transport_services,2sfca,144.9920955037116
000276,WATERWAY EAST,PUNGGOL,transport_services,2sfca,101.938125374503
000277,GALI BATU,SUNGEI KADUT,transport_services,2sfca,158.89495223054888
000278,CRAWFORD,KALLANG,transport_services,2sfca,108.81151623708342
000279,TUAS BAY,TUAS,transport_services,2sfca,235.93932733932735
000280,TUAS VIEW,TUAS,transport_services,2sfca,129.03982683982684
000281,BAHAR,WESTERN WATER CATCHMENT,transport_services,2sfca,140.81149407180368
000282,CLEANTECH,WESTERN WATER CATCHMENT,transport_services,2sfca,0.0
000283,LAKESIDE (BUSINESS),JURONG EAST,transport_services,2sfca,152.02256381834417
000284,PARK,TENGAH,transport_services,2sfca,117.60643456016429
000285,BRICKLAND,TENGAH,transport_services,2sfca,182.27053752974476
000286,FOREST HILL,TENGAH,transport_services,2sfca,116.89256809280421
000287,PLANTATION,TENGAH,transport_services,2sfca,125.79255818569217
000288,GARDEN,TENGAH,transport_services,2sfca,125.91786393793247
000289,AIRPORT ROAD,PAYA LEBAR,transport_services,2sfca,138.82235614592093
000290,NORTH COAST,WOODLANDS,transport_services,2sfca,158.82267884043088
000291,SPRINGLEAF,YISHUN,transport_services,2sfca,98.6597640979442
000292,PUNGGOL TOWN CENTRE,PUNGGOL,transport_services,2sfca,116.3658735423425
000293,PUNGGOL CANAL,PUNGGOL,transport_services,2sfca,0.0
000294,CENTRAL WATER CATCHMENT,CENTRAL WATER CATCHMENT,transport_services,2sfca,79.28579863802908
000295,SEMBAWANG STRAITS,SEMBAWANG,transport_services,2sfca,56.56001292914471
000296,THE WHARVES,SEMBAWANG,transport_services,2sfca,104.99545470308695
000297,SENOKO NORTH,SEMBAWANG,transport_services,2sfca,141.78305338041508
000298,CHANGI AIRPORT,CHANGI,transport_services,2sfca,24.0
000299,PEOPLE'S PARK,OUTRAM,transport_services,2sfca,79.14577003521283
000300,MOUNTBATTEN,MARINE PARADE,transport_services,2sfca,139.76023258456092
000301,ALJUNIED,GEYLANG,transport_services,2sfca,176.81024380428676
000302,PULAU PUNGGOL TIMOR,SELETAR,transport_services,2sfca,20.895864545459375
000303,TURF CLUB,SUNGEI KADUT,transport_services,2sfca,143.7880828150178
000304,WOODLANDS SOUTH,WOODLANDS,transport_services,2sfca,173.5920245842012
000305,WOODGROVE,WOODLANDS,transport_services,2sfca,154.65485742686442
000306,YISHUN EAST,YISHUN,transport_services,2sfca,106.18930377918397
000307,MURAI,WESTERN WATER CATCHMENT,transport_services,2sfca,174.98295622506149
000308,PULAU PUNGGOL BARAT,SELETAR,transport_services,2sfca,14.934733893557423
000309,PULAU SELETAR,SIMPANG,transport_services,2sfca,38.22531722327119
000310,ADMIRALTY,SEMBAWANG,transport_services,2sfca,84.77794032891623
000311,LIM CHU KANG,LIM CHU KANG,transport_services,2sfca,238.8
000312,SIMPANG NORTH,SIMPANG,transport_services,2sfca,115.12669102782174
000313,SENOKO SOUTH,SEMBAWANG,transport_services,2sfca,175.80876110772462
000314,SEMBAWANG NORTH,SEMBAWANG,transport_services,2sfca,148.33691128572002
000315,TANJONG IRAU,SIMPANG,transport_services,2sfca,36.006897485338726
000316,YISHUN WEST,YISHUN,transport_services,2sfca,150.08271659839838
000317,WOODLANDS REGIONAL CENTRE,WOODLANDS,transport_services,2sfca,178.77843023042377
000318,NORTH-EASTERN ISLANDS,NORTH-EASTERN ISLANDS,transport_services,2sfca,103.98961038961039
000319,SIMPANG SOUTH,SIMPANG,transport_services,2sfca,104.07818867661108
000320,NORTHLAND,YISHUN,transport_services,2sfca,128.49673536257194
000321,MIDVIEW,WOODLANDS,transport_services,2sfca,182.70783760742032
000322,WOODLANDS WEST,WOODLANDS,transport_services,2sfca,165.89766569530738
000323,SEMBAWANG SPRINGS,SEMBAWANG,transport_services,2sfca,187.35316118649004
000324,KRANJI,SUNGEI KADUT,transport_services,2sfca,85.25459751806501
000325,PLAB,PAYA LEBAR,transport_services,2sfca,147.84378546169197
000326,MANDAI EAST,MANDAI,transport_services,2sfca,201.33467495995427
000327,NEE SOON,YISHUN,transport_services,2sfca,100.03518561485178
000328,UPPER THOMSON,BISHAN,transport_services,2sfca,103.2177428780409
000329,SHANGRI-LA,ANG MO KIO,transport_services,2sfca,128.86019215839733
000330,TOWNSVILLE,ANG MO KIO,transport_services,2sfca,158.92294607475594
000331,MARYMOUNT,BISHAN,transport_services,2sfca,135.591527663482
000332,TUAS VIEW EXTENSION,TUAS,transport_services,2sfca,34.0
000001,DEPOT ROAD,BUKIT MERAH,transport_services,cumulative,545.0
000002,BUKIT MERAH,BUKIT MERAH,transport_services,cumulative,625.0
000003,CHINATOWN,OUTRAM,transport_services,cumulative,640.0
000004,PHILLIP,DOWNTOWN CORE,transport_services,cumulative,678.0
000005,RAFFLES PLACE,DOWNTOWN CORE,transport_services,cumulative,638.0
000006,CHINA SQUARE,OUTRAM,transport_services,cumulative,674.0
000007,TIONG BAHRU,BUKIT MERAH,transport_services,cumulative,675.0
000008,BAYFRONT SUBZONE,DOWNTOWN CORE,transport_services,cumulative,559.0
000009,TIONG BAHRU STATION,BUKIT MERAH,transport_services,cumulative,656.0
000010,CLIFFORD PIER,DOWNTOWN CORE,transport_services,cumulative,652.0
000011,MARINA SOUTH,MARINA SOUTH,transport_services,cumulative,337.0
000012,NICOLL,DOWNTOWN CORE,transport_services,cumulative,733.0
000013,MARINA EAST,MARINA EAST,transport_services,cumulative,509.0
000014,INSTITUTION HILL,RIVER VALLEY,transport_services,cumulative,731.0
000015,ROBERTSON QUAY,SINGAPORE RIVER,transport_services,cumulative,724.0
000016,JURONG ISLAND AND BUKOM,WESTERN ISLANDS,transport_services,cumulative,2.0
000017,FORT CANNING,MUSEUM,transport_services,cumulative,660.0
000018,PEARL'S HILL,OUTRAM,transport_services,cumulative,688.0
000019,BOAT QUAY,SINGAPORE RIVER,transport_services,cumulative,697.0
000020,HENDERSON HILL,BUKIT MERAH,transport_services,cumulative,673.0
000021,REDHILL,BUKIT MERAH,transport_services,cumulative,645.0
000022,ALEXANDRA HILL,BUKIT MERAH,transport_services,cumulative,567.0
000023,BUKIT HO SWEE,BUKIT MERAH,transport_services,cumulative,720.0
000024,CLARKE QUAY,SINGAPORE RIVER,transport_services,cumulative,690.0
000025,PASIR PANJANG 1,QUEENSTOWN,transport_services,cumulative,283.0
000026,QUEENSWAY,QUEENSTOWN,transport_services,cumulative,457.0
000027,MARINA EAST (MP),MARINE PARADE,transport_services,cumulative,461.0
000028,SUDONG,WESTERN ISLANDS,transport_services,cumulative,0.0
000029,SEMAKAU,WESTERN ISLANDS,transport_services,cumulative,344.0
000030,SOUTHERN GROUP,SOUTHERN ISLANDS,transport_services,cumulative,306.0
000031,SENTOSA,SOUTHERN ISLANDS,transport_services,cumulative,306.0
000032,CITY TERMINALS,BUKIT MERAH,transport_services,cumulative,544.0
000033,ANSON,DOWNTOWN CORE,transport_services,cumulative,580.0
000034,STRAITS VIEW,STRAITS VIEW,transport_services,cumulative,384.0
000035,MARITIME SQUARE,BUKIT MERAH,transport_services,cumulative,412.0
000036,TELOK BLANGAH RISE,BUKIT MERAH,transport_services,cumulative,515.0
000037,TANJONG PAGAR,DOWNTOWN CORE,transport_services,cumulative,571.0
000038,EVERTON PARK,BUKIT MERAH,transport_services,cumulative,590.0
000039,TELOK BLANGAH WAY,BUKIT MERAH,transport_services,cumulative,516.0
000040,MAXWELL,DOWNTOWN CORE,transport_services,cumulative,616.0
000041,CECIL,DOWNTOWN CORE,transport_services,cumulative,578.0
000042,KAMPONG TIONG BAHRU,BUKIT MERAH,transport_services,cumulative,629.0
000043,TELOK BLANGAH DRIVE,BUKIT MERAH,transport_services,cumulative,407.0
000044,PASIR PANJANG 2,QUEENSTOWN,transport_services,cumulative,369.0
000045,CENTRAL SUBZONE,DOWNTOWN CORE,transport_services,cumulative,478.0
000046,SINGAPORE GENERAL HOSPITAL,BUKIT MERAH,transport_services,cumulative,657.0
000047,BUGIS,DOWNTOWN CORE,transport_services,cumulative,769.0
000048,VICTORIA,ROCHOR,transport_services,cumulative,770.0
000049,PATERSON,RIVER VALLEY,transport_services,cumulative,786.0
000050,EAST COAST,MARINE PARADE,transport_services,cumulative,368.0
000051,NATIONAL UNIVERSITY OF S'PORE,QUEENSTOWN,transport_services,cumulative,326.0
000052,ONE TREE HILL,RIVER VALLEY,transport_services,cumulative,770.0
000053,COMMONWEALTH,QUEENSTOWN,transport_services,cumulative,512.0
000054,DOVER,QUEENSTOWN,transport_services,cumulative,465.0
000055,RIDOUT,TANGLIN,transport_services,cumulative,545.0
000056,CAIRNHILL,NEWTON,transport_services,cumulative,808.0
000057,CLEMENTI WEST,CLEMENTI,transport_services,cumulative,413.0
000058,MONK'S HILL,NEWTON,transport_services,cumulative,835.0
000059,SIGLAP,BEDOK,transport_services,cumulative,352.0
000060,CLEMENTI WOODS,CLEMENTI,transport_services,cumulative,382.0
000061,PIONEER SECTOR,PIONEER,transport_services,cumulative,209.0
000062,PENJURU CRESCENT,JURONG EAST,transport_services,cumulative,158.0
000063,ORANGE GROVE,NEWTON,transport_services,cumulative,742.0
000064,KAMPONG BUGIS,KALLANG,transport_services,cumulative,0.0
000065,KENT RIDGE,QUEENSTOWN,transport_services,cumulative,364.0
000066,ALEXANDRA NORTH,BUKIT MERAH,transport_services,cumulative,685.0
000067,TANGLIN HALT,QUEENSTOWN,transport_services,cumulative,506.0
000068,MACKENZIE,ROCHOR,transport_services,cumulative,793.0
000069,SUNGEI ROAD,ROCHOR,transport_services,cumulative,820.0
000070,ONE NORTH,QUEENSTOWN,transport_services,cumulative,505.0
000071,TANJONG RHU,KALLANG,transport_services,cumulative,595.0
000072,KATONG,MARINE PARADE,transport_services,cumulative,519.0
000073,BOULEVARD,ORCHARD,transport_services,cumulative,821.0
000074,ISTANA NEGARA,NEWTON,transport_services,cumulative,680.0
000075,LITTLE INDIA,ROCHOR,transport_services,cumulative,814.0
000076,GUL BASIN,PIONEER,transport_services,cumulative,255.0
000077,MARINA CENTRE,DOWNTOWN CORE,transport_services,cumulative,653.0
000078,BRAS BASAH,MUSEUM,transport_services,cumulative,760.0
000079,SOMERSET,ORCHARD,transport_services,cumulative,780.0
000080,BENCOOLEN,ROCHOR,transport_services,cumulative,768.0
000081,CHATSWORTH,TANGLIN,transport_services,cumulative,748.0
000082,KAMPONG GLAM,ROCHOR,transport_services,cumulative,787.0
000083,SELEGIE,ROCHOR,transport_services,cumulative,791.0
000084,MOUNT EMILY,ROCHOR,transport_services,cumulative,733.0
000085,ROCHOR CANAL,ROCHOR,transport_services,cumulative,772.0
000086,MARGARET DRIVE,QUEENSTOWN,transport_services,cumulative,591.0
000087,OXLEY,RIVER VALLEY,transport_services,cumulative,753.0
000088,CITY HALL,DOWNTOWN CORE,transport_services,cumulative,713.0
000089,MEI CHIN,QUEENSTOWN,transport_services,cumulative,518.0
000090,LEONIE HILL,RIVER VALLEY,transport_services,cumulative,781.0
000091,PORT,QUEENSTOWN,transport_services,cumulative,288.0
000092,DHOBY GHAUT,MUSEUM,transport_services,cumulative,789.0
000093,MACPHERSON,GEYLANG,transport_services,cumulative,773.0
000094,KIM KEAT,TOA PAYOH,transport_services,cumulative,561.0
000095,BEDOK NORTH,BEDOK,transport_services,cumulative,525.0
000096,TOA PAYOH CENTRAL,TOA PAYOH,transport_services,cumulative,663.0
000097,JURONG GATEWAY,JURONG EAST,transport_services,cumulative,531.0
000098,HOLLAND ROAD,BUKIT TIMAH,transport_services,cumulative,354.0
000099,KAMPONG UBI,GEYLANG,transport_services,cumulative,691.0
000100,SENNETT,TOA PAYOH,transport_services,cumulative,825.0
000101,POTONG PASIR,TOA PAYOH,transport_services,cumulative,777.0
000102,TUAS NORTH,TUAS,transport_services,cumulative,239.0
000103,PEI CHUN,TOA PAYOH,transport_services,cumulative,733.0
000104,BOON TECK,TOA PAYOH,transport_services,cumulative,622.0
000105,KIAN TECK,JURONG WEST,transport_services,cumulative,488.0
000106,SAFTI,JURONG WEST,transport_services,cumulative,385.0
000107,FARRER PARK,ROCHOR,transport_services,cumulative,821.0
000108,NEWTON CIRCUS,NEWTON,transport_services,cumulative,835.0
000109,JURONG PORT,JURONG EAST,transport_services,cumulative,0.0
000110,ANG MO KIO TOWN CENTRE,ANG MO KIO,transport_services,cumulative,526.0
000111,KEBUN BAHRU,ANG MO KIO,transport_services,cumulative,352.0
000112,SERANGOON NORTH IND ESTATE,SERANGOON,transport_services,cumulative,701.0
000113,TENGAH INDUSTRIAL ESTATE,TENGAH,transport_services,cumulative,304.0
000114,SAMULUN,BOON LAY,transport_services,cumulative,308.0
000115,SHIPYARD,BOON LAY,transport_services,cumulative,290.0
000116,GHIM MOH,QUEENSTOWN,transport_services,cumulative,449.0
000117,LAVENDER,KALLANG,transport_services,cumulative,895.0
000118,FRANKEL,BEDOK,transport_services,cumulative,483.0
000119,CLEMENTI NORTH,CLEMENTI,transport_services,cumulative,531.0
000120,LEEDON PARK,BUKIT TIMAH,transport_services,cumulative,447.0
000121,GEYLANG EAST,GEYLANG,transport_services,cumulative,639.0
000122,TEBAN GARDENS,JURONG EAST,transport_services,cumulative,473.0
000123,JURONG RIVER,JURONG EAST,transport_services,cumulative,304.0
000124,GEYLANG BAHRU,KALLANG,transport_services,cumulative,881.0
000125,GOODWOOD PARK,NEWTON,transport_services,cumulative,645.0
000126,PANDAN,CLEMENTI,transport_services,cumulative,377.0
000127,SINGAPORE POLYTECHNIC,QUEENSTOWN,transport_services,cumulative,511.0
000128,CLEMENTI CENTRAL,CLEMENTI,transport_services,cumulative,526.0
000129,KAMPONG JAVA,KALLANG,transport_services,cumulative,799.0
000130,BOON KENG,KALLANG,transport_services,cumulative,844.0
000131,KALLANG BAHRU,KALLANG,transport_services,cumulative,842.0
000132,ULU PANDAN,BUKIT TIMAH,transport_services,cumulative,431.0
000133,FARRER COURT,BUKIT TIMAH,transport_services,cumulative,387.0
000134,NASSIM,TANGLIN,transport_services,cumulative,478.0
000135,WEST COAST,CLEMENTI,transport_services,cumulative,427.0
000136,BAYSHORE,BEDOK,transport_services,cumulative,235.0
000137,BENOI SECTOR,PIONEER,transport_services,cumulative,419.0
000138,GUL CIRCLE,PIONEER,transport_services,cumulative,301.0
000139,TYERSALL,TANGLIN,transport_services,cumulative,414.0
000140,MOULMEIN,NOVENA,transport_services,cumulative,775.0
000141,LIU FANG,BOON LAY,transport_services,cumulative,421.0
000142,TANGLIN,ORCHARD,transport_services,cumulative,772.0
000143,MARINE PARADE,MARINE PARADE,transport_services,cumulative,446.0
000144,JOO KOON,PIONEER,transport_services,cumulative,445.0
000145,KALLANG WAY,GEYLANG,transport_services,cumulative,804.0
000146,INTERNATIONAL BUSINESS PARK,JURONG EAST,transport_services,cumulative,0.0
000147,TUKANG,BOON LAY,transport_services,cumulative,510.0
000148,CORONATION ROAD,BUKIT TIMAH,transport_services,cumulative,299.0
000149,KEMBANGAN,BEDOK,transport_services,cumulative,514.0
000150,DUNEARN,NOVENA,transport_services,cumulative,429.0
000151,SUNSET WAY,CLEMENTI,transport_services,cumulative,344.0
000152,ANAK BUKIT,BUKIT TIMAH,transport_services,cumulative,389.0
000153,SWISS CLUB,BUKIT TIMAH,transport_services,cumulative,0.0
000154,XILIN,TAMPINES,transport_services,cumulative,281.0
000155,FABER,CLEMENTI,transport_services,cumulative,458.0
000156,MALCOLM,NOVENA,transport_services,cumulative,622.0
000157,BEDOK SOUTH,BEDOK,transport_services,cumulative,409.0
000158,DEFU INDUSTRIAL PARK,HOUGANG,transport_services,cumulative,633.0
000159,CHANGI BAY,CHANGI BAY,transport_services,cumulative,5.0
000160,PAYA LEBAR EAST,PAYA LEBAR,transport_services,cumulative,352.0
000161,HONG KAH NORTH,BUKIT BATOK,transport_services,cumulative,503.0
000162,KOVAN,HOUGANG,transport_services,cumulative,631.0
000163,CHONG BOON,ANG MO KIO,transport_services,cumulative,677.0
000164,SERANGOON GARDEN,SERANGOON,transport_services,cumulative,697.0
000165,HOUGANG CENTRAL,HOUGANG,transport_services,cumulative,632.0
000166,LOYANG EAST,PASIR RIS,transport_services,cumulative,350.0
000167,DAIRY FARM,BUKIT PANJANG,transport_services,cumulative,367.0
000168,PASIR RIS DRIVE,PASIR RIS,transport_services,cumulative,414.0
000169,TAMPINES NORTH,TAMPINES,transport_services,cumulative,323.0
000170,CHENG SAN,ANG MO KIO,transport_services,cumulative,595.0
000171,SEMBAWANG HILLS,ANG MO KIO,transport_services,cumulative,345.0
000172,JELEBU,BUKIT PANJANG,transport_services,cumulative,365.0
000173,KEAT HONG,CHOA CHU KANG,transport_services,cumulative,450.0
000174,BENDEMEER,KALLANG,transport_services,cumulative,760.0
000175,BALESTIER,NOVENA,transport_services,cumulative,709.0
000176,TUAS PROMENADE,TUAS,transport_services,cumulative,149.0
000177,SERANGOON CENTRAL,SERANGOON,transport_services,cumulative,788.0
000178,BISHAN EAST,BISHAN,transport_services,cumulative,601.0
000179,TAMPINES WEST,TAMPINES,transport_services,cumulative,513.0
000180,BRICKWORKS,BUKIT BATOK,transport_services,cumulative,391.0
000181,SERANGOON NORTH,SERANGOON,transport_services,cumulative,677.0
000182,GUILIN,BUKIT BATOK,transport_services,cumulative,491.0
000183,WENYA,JURONG WEST,transport_services,cumulative,353.0
000184,NATURE RESERVE,BUKIT PANJANG,transport_services,cumulative,228.0
000185,TAMPINES EAST,TAMPINES,transport_services,cumulative,519.0
000186,LORONG AH SOO,HOUGANG,transport_services,cumulative,520.0
000187,FLORA DRIVE,PASIR RIS,transport_services,cumulative,450.0
000188,HILLVIEW,BUKIT BATOK,transport_services,cumulative,277.0
000189,TOH TUCK,CLEMENTI,transport_services,cumulative,493.0
000190,MOUNT PLEASANT,NOVENA,transport_services,cumulative,427.0
000191,HILLCREST,BUKIT TIMAH,transport_services,cumulative,186.0
000192,JOO SENG,TOA PAYOH,transport_services,cumulative,723.0
000193,CHIN BEE,JURONG WEST,transport_services,cumulative,504.0
000194,LORONG 8 TOA PAYOH,TOA PAYOH,transport_services,cumulative,733.0
000195,TOH GUAN,JURONG EAST,transport_services,cumulative,519.0
000196,SIMEI,TAMPINES,transport_services,cumulative,413.0
000197,BOON LAY PLACE,JURONG WEST,transport_services,cumulative,478.0
000198,BUKIT BATOK EAST,BUKIT BATOK,transport_services,cumulative,479.0
000199,BUKIT BATOK WEST,BUKIT BATOK,transport_services,cumulative,451.0
000200,BUKIT BATOK CENTRAL,BUKIT BATOK,transport_services,cumulative,496.0
000201,UPPER PAYA LEBAR,SERANGOON,transport_services,cumulative,740.0
000202,TAI SENG,HOUGANG,transport_services,cumulative,636.0
000203,TENGEH,TUAS,transport_services,cumulative,216.0
000204,YUHUA WEST,JURONG EAST,transport_services,cumulative,536.0
000205,BRADDELL,TOA PAYOH,transport_services,cumulative,606.0
000206,BIDADARI,TOA PAYOH,transport_services,cumulative,759.0
000207,WOODLEIGH,TOA PAYOH,transport_services,cumulative,734.0
000208,TAMAN JURONG,JURONG WEST,transport_services,cumulative,494.0
000209,LAKESIDE (LEISURE),JURONG EAST,transport_services,cumulative,423.0
000210,TOA PAYOH WEST,TOA PAYOH,transport_services,cumulative,597.0
000211,KAKI BUKIT,BEDOK,transport_services,cumulative,558.0
000212,YUHUA EAST,JURONG EAST,transport_services,cumulative,532.0
000213,BUKIT BATOK SOUTH,BUKIT BATOK,transport_services,cumulative,463.0
000214,JURONG WEST CENTRAL,JURONG WEST,transport_services,cumulative,493.0
000215,BEDOK RESERVOIR,BEDOK,transport_services,cumulative,556.0
000216,LOWER SELETAR,YISHUN,transport_services,cumulative,191.0
000217,NORTHSHORE,PUNGGOL,transport_services,cumulative,204.0
000218,MANDAI ESTATE,MANDAI,transport_services,cumulative,339.0
000219,YISHUN CENTRAL,YISHUN,transport_services,cumulative,273.0
000220,PASIR RIS CENTRAL,PASIR RIS,transport_services,cumulative,391.0
000221,GOMBAK,BUKIT BATOK,transport_services,cumulative,444.0
000222,PAYA LEBAR NORTH,PAYA LEBAR,transport_services,cumulative,333.0
000223,HOUGANG EAST,HOUGANG,transport_services,cumulative,611.0
000224,LORONG HALUS,HOUGANG,transport_services,cumulative,439.0
000225,KANGKAR,HOUGANG,transport_services,cumulative,617.0
000226,CHANGI WEST,CHANGI,transport_services,cumulative,296.0
000227,HOLLAND DRIVE,QUEENSTOWN,transport_services,cumulative,527.0
000228,HOUGANG WEST,HOUGANG,transport_services,cumulative,671.0
000229,PAYA LEBAR WEST,PAYA LEBAR,transport_services,cumulative,486.0
000230,BANGKIT,BUKIT PANJANG,transport_services,cumulative,337.0
000231,LORONG HALUS NORTH,SENGKANG,transport_services,cumulative,515.0
000232,PENG SIANG,CHOA CHU KANG,transport_services,cumulative,373.0
000233,PASIR RIS WEST,PASIR RIS,transport_services,cumulative,322.0
000234,YIO CHU KANG WEST,ANG MO KIO,transport_services,cumulative,368.0
000235,CHANGI POINT,CHANGI,transport_services,cumulative,139.0
000236,SENGKANG TOWN CENTRE,SENGKANG,transport_services,cumulative,511.0
000237,ANCHORVALE,SENGKANG,transport_services,cumulative,484.0
000238,SENGKANG WEST,SENGKANG,transport_services,cumulative,331.0
000239,FERNVALE,SENGKANG,transport_services,cumulative,446.0
000240,PUNGGOL FIELD,PUNGGOL,transport_services,cumulative,391.0
000241,YEW TEE,CHOA CHU KANG,transport_services,cumulative,327.0
000242,PASIR RIS WAFER FAB PARK,PASIR RIS,transport_services,cumulative,237.0
000243,TRAFALGAR,HOUGANG,transport_services,cumulative,668.0
000244,TECK WHYE,CHOA CHU KANG,transport_services,cumulative,404.0
000245,CHOA CHU KANG CENTRAL,CHOA CHU KANG,transport_services,cumulative,365.0
000246,FAJAR,BUKIT PANJANG,transport_services,cumulative,288.0
000247,SENJA,BUKIT PANJANG,transport_services,cumulative,359.0
000248,SAUJANA,BUKIT PANJANG,transport_services,cumulative,335.0
000249,SELETAR HILLS,SERANGOON,transport_services,cumulative,402.0
000250,COMPASSVALE,SENGKANG,transport_services,cumulative,596.0
000251,YIO CHU KANG EAST,ANG MO KIO,transport_services,cumulative,304.0
000252,YIO CHU KANG,ANG MO KIO,transport_services,cumulative,386.0
000253,LOYANG WEST,PASIR RIS,transport_services,cumulative,299.0
000254,TAGORE,ANG MO KIO,transport_services,cumulative,236.0
000255,PASIR RIS PARK,PASIR RIS,transport_services,cumulative,343.0
000256,CHOA CHU KANG NORTH,CHOA CHU KANG,transport_services,cumulative,354.0
000257,RIVERVALE,SENGKANG,transport_services,cumulative,519.0
000258,YIO CHU KANG NORTH,ANG MO KIO,transport_services,cumulative,409.0
000259,YUNNAN,JURONG WEST,transport_services,cumulative,459.0
000260,LORONG CHUAN,SERANGOON,transport_services,cumulative,714.0
000261,HONG KAH,JURONG WEST,transport_services,cumulative,475.0
000262,SELETAR,SELETAR,transport_services,cumulative,325.0
000263,PANG SUA,SUNGEI KADUT,transport_services,cumulative,194.0
000264,SELETAR AEROSPACE PARK,SELETAR,transport_services,cumulative,170.0
000265,KHATIB,YISHUN,transport_services,cumulative,276.0
000266,MANDAI WEST,MANDAI,transport_services,cumulative,27.0
000267,CONEY ISLAND,PUNGGOL,transport_services,cumulative,282.0
000268,YISHUN SOUTH,YISHUN,transport_services,cumulative,254.0
000269,RESERVOIR VIEW,SUNGEI KADUT,transport_services,cumulative,102.0
000270,WOODLANDS EAST,WOODLANDS,transport_services,cumulative,431.0
000271,SEMBAWANG CENTRAL,SEMBAWANG,transport_services,cumulative,407.0
000272,GREENWOOD PARK,WOODLANDS,transport_services,cumulative,352.0
000273,SEMBAWANG EAST,SEMBAWANG,transport_services,cumulative,366.0
000274,SENOKO WEST,WOODLANDS,transport_services,cumulative,372.0
000275,MATILDA,PUNGGOL,transport_services,cumulative,422.0
000276,WATERWAY EAST,PUNGGOL,transport_services,cumulative,281.0
000277,GALI BATU,SUNGEI KADUT,transport_services,cumulative,319.0
000278,CRAWFORD,KALLANG,transport_services,cumulative,788.0
000279,TUAS BAY,TUAS,transport_services,cumulative,210.0
000280,TUAS VIEW,TUAS,transport_services,cumulative,91.0
000281,BAHAR,WESTERN WATER CATCHMENT,transport_services,cumulative,130.0
000282,CLEANTECH,WESTERN WATER CATCHMENT,transport_services,cumulative,0.0
000283,LAKESIDE (BUSINESS),JURONG EAST,transport_services,cumulative,485.0
000284,PARK,TENGAH,transport_services,cumulative,355.0
000285,BRICKLAND,TENGAH,transport_services,cumulative,525.0
000286,FOREST HILL,TENGAH,transport_services,cumulative,308.0
000287,PLANTATION,TENGAH,transport_services,cumulative,407.0
000288,GARDEN,TENGAH,transport_services,cumulative,395.0
000289,AIRPORT ROAD,PAYA LEBAR,transport_services,cumulative,518.0
000290,NORTH COAST,WOODLANDS,transport_services,cumulative,305.0
000291,SPRINGLEAF,YISHUN,transport_services,cumulative,213.0
000292,PUNGGOL TOWN CENTRE,PUNGGOL,transport_services,cumulative,323.0
000293,PUNGGOL CANAL,PUNGGOL,transport_services,cumulative,0.0
000294,CENTRAL WATER CATCHMENT,CENTRAL WATER CATCHMENT,transport_services,cumulative,183.0
000295,SEMBAWANG STRAITS,SEMBAWANG,transport_services,cumulative,140.0
000296,THE WHARVES,SEMBAWANG,transport_services,cumulative,255.0
000297,SENOKO NORTH,SEMBAWANG,transport_services,cumulative,308.0
000298,CHANGI AIRPORT,CHANGI,transport_services,cumulative,10.0
000299,PEOPLE'S PARK,OUTRAM,transport_services,cumulative,666.0
000300,MOUNTBATTEN,MARINE PARADE,transport_services,cumulative,525.0
000301,ALJUNIED,GEYLANG,transport_services,cumulative,773.0
000302,PULAU PUNGGOL TIMOR,SELETAR,transport_services,cumulative,54.0
000303,TURF CLUB,SUNGEI KADUT,transport_services,cumulative,224.0
000304,WOODLANDS SOUTH,WOODLANDS,transport_services,cumulative,345.0
000305,WOODGROVE,WOODLANDS,transport_services,cumulative,265.0
000306,YISHUN EAST,YISHUN,transport_services,cumulative,238.0
000307,MURAI,WESTERN WATER CATCHMENT,transport_services,cumulative,77.0
000308,PULAU PUNGGOL BARAT,SELETAR,transport_services,cumulative,27.0
000309,PULAU SELETAR,SIMPANG,transport_services,cumulative,72.0
000310,ADMIRALTY,SEMBAWANG,transport_services,cumulative,209.0
000311,LIM CHU KANG,LIM CHU KANG,transport_services,cumulative,52.0
000312,SIMPANG NORTH,SIMPANG,transport_services,cumulative,267.0
000313,SENOKO SOUTH,SEMBAWANG,transport_services,cumulative,379.0
000314,SEMBAWANG NORTH,SEMBAWANG,transport_services,cumulative,341.0
000315,TANJONG IRAU,SIMPANG,transport_services,cumulative,87.0
000316,YISHUN WEST,YISHUN,transport_services,cumulative,344.0
000317,WOODLANDS REGIONAL CENTRE,WOODLANDS,transport_services,cumulative,350.0
000318,NORTH-EASTERN ISLANDS,NORTH-EASTERN ISLANDS,transport_services,cumulative,63.0
000319,SIMPANG SOUTH,SIMPANG,transport_services,cumulative,229.0
000320,NORTHLAND,YISHUN,transport_services,cumulative,299.0
000321,MIDVIEW,WOODLANDS,transport_services,cumulative,374.0
000322,WOODLANDS WEST,WOODLANDS,transport_services,cumulative,288.0
000323,SEMBAWANG SPRINGS,SEMBAWANG,transport_services,cumulative,415.0
000324,KRANJI,SUNGEI KADUT,transport_services,cumulative,128.0
000325,PLAB,PAYA LEBAR,transport_services,cumulative,535.0
000326,MANDAI EAST,MANDAI,transport_services,cumulative,424.0
000327,NEE SOON,YISHUN,transport_services,cumulative,210.0
000328,UPPER THOMSON,BISHAN,transport_services,cumulative,373.0
000329,SHANGRI-LA,ANG MO KIO,transport_services,cumulative,431.0
000330,TOWNSVILLE,ANG MO KIO,transport_services,cumulative,581.0
000331,MARYMOUNT,BISHAN,transport_services,cumulative,533.0
000332,TUAS VIEW EXTENSION,TUAS,transport_services,cumulative,14.0
000001,DEPOT ROAD,BUKIT MERAH,transport_services,hansen,2109.8137557710984
000002,BUKIT MERAH,BUKIT MERAH,transport_services,hansen,2837.009589853827
000003,CHINATOWN,OUTRAM,transport_services,hansen,290456.1632873519
000004,PHILLIP,DOWNTOWN CORE,transport_services,hansen,3013.971272355494
000005,RAFFLES PLACE,DOWNTOWN CORE,transport_services,hansen,224780.46911742605
000006,CHINA SQUARE,OUTRAM,transport_services,hansen,8003378.168586271
000007,TIONG BAHRU,BUKIT MERAH,transport_services,hansen,1316.2720391528119
000008,BAYFRONT SUBZONE,DOWNTOWN CORE,transport_services,hansen,14056.215439017607
000009,TIONG BAHRU STATION,BUKIT MERAH,transport_services,hansen,1903.785034483063
000010,CLIFFORD PIER,DOWNTOWN CORE,transport_services,hansen,2223.806043782211
000011,MARINA SOUTH,MARINA SOUTH,transport_services,hansen,500.67264505023064
000012,NICOLL,DOWNTOWN CORE,transport_services,hansen,38111.0706178536
000013,MARINA EAST,MARINA EAST,transport_services,hansen,365.84751490770236
000014,INSTITUTION HILL,RIVER VALLEY,transport_services,hansen,1286.730037026442
000015,ROBERTSON QUAY,SINGAPORE RIVER,transport_services,hansen,1214.7391073014696
000016,JURONG ISLAND AND BUKOM,WESTERN ISLANDS,transport_services,hansen,13.293418314261096
000017,FORT CANNING,MUSEUM,transport_services,hansen,1074.6020732530903
000018,PEARL'S HILL,OUTRAM,transport_services,hansen,1226.8704929439846
000019,BOAT QUAY,SINGAPORE RIVER,transport_services,hansen,8002696.406481027
000020,HENDERSON HILL,BUKIT MERAH,transport_services,hansen,24763.20068971268
000021,REDHILL,BUKIT MERAH,transport_services,hansen,16004323.81164821
000022,ALEXANDRA HILL,BUKIT MERAH,transport_services,hansen,2005.540639292991
000023,BUKIT HO SWEE,BUKIT MERAH,transport_services,hansen,1497.1275680841572
000024,CLARKE QUAY,SINGAPORE RIVER,transport_services,hansen,1670.7501029888092
000025,PASIR PANJANG 1,QUEENSTOWN,transport_services,hansen,8006074.7776931785
000026,QUEENSWAY,QUEENSTOWN,transport_services,hansen,435.33528285449415
000027,MARINA EAST (MP),MARINE PARADE,transport_services,hansen,421.08623390554214
000028,SUDONG,WESTERN ISLANDS,transport_services,hansen,0.0
000029,SEMAKAU,WESTERN ISLANDS,transport_services,hansen,22497.104282877837
000030,SOUTHERN GROUP,SOUTHERN ISLANDS,transport_services,hansen,8000250.309111512
000031,SENTOSA,SOUTHERN ISLANDS,transport_services,hansen,8000250.309111512
000032,CITY TERMINALS,BUKIT MERAH,transport_services,hansen,2406.811685217874
000033,ANSON,DOWNTOWN CORE,transport_services,hansen,8245.959534522824
000034,STRAITS VIEW,STRAITS VIEW,transport_services,hansen,413.65934405090104
000035,MARITIME SQUARE,BUKIT MERAH,transport_services,hansen,1668.5470440095758
000036,TELOK BLANGAH RISE,BUKIT MERAH,transport_services,hansen,2636.683986396418
000037,TANJONG PAGAR,DOWNTOWN CORE,transport_services,hansen,8004028.418786198
000038,EVERTON PARK,BUKIT MERAH,transport_services,hansen,1221.3216540303772
000039,TELOK BLANGAH WAY,BUKIT MERAH,transport_services,hansen,8001150.7179585695
000040,MAXWELL,DOWNTOWN CORE,transport_services,hansen,2271.3419696642354
000041,CECIL,DOWNTOWN CORE,transport_services,hansen,4104.238303792559
000042,KAMPONG TIONG BAHRU,BUKIT MERAH,transport_services,hansen,1265.6376630082445
000043,TELOK BLANGAH DRIVE,BUKIT MERAH,transport_services,hansen,4639.843047356786
000044,PASIR PANJANG 2,QUEENSTOWN,transport_services,hansen,618.9426266770753
000045,CENTRAL SUBZONE,DOWNTOWN CORE,transport_services,hansen,908.1454420344611
000046,SINGAPORE GENERAL HOSPITAL,BUKIT MERAH,transport_services,hansen,1205.2412103337467
000047,BUGIS,DOWNTOWN CORE,transport_services,hansen,49873.9757412006
000048,VICTORIA,ROCHOR,transport_services,hansen,16003398.007652305
000049,PATERSON,RIVER VALLEY,transport_services,hansen,4164.982600873945
000050,EAST COAST,MARINE PARADE,transport_services,hansen,531.5470348771663
000051,NATIONAL UNIVERSITY OF S'PORE,QUEENSTOWN,transport_services,hansen,282.7188873002054
000052,ONE TREE HILL,RIVER VALLEY,transport_services,hansen,1190.2010248564986
000053,COMMONWEALTH,QUEENSTOWN,transport_services,hansen,1934.861295575215
000054,DOVER,QUEENSTOWN,transport_services,hansen,1055.3175013551024
000055,RIDOUT,TANGLIN,transport_services,hansen,544.1477329371695
000056,CAIRNHILL,NEWTON,transport_services,hansen,1093.6164351127893
000057,CLEMENTI WEST,CLEMENTI,transport_services,hansen,8001327.358877809
000058,MONK'S HILL,NEWTON,transport_services,hansen,1145.4549564944173
000059,SIGLAP,BEDOK,transport_services,hansen,1243.1287936493425
000060,CLEMENTI WOODS,CLEMENTI,transport_services,hansen,580.3092803188655
000061,PIONEER SECTOR,PIONEER,transport_services,hansen,16979.549133197426
000062,PENJURU CRESCENT,JURONG EAST,transport_services,hansen,211.02149387489504
000063,ORANGE GROVE,NEWTON,transport_services,hansen,922.4712605160963
000064,KAMPONG BUGIS,KALLANG,transport_services,hansen,0.0
000065,KENT RIDGE,QUEENSTOWN,transport_services,hansen,263.8020194925414
000066,ALEXANDRA NORTH,BUKIT MERAH,transport_services,hansen,1031.0847756562227
000067,TANGLIN HALT,QUEENSTOWN,transport_services,hansen,8003022.500462068
000068,MACKENZIE,ROCHOR,transport_services,hansen,3793.609169446532
000069,SUNGEI ROAD,ROCHOR,transport_services,hansen,2036.3009579403524
000070,ONE NORTH,QUEENSTOWN,transport_services,hansen,1096.506524619787
000071,TANJONG RHU,KALLANG,transport_services,hansen,8001451.029233109
000072,KATONG,MARINE PARADE,transport_services,hansen,1510.7826098005587
000073,BOULEVARD,ORCHARD,transport_services,hansen,8002127.132429996
000074,ISTANA NEGARA,NEWTON,transport_services,hansen,947.4793989965854
000075,LITTLE INDIA,ROCHOR,transport_services,hansen,2114.4729685513653
000076,GUL BASIN,PIONEER,transport_services,hansen,474.085241389393
000077,MARINA CENTRE,DOWNTOWN CORE,transport_services,hansen,3828.5943726775286
000078,BRAS BASAH,MUSEUM,transport_services,hansen,28194.78914882915
000079,SOMERSET,ORCHARD,transport_services,hansen,8003764.902340291
000080,BENCOOLEN,ROCHOR,transport_services,hansen,2848.0911079902053
000081,CHATSWORTH,TANGLIN,transport_services,hansen,894.2835158856827
000082,KAMPONG GLAM,ROCHOR,transport_services,hansen,2999.0629554978386
000083,SELEGIE,ROCHOR,transport_services,hansen,3930.599693395569
000084,MOUNT EMILY,ROCHOR,transport_services,hansen,1538.6915187527773
000085,ROCHOR CANAL,ROCHOR,transport_services,hansen,1868.953886528024
000086,MARGARET DRIVE,QUEENSTOWN,transport_services,hansen,3137.648285833805
000087,OXLEY,RIVER VALLEY,transport_services,hansen,1755.229167965766
000088,CITY HALL,DOWNTOWN CORE,transport_services,hansen,3256.677209783506
000089,MEI CHIN,QUEENSTOWN,transport_services,hansen,2652.347551710184
000090,LEONIE HILL,RIVER VALLEY,transport_services,hansen,1463.482248346807
000091,PORT,QUEENSTOWN,transport_services,hansen,415.7260025186159
000092,DHOBY GHAUT,MUSEUM,transport_services,hansen,16004729.345174767
000093,MACPHERSON,GEYLANG,transport_services,hansen,2779.653643734237
000094,KIM KEAT,TOA PAYOH,transport_services,hansen,763.8080191244898
000095,BEDOK NORTH,BEDOK,transport_services,hansen,1231.518453757434
000096,TOA PAYOH CENTRAL,TOA PAYOH,transport_services,hansen,27234.19291964152
000097,JURONG GATEWAY,JURONG EAST,transport_services,hansen,175045.81340465837
000098,HOLLAND ROAD,BUKIT TIMAH,transport_services,hansen,310.1600154259491
000099,KAMPONG UBI,GEYLANG,transport_services,hansen,16001936.74156676
000100,SENNETT,TOA PAYOH,transport_services,hansen,1274.670744737318
000101,POTONG PASIR,TOA PAYOH,transport_services,hansen,26748.958402103126
000102,TUAS NORTH,TUAS,transport_services,hansen,744.7822538026653
000103,PEI CHUN,TOA PAYOH,transport_services,hansen,8002291.167908503
000104,BOON TECK,TOA PAYOH,transport_services,hansen,3004.9085510282816
000105,KIAN TECK,JURONG WEST,transport_services,hansen,8014598.543788331
000106,SAFTI,JURONG WEST,transport_services,hansen,434.2372820406556
000107,FARRER PARK,ROCHOR,transport_services,hansen,1860.6885712455373
000108,NEWTON CIRCUS,NEWTON,transport_services,hansen,4986.906498872606
000109,JURONG PORT,JURONG EAST,transport_services,hansen,0.0
000110,ANG MO KIO TOWN CENTRE,ANG MO KIO,transport_services,hansen,1525.273016526812
000111,KEBUN BAHRU,ANG MO KIO,transport_services,hansen,723.9341499615957
000112,SERANGOON NORTH IND ESTATE,SERANGOON,transport_services,hansen,2845.9766368472424
000113,TENGAH INDUSTRIAL ESTATE,TENGAH,transport_services,hansen,205.26776113385128
000114,SAMULUN,BOON LAY,transport_services,hansen,8001099.695608547
000115,SHIPYARD,BOON LAY,transport_services,hansen,504.36185425532653
000116,GHIM MOH,QUEENSTOWN,transport_services,hansen,3725.1612838781707
000117,LAVENDER,KALLANG,transport_services,hansen,4797.488888119167
000118,FRANKEL,BEDOK,transport_services,hansen,3238.0162409099075
000119,CLEMENTI NORTH,CLEMENTI,transport_services,hansen,8002265.681891191
000120,LEEDON PARK,BUKIT TIMAH,transport_services,hansen,523.0326890555407
000121,GEYLANG EAST,GEYLANG,transport_services,hansen,2079.9646070491744
000122,TEBAN GARDENS,JURONG EAST,transport_services,hansen,3008.385605045423
000123,JURONG RIVER,JURONG EAST,transport_services,hansen,268.9240837009474
000124,GEYLANG BAHRU,KALLANG,transport_services,hansen,8003118.247680183
000125,GOODWOOD PARK,NEWTON,transport_services,hansen,584.4451409276155
000126,PANDAN,CLEMENTI,transport_services,hansen,776.4336288185057
000127,SINGAPORE POLYTECHNIC,QUEENSTOWN,transport_services,hansen,16044.12912119292
000128,CLEMENTI CENTRAL,CLEMENTI,transport_services,hansen,2031.8301543461043
000129,KAMPONG JAVA,KALLANG,transport_services,hansen,6362.554745237041
000130,BOON KENG,KALLANG,transport_services,hansen,8008245.235757305
000131,KALLANG BAHRU,KALLANG,transport_services,hansen,5727.710030227576
000132,ULU PANDAN,BUKIT TIMAH,transport_services,hansen,3220.5635096487586
000133,FARRER COURT,BUKIT TIMAH,transport_services,hansen,707.4285505229446
000134,NASSIM,TANGLIN,transport_services,hansen,470.5832525326924
000135,WEST COAST,CLEMENTI,transport_services,hansen,655.8795879782224
000136,BAYSHORE,BEDOK,transport_services,hansen,3965.321000242906
000137,BENOI SECTOR,PIONEER,transport_services,hansen,4058.960125797462
000138,GUL CIRCLE,PIONEER,transport_services,hansen,8020521.730849851
000139,TYERSALL,TANGLIN,transport_services,hansen,352.91591421184404
000140,MOULMEIN,NOVENA,transport_services,hansen,1792.4879087193065
000141,LIU FANG,BOON LAY,transport_services,hansen,388.64738826234816
000142,TANGLIN,ORCHARD,transport_services,hansen,8001484.741649314
000143,MARINE PARADE,MARINE PARADE,transport_services,hansen,1039.7575653055233
000144,JOO KOON,PIONEER,transport_services,hansen,16003886.875379575
000145,KALLANG WAY,GEYLANG,transport_services,hansen,1438.1293210259553
000146,INTERNATIONAL BUSINESS PARK,JURONG EAST,transport_services,hansen,0.0
000147,TUKANG,BOON LAY,transport_services,hansen,2180.829002917094
000148,CORONATION ROAD,BUKIT TIMAH,transport_services,hansen,265.3975239385913
000149,KEMBANGAN,BEDOK,transport_services,hansen,2166.06568646352
000150,DUNEARN,NOVENA,transport_services,hansen,488.38439791214665
000151,SUNSET WAY,CLEMENTI,transport_services,hansen,485.34284480284686
000152,ANAK BUKIT,BUKIT TIMAH,transport_services,hansen,888.4978334398729
000153,SWISS CLUB,BUKIT TIMAH,transport_services,hansen,0.0
000154,XILIN,TAMPINES,transport_services,hansen,530.8414796877317
000155,FABER,CLEMENTI,transport_services,hansen,421.567258730293
000156,MALCOLM,NOVENA,transport_services,hansen,686.3816930738875
000157,BEDOK SOUTH,BEDOK,transport_services,hansen,3593.276797201189
000158,DEFU INDUSTRIAL PARK,HOUGANG,transport_services,hansen,2130.7092088408012
000159,CHANGI BAY,CHANGI BAY,transport_services,hansen,40.89184869600123
000160,PAYA LEBAR EAST,PAYA LEBAR,transport_services,hansen,343.5358792387927
000161,HONG KAH NORTH,BUKIT BATOK,transport_services,hansen,1848.2415601200498
000162,KOVAN,HOUGANG,transport_services,hansen,884.8990000792136
000163,CHONG BOON,ANG MO KIO,transport_services,hansen,1807.3537237754815
000164,SERANGOON GARDEN,SERANGOON,transport_services,hansen,2022.052909145817
000165,HOUGANG CENTRAL,HOUGANG,transport_services,hansen,1860.0671832558621
000166,LOYANG EAST,PASIR RIS,transport_services,hansen,852.1426038474557
000167,DAIRY FARM,BUKIT PANJANG,transport_services,hansen,591.7190043739328
000168,PASIR RIS DRIVE,PASIR RIS,transport_services,hansen,1464.1118969355869
000169,TAMPINES NORTH,TAMPINES,transport_services,hansen,317.0537323337866
000170,CHENG SAN,ANG MO KIO,transport_services,hansen,8069541.695159128
000171,SEMBAWANG HILLS,ANG MO KIO,transport_services,hansen,755.2440760066295
000172,JELEBU,BUKIT PANJANG,transport_services,hansen,1784.0922076473935
000173,KEAT HONG,CHOA CHU KANG,transport_services,hansen,2031.1533267344005
000174,BENDEMEER,KALLANG,transport_services,hansen,1176.7078181944892
000175,BALESTIER,NOVENA,transport_services,hansen,37106.82549422833
000176,TUAS PROMENADE,TUAS,transport_services,hansen,1213.3049406591192
000177,SERANGOON CENTRAL,SERANGOON,transport_services,hansen,1789.3988049709417
000178,BISHAN EAST,BISHAN,transport_services,hansen,1566.6343335843521
000179,TAMPINES WEST,TAMPINES,transport_services,hansen,3440.791285733413
000180,BRICKWORKS,BUKIT BATOK,transport_services,hansen,474.27967611380353
000181,SERANGOON NORTH,SERANGOON,transport_services,hansen,77955.03813383271
000182,GUILIN,BUKIT BATOK,transport_services,hansen,19340.691571308867
000183,WENYA,JURONG WEST,transport_services,hansen,353.92800944391723
000184,NATURE RESERVE,BUKIT PANJANG,transport_services,hansen,189.93090888117592
000185,TAMPINES EAST,TAMPINES,transport_services,hansen,4141.978564436221
000186,LORONG AH SOO,HOUGANG,transport_services,hansen,1748.0690037315887
000187,FLORA DRIVE,PASIR RIS,transport_services,hansen,1559.8543358476943
000188,HILLVIEW,BUKIT BATOK,transport_services,hansen,238.9884374418581
000189,TOH TUCK,CLEMENTI,transport_services,hansen,2396.212321825626
000190,MOUNT PLEASANT,NOVENA,transport_services,hansen,377.4164328819865
000191,HILLCREST,BUKIT TIMAH,transport_services,hansen,190.58835438646108
000192,JOO SENG,TOA PAYOH,transport_services,hansen,956.9901638820022
000193,CHIN BEE,JURONG WEST,transport_services,hansen,1420.03857338924
000194,LORONG 8 TOA PAYOH,TOA PAYOH,transport_services,hansen,3783.7342036430655
000195,TOH GUAN,JURONG EAST,transport_services,hansen,8113.257461853506
000196,SIMEI,TAMPINES,transport_services,hansen,568.499207122091
000197,BOON LAY PLACE,JURONG WEST,transport_services,hansen,2070.7316538704526
000198,BUKIT BATOK EAST,BUKIT BATOK,transport_services,hansen,11910.295632081883
000199,BUKIT BATOK WEST,BUKIT BATOK,transport_services,hansen,1687.3939320586987
000200,BUKIT BATOK CENTRAL,BUKIT BATOK,transport_services,hansen,2307.5071935557926
000201,UPPER PAYA LEBAR,SERANGOON,transport_services,hansen,1244.736271240095
000202,TAI SENG,HOUGANG,transport_services,hansen,693.2087323978182
000203,TENGEH,TUAS,transport_services,hansen,321.8175168492412
000204,YUHUA WEST,JURONG EAST,transport_services,hansen,2137.4156737665794
000205,BRADDELL,TOA PAYOH,transport_services,hansen,36056.110381062215
000206,BIDADARI,TOA PAYOH,transport_services,hansen,884.8522817887776
000207,WOODLEIGH,TOA PAYOH,transport_services,hansen,787.3293285403463
000208,TAMAN JURONG,JURONG WEST,transport_services,hansen,2505.852492368585
000209,LAKESIDE (LEISURE),JURONG EAST,transport_services,hansen,607.6227922620824
000210,TOA PAYOH WEST,TOA PAYOH,transport_services,hansen,1520.4263655623977
000211,KAKI BUKIT,BEDOK,transport_services,hansen,525.9262373520028
000212,YUHUA EAST,JURONG EAST,transport_services,hansen,1247.311941385721
000213,BUKIT BATOK SOUTH,BUKIT BATOK,transport_services,hansen,8003070.1529355915
000214,JURONG WEST CENTRAL,JURONG WEST,transport_services,hansen,2953.706195478524
000215,BEDOK RESERVOIR,BEDOK,transport_services,hansen,3851.4936763147107
000216,LOWER SELETAR,YISHUN,transport_services,hansen,224.6509285681043
000217,NORTHSHORE,PUNGGOL,transport_services,hansen,8044811.712593537
000218,MANDAI ESTATE,MANDAI,transport_services,hansen,1031.90740298228
000219,YISHUN CENTRAL,YISHUN,transport_services,hansen,1810.838395904402
000220,PASIR RIS CENTRAL,PASIR RIS,transport_services,hansen,4759.3003029649735
000221,GOMBAK,BUKIT BATOK,transport_services,hansen,575.952521681474
000222,PAYA LEBAR NORTH,PAYA LEBAR,transport_services,hansen,438.9213545322005
000223,HOUGANG EAST,HOUGANG,transport_services,hansen,3522.6251287820915
000224,LORONG HALUS,HOUGANG,transport_services,hansen,343.00831499816735
000225,KANGKAR,HOUGANG,transport_services,hansen,1419.4302810421452
000226,CHANGI WEST,CHANGI,transport_services,hansen,8086080.947585703
000227,HOLLAND DRIVE,QUEENSTOWN,transport_services,hansen,6481.535575254688
000228,HOUGANG WEST,HOUGANG,transport_services,hansen,8003176.031421359
000229,PAYA LEBAR WEST,PAYA LEBAR,transport_services,hansen,1332.6281746029993
000230,BANGKIT,BUKIT PANJANG,transport_services,hansen,2759.1280530670265
000231,LORONG HALUS NORTH,SENGKANG,transport_services,hansen,437.23748335436943
000232,PENG SIANG,CHOA CHU KANG,transport_services,hansen,2970.912471442948
000233,PASIR RIS WEST,PASIR RIS,transport_services,hansen,8005080.888920912
000234,YIO CHU KANG WEST,ANG MO KIO,transport_services,hansen,5399.719234199914
000235,CHANGI POINT,CHANGI,transport_services,hansen,547.3620886446337
000236,SENGKANG TOWN CENTRE,SENGKANG,transport_services,hansen,10557.447860792512
000237,ANCHORVALE,SENGKANG,transport_services,hansen,2608.0146396149607
000238,SENGKANG WEST,SENGKANG,transport_services,hansen,318.2714413360298
000239,FERNVALE,SENGKANG,transport_services,hansen,50251.52109095331
000240,PUNGGOL FIELD,PUNGGOL,transport_services,hansen,14088.626807346416
000241,YEW TEE,CHOA CHU KANG,transport_services,hansen,34056.71771985137
000242,PASIR RIS WAFER FAB PARK,PASIR RIS,transport_services,hansen,143.7763191718149
000243,TRAFALGAR,HOUGANG,transport_services,hansen,4250.927667675886
000244,TECK WHYE,CHOA CHU KANG,transport_services,hansen,1792.9935652994795
000245,CHOA CHU KANG CENTRAL,CHOA CHU KANG,transport_services,hansen,1395.9183096412862
000246,FAJAR,BUKIT PANJANG,transport_services,hansen,11946.282616377359
000247,SENJA,BUKIT PANJANG,transport_services,hansen,8001789.170603125
000248,SAUJANA,BUKIT PANJANG,transport_services,hansen,1552.4693022268693
000249,SELETAR HILLS,SERANGOON,transport_services,hansen,324.7898013493965
000250,COMPASSVALE,SENGKANG,transport_services,hansen,3080.8279922985166
000251,YIO CHU KANG EAST,ANG MO KIO,transport_services,hansen,221.12592845822692
000252,YIO CHU KANG,ANG MO KIO,transport_services,hansen,6422.284756120263
000253,LOYANG WEST,PASIR RIS,transport_services,hansen,1023.5348174689879
000254,TAGORE,ANG MO KIO,transport_services,hansen,234.15455858860605
000255,PASIR RIS PARK,PASIR RIS,transport_services,hansen,1989.067775944412
000256,CHOA CHU KANG NORTH,CHOA CHU KANG,transport_services,hansen,8007435.388173314
000257,RIVERVALE,SENGKANG,transport_services,hansen,7253.37017169527
000258,YIO CHU KANG NORTH,ANG MO KIO,transport_services,hansen,2031.6659044992332
000259,YUNNAN,JURONG WEST,transport_services,hansen,5972.6277089032355
000260,LORONG CHUAN,SERANGOON,transport_services,hansen,712.7470043846556
000261,HONG KAH,JURONG WEST,transport_services,hansen,16740.338493815343
000262,SELETAR,SELETAR,transport_services,hansen,222.14893140473157
000263,PANG SUA,SUNGEI KADUT,transport_services,hansen,294.80084185421464
000264,SELETAR AEROSPACE PARK,SELETAR,transport_services,hansen,240.78201954937092
000265,KHATIB,YISHUN,transport_services,hansen,318.59431030793326
000266,MANDAI WEST,MANDAI,transport_services,hansen,24.0366073306216
000267,CONEY ISLAND,PUNGGOL,transport_services,hansen,4828.181027199149
000268,YISHUN SOUTH,YISHUN,transport_services,hansen,8005524.868058263
000269,RESERVOIR VIEW,SUNGEI KADUT,transport_services,hansen,16000768.926987013
000270,WOODLANDS EAST,WOODLANDS,transport_services,hansen,4339.396610996886
000271,SEMBAWANG CENTRAL,SEMBAWANG,transport_services,hansen,1206.887607174468
000272,GREENWOOD PARK,WOODLANDS,transport_services,hansen,922.4018670506307
000273,SEMBAWANG EAST,SEMBAWANG,transport_services,hansen,1273.1015453944478
000274,SENOKO WEST,WOODLANDS,transport_services,hansen,1023.3107439299539
000275,MATILDA,PUNGGOL,transport_services,hansen,3790.770214504222
000276,WATERWAY EAST,PUNGGOL,transport_services,hansen,2622.2071722525534
000277,GALI BATU,SUNGEI KADUT,transport_services,hansen,312.1017452925681
000278,CRAWFORD,KALLANG,transport_services,hansen,2412.14036643002
000279,TUAS BAY,TUAS,transport_services,hansen,2567.144944430127
000280,TUAS VIEW,TUAS,transport_services,hansen,691.5842161297797
000281,BAHAR,WESTERN WATER CATCHMENT,transport_services,hansen,115.82074196654784
000282,CLEANTECH,WESTERN WATER CATCHMENT,transport_services,hansen,0.0
000283,LAKESIDE (BUSINESS),JURONG EAST,transport_services,hansen,843.5002485778815
000284,PARK,TENGAH,transport_services,hansen,206.639322696837
000285,BRICKLAND,TENGAH,transport_services,hansen,2155.238271592213
000286,FOREST HILL,TENGAH,transport_services,hansen,284.2510265725
000287,PLANTATION,TENGAH,transport_services,hansen,449.1425508944894
000288,GARDEN,TENGAH,transport_services,hansen,270.79329562387414
000289,AIRPORT ROAD,PAYA LEBAR,transport_services,hansen,8000834.687660746
000290,NORTH COAST,WOODLANDS,transport_services,hansen,1042.9098071715669
000291,SPRINGLEAF,YISHUN,transport_services,hansen,281.73559866161895
000292,PUNGGOL TOWN CENTRE,PUNGGOL,transport_services,hansen,949.4379795728996
000293,PUNGGOL CANAL,PUNGGOL,transport_services,hansen,0.0
000294,CENTRAL WATER CATCHMENT,CENTRAL WATER CATCHMENT,transport_services,hansen,188.67759426499086
000295,SEMBAWANG STRAITS,SEMBAWANG,transport_services,hansen,101151.48295378388
000296,THE WHARVES,SEMBAWANG,transport_services,hansen,592.1828730989481
000297,SENOKO NORTH,SEMBAWANG,transport_services,hansen,8113513.256211506
000298,CHANGI AIRPORT,CHANGI,transport_services,hansen,5.394303515844885
000299,PEOPLE'S PARK,OUTRAM,transport_services,hansen,2924.657336480866
000300,MOUNTBATTEN,MARINE PARADE,transport_services,hansen,927.7029293020645
000301,ALJUNIED,GEYLANG,transport_services,hansen,3283.141072436825
000302,PULAU PUNGGOL TIMOR,SELETAR,transport_services,hansen,20.644849277261933
000303,TURF CLUB,SUNGEI KADUT,transport_services,hansen,197.54501279485575
000304,WOODLANDS SOUTH,WOODLANDS,transport_services,hansen,1142.5837346636201
000305,WOODGROVE,WOODLANDS,transport_services,hansen,2450.8231480066524
000306,YISHUN EAST,YISHUN,transport_services,hansen,1573.8980704399041
000307,MURAI,WESTERN WATER CATCHMENT,transport_services,hansen,602.511211800093
000308,PULAU PUNGGOL BARAT,SELETAR,transport_services,hansen,12.188751480619315
000309,PULAU SELETAR,SIMPANG,transport_services,hansen,38.27055462344377
000310,ADMIRALTY,SEMBAWANG,transport_services,hansen,281.09282146218334
000311,LIM CHU KANG,LIM CHU KANG,transport_services,hansen,69.48390285908272
000312,SIMPANG NORTH,SIMPANG,transport_services,hansen,495.1722849895873
000313,SENOKO SOUTH,SEMBAWANG,transport_services,hansen,8000712.082430575
000314,SEMBAWANG NORTH,SEMBAWANG,transport_services,hansen,8001033.849969859
000315,TANJONG IRAU,SIMPANG,transport_services,hansen,77.90376972603137
000316,YISHUN WEST,YISHUN,transport_services,hansen,1947.840666934578
000317,WOODLANDS REGIONAL CENTRE,WOODLANDS,transport_services,hansen,1731.9713198887223
000318,NORTH-EASTERN ISLANDS,NORTH-EASTERN ISLANDS,transport_services,hansen,663.5752186548294
000319,SIMPANG SOUTH,SIMPANG,transport_services,hansen,435.58934876096487
000320,NORTHLAND,YISHUN,transport_services,hansen,901.7255640839142
000321,MIDVIEW,WOODLANDS,transport_services,hansen,1710.198103693015
000322,WOODLANDS WEST,WOODLANDS,transport_services,hansen,13646.84731136902
000323,SEMBAWANG SPRINGS,SEMBAWANG,transport_services,hansen,8001786.45757013
000324,KRANJI,SUNGEI KADUT,transport_services,hansen,303.417295223158
000325,PLAB,PAYA LEBAR,transport_services,hansen,15427.081617440663
000326,MANDAI EAST,MANDAI,transport_services,hansen,623.492740956558
000327,NEE SOON,YISHUN,transport_services,hansen,527.7608879143515
000328,UPPER THOMSON,BISHAN,transport_services,hansen,551.9150588486576
000329,SHANGRI-LA,ANG MO KIO,transport_services,hansen,822.0769704349232
000330,TOWNSVILLE,ANG MO KIO,transport_services,hansen,1203.1301019604668
000331,MARYMOUNT,BISHAN,transport_services,hansen,747.7911339268056
000332,TUAS VIEW EXTENSION,TUAS,transport_services,hansen,8.69294205091059
