subzone,category,category_norm,composite_score,composite_percentile,composite_rank,importance_label,confidence_label,model_spread,model_std_norm,dominant_model,laggard_model,rank_median,rank_mean,rank_spread,pareto_priority,model_min_norm,model_max_norm,2sfca_norm,2sfca_raw,rank_2sfca,cumulative_norm,cumulative_raw,rank_cumulative,hansen_norm,hansen_raw,rank_hansen,planning_area
ADMIRALTY,community_spaces,community_spaces,14.667825410248104,13.55421686746988,288.0,Priority for action,Moderate agreement,22.548854061972268,9.588622443950523,2sfca,hansen,278.0,276.0,36.0,True,0.00010272986152560308,22.548956791833792,22.548956791833792,13.303957129154329,257.0,16.966580976863753,198.0,293.0,0.00010272986152560308,35.95561816906769,278.0,SEMBAWANG
ADMIRALTY,education_institutions,education_institutions,14.717346922294986,15.060240963855422,283.0,Priority for action,Moderate agreement,22.474039990021648,10.1497030969221,cumulative,hansen,270.0,267.6666666666667,43.0,True,0.0007074847258265025,22.474747474747474,20.444370363855487,32.64418512403975,245.0,22.474747474747474,89.0,288.0,0.0007074847258265025,113.21225976369394,270.0,SEMBAWANG
ADMIRALTY,emergency_services,emergency_services,6.500819440878575,17.16867469879518,276.0,Priority for action,Moderate agreement,22.22220701504988,9.653406490768326,cumulative,hansen,257.0,267.6666666666667,42.0,True,1.520717234381151e-05,22.22222222222222,4.112740868564855,2.3574561403508776,257.0,22.22222222222222,2.0,252.0,1.520717234381151e-05,3.801795623538169,294.0,SEMBAWANG
ADMIRALTY,essential_services,essential_services,16.968622012837734,16.867469879518072,277.0,Priority for action,Moderate agreement,24.558094828278147,11.323765927445274,2sfca,hansen,269.0,262.6666666666667,41.0,True,0.0003863274693667453,24.558481155747515,24.558481155747515,59.26152998435136,239.0,23.44632768361582,83.0,280.0,0.0003863274693667453,185.4412244871037,269.0,SEMBAWANG
ADMIRALTY,transport_services,transport_services,17.567012451734072,8.433734939759036,305.0,Priority for action,Moderate agreement,25.79043268296859,11.625321747450327,2sfca,hansen,296.0,287.6666666666667,29.0,True,0.0017563109965800792,25.79218899396517,25.79218899396517,84.77794032891623,269.0,23.35195530726257,209.0,298.0,0.0017563109965800792,281.09282146218334,296.0,SEMBAWANG
AIRPORT ROAD,community_spaces,community_spaces,22.403728042454805,34.93975903614458,217.0,Priority for action,Low agreement,41.64513705310998,17.348822678443195,cumulative,hansen,202.0,222.66666666666666,82.0,False,0.00010716282832519336,41.645244215938305,28.14929410083729,16.608174178111955,202.0,41.645244215938305,486.0,192.0,0.00010716282832519336,37.50716373951021,274.0,PAYA LEBAR
AIRPORT ROAD,education_institutions,education_institutions,28.53815245403991,54.51807228915663,152.0,Priority for action,Low agreement,52.77705264161772,22.013901180874548,cumulative,hansen,151.0,189.0,122.0,False,0.0007251361600564983,52.77777777777778,35.96475871527267,57.42608945875981,151.0,52.77777777777778,209.0,147.0,0.0007251361600564983,116.03685608966197,269.0,PAYA LEBAR
AIRPORT ROAD,emergency_services,emergency_services,11.61007646103943,46.08433734939759,180.0,Priority for action,Low agreement,44.44440622584661,19.7936219379495,cumulative,hansen,187.0,178.0,97.0,False,3.821859783170554e-05,44.44444444444444,5.442352213142381,3.11960005574136,187.0,44.44444444444444,4.0,125.0,3.821859783170554e-05,9.55465583537444,222.0,PAYA LEBAR
AIRPORT ROAD,essential_services,essential_services,32.597154376246124,61.44578313253012,129.0,Priority for action,Low agreement,55.36677860128701,23.735305048820717,cumulative,hansen,127.0,169.33333333333334,135.0,False,0.000453037131067697,55.367231638418076,43.047144274846374,103.87611575023963,127.0,55.367231638418076,196.0,123.0,0.000453037131067697,217.46255957679483,258.0,PAYA LEBAR
AIRPORT ROAD,transport_services,transport_services,47.689674468803915,91.86746987951807,28.0,Needs improvement,Moderate agreement,15.642848275206916,6.3862400975821325,cumulative,2sfca,129.0,103.33333333333333,107.0,False,42.23424669686012,57.877094972067034,42.23424669686012,138.8223561459209,144.0,57.877094972067034,518.0,129.0,49.99044041986815,8000834.687660746,37.0,PAYA LEBAR
ALEXANDRA HILL,community_spaces,community_spaces,25.55152414361012,46.3855421686747,179.0,Priority for action,Low agreement,57.240542662202515,23.369168351412643,cumulative,hansen,201.0,179.0,122.0,False,0.00024568398428021523,57.2407883461868,28.20658553835495,16.641976310762217,201.0,57.2407883461868,668.0,107.0,0.00024568398428021523,85.98979301488735,229.0,BUKIT MERAH
ALEXANDRA HILL,education_institutions,education_institutions,20.827224816935974,26.80722891566265,244.0,Priority for action,Low agreement,51.76316977100934,21.26022322471073,cumulative,hansen,151.0,176.33333333333334,102.0,False,0.0045069966674222625,51.76767676767676,20.944674728800788,33.44303722938576,240.0,51.76767676767676,205.0,151.0,0.0045069966674222625,721.2131355489371,138.0,BUKIT MERAH
ALEXANDRA HILL,emergency_services,emergency_services,16.603462465233957,74.3975903614458,86.0,Priority for action,Low agreement,66.66652027585424,30.004430024572976,cumulative,hansen,71.0,90.66666666666667,61.0,False,0.00014639081241989122,66.66666666666666,6.540170429313798,3.748878285858848,131.0,66.66666666666666,6.0,70.0,0.00014639081241989122,36.59772753286538,71.0,BUKIT MERAH
ALEXANDRA HILL,essential_services,essential_services,23.974672627775128,32.831325301204814,224.0,Priority for action,Low agreement,54.79989457791865,22.381355128395956,cumulative,hansen,136.0,164.33333333333334,105.0,False,0.0023653090869993204,54.80225988700565,26.027022115295793,62.80523382969894,231.0,54.80225988700565,194.0,126.0,0.0023653090869993204,1135.373091907256,136.0,BUKIT MERAH
ALEXANDRA HILL,transport_services,transport_services,26.94319010843481,30.120481927710845,233.0,Priority for action,Low agreement,63.33942438220887,25.900655398839792,cumulative,hansen,144.0,164.33333333333334,141.0,False,0.01253092505371006,63.35195530726258,28.538079538932358,93.80357769631578,245.0,63.35195530726258,567.0,104.0,0.01253092505371006,2005.540639292991,144.0,BUKIT MERAH
ALEXANDRA NORTH,community_spaces,community_spaces,28.995689501139253,59.93975903614458,134.0,Priority for action,Low agreement,72.49317858615647,29.79207816980022,cumulative,hansen,176.0,140.33333333333334,133.0,False,0.0003946786250209754,72.49357326478149,28.9937128891909,17.106383982805774,189.0,72.49357326478149,846.0,56.0,0.0003946786250209754,138.13815895400654,176.0,BUKIT MERAH
ALEXANDRA NORTH,education_institutions,education_institutions,24.02401555732606,33.734939759036145,221.0,Priority for action,Low agreement,63.633180007138584,26.33985505513756,cumulative,hansen,170.0,164.0,144.0,False,0.0031836292250471466,63.63636363636363,22.591575482571642,36.072696745927495,233.0,63.63636363636363,252.0,89.0,0.0031836292250471466,509.4468412675144,170.0,BUKIT MERAH
ALEXANDRA NORTH,emergency_services,emergency_services,21.225453532207716,91.56626506024097,29.0,Priority for action,Low agreement,88.88877837013915,40.37561062526927,cumulative,hansen,94.0,70.0,100.0,False,0.0001105187497385482,88.88888888888889,6.895285197610029,3.952432926864315,108.0,88.88888888888889,8.0,8.0,0.0001105187497385482,27.629705876642404,94.0,BUKIT MERAH
ALEXANDRA NORTH,essential_services,essential_services,26.78477667928646,42.77108433734939,191.0,Priority for action,Low agreement,65.25248827184647,26.750091342553826,cumulative,hansen,167.0,158.0,139.0,False,0.0017490162891183902,65.2542372881356,27.466809033545207,66.27955193128666,223.0,65.2542372881356,231.0,84.0,0.0017490162891183902,839.5461053640608,167.0,BUKIT MERAH
ALEXANDRA NORTH,transport_services,transport_services,29.967121597658295,43.07228915662651,190.0,Priority for action,Low agreement,76.52987047357779,31.52712142384168,cumulative,hansen,209.0,168.33333333333334,178.0,False,0.006442375584233684,76.53631284916202,29.315852630301244,96.36008814779146,237.0,76.53631284916202,685.0,59.0,0.006442375584233684,1031.0847756562227,209.0,BUKIT MERAH
ALJUNIED,community_spaces,community_spaces,46.32080040820527,94.27710843373494,20.0,Needs improvement,Low agreement,86.42966957634077,35.54666699910894,cumulative,hansen,17.0,20.666666666666668,21.0,False,2.8591050594775727,89.28877463581834,55.21062792639667,32.57444828988638,33.0,89.28877463581834,1042.0,12.0,2.8591050594775727,1000691.4084879244,17.0,GEYLANG
ALJUNIED,education_institutions,education_institutions,41.16876146517538,81.92771084337349,61.0,Needs improvement,Low agreement,78.78321857434048,32.61079767257769,cumulative,hansen,61.0,75.66666666666667,106.0,False,0.004660213538296924,78.78787878787878,50.819575287076255,81.14525388022457,61.0,78.78787878787878,312.0,30.0,0.004660213538296924,745.7310191899988,136.0,GEYLANG
ALJUNIED,emergency_services,emergency_services,22.89013350348047,95.78313253012048,15.0,Priority for action,Low agreement,88.88741649556975,39.71238425359831,cumulative,hansen,11.0,19.333333333333332,31.0,False,0.0014723933191346157,88.88888888888889,10.223828015413902,5.860380438031177,39.0,88.88888888888889,8.0,8.0,0.0014723933191346157,368.0985754784843,11.0,GEYLANG
ALJUNIED,essential_services,essential_services,46.04827419728855,87.95180722891565,41.0,Needs improvement,Low agreement,82.48312093044787,34.709729275920125,cumulative,hansen,43.0,64.0,91.0,False,0.0027547757668103696,82.48587570621469,59.10054524663114,142.6142240643033,43.0,82.48587570621469,292.0,29.0,0.0027547757668103696,1322.321170229187,120.0,GEYLANG
ALJUNIED,transport_services,transport_services,44.17559192586125,85.8433734939759,48.0,Needs improvement,Low agreement,86.34820151558021,35.60368450526362,cumulative,hansen,59.0,61.333333333333336,73.0,False,0.020513568218675643,86.36871508379889,53.79138967727174,176.81024380428676,59.0,86.36871508379889,773.0,26.0,0.020513568218675643,3283.141072436825,99.0,GEYLANG
ANAK BUKIT,community_spaces,community_spaces,28.359010649332642,56.325301204819276,146.0,Priority for action,Low agreement,43.78702570585639,19.650113194867085,cumulative,hansen,158.0,145.66666666666666,83.0,False,0.00046358291824792044,43.78748928877464,39.20274743340448,23.129747243471613,98.0,43.78748928877464,511.0,181.0,0.00046358291824792044,162.25477335107797,158.0,BUKIT TIMAH
ANAK BUKIT,education_institutions,education_institutions,30.359360223560067,59.337349397590366,136.0,Priority for action,Low agreement,49.73994865644149,21.651572239149516,cumulative,hansen,126.0,127.66666666666667,65.0,False,0.0075260910332553286,49.74747474747475,40.81521489351028,65.17096917872252,126.0,49.74747474747475,197.0,161.0,0.0075260910332553286,1204.3309798197088,96.0,BUKIT TIMAH
ANAK BUKIT,emergency_services,emergency_services,6.171792120798118,12.048192771084338,293.0,Priority for action,Moderate agreement,22.220926898191962,9.763534390138089,cumulative,hansen,252.0,184.0,276.0,True,0.0012953240302595172,22.22222222222222,3.4539181582891905,1.9798136645962732,288.0,22.22222222222222,2.0,252.0,0.0012953240302595172,323.8312237125715,12.0,BUKIT TIMAH
ANAK BUKIT,essential_services,essential_services,29.182132088526274,49.6987951807229,168.0,Priority for action,Low agreement,43.780251468901874,19.98170307539993,cumulative,hansen,138.0,132.33333333333334,99.0,False,0.0050592655614032644,43.78531073446328,40.84710432393039,98.5672477998507,138.0,43.78531073446328,155.0,179.0,0.0050592655614032644,2428.50036589403,80.0,BUKIT TIMAH
ANAK BUKIT,transport_services,transport_services,26.79569413378844,28.614457831325304,238.0,Priority for action,Low agreement,43.45813568030526,19.007478803965395,cumulative,hansen,205.0,199.33333333333334,49.0,False,0.0055514705327256554,43.463687150837984,36.20258252492205,118.99650633641954,172.0,43.463687150837984,389.0,205.0,0.0055514705327256554,888.4978334398729,221.0,BUKIT TIMAH
ANCHORVALE,community_spaces,community_spaces,22.76718854110619,37.65060240963856,208.0,Priority for action,Low agreement,35.47499412889741,15.839275058177943,cumulative,hansen,164.0,171.66666666666666,85.0,True,0.0005842772722575851,35.47557840616967,31.34379515338116,18.49294008743657,164.0,35.47557840616967,414.0,218.0,0.0005842772722575851,204.49799302924555,133.0,SENGKANG
ANCHORVALE,education_institutions,education_institutions,73.4372671697677,100.0,1.0,Adequate,Low agreement,41.198426904777335,17.368617192988186,hansen,2sfca,34.0,35.0,67.0,False,58.79666882241307,99.9950957271904,58.79666882241307,93.8825362462151,34.0,70.2020202020202,278.0,69.0,99.9950957271904,16001293.511088897,2.0,SENGKANG
ANCHORVALE,emergency_services,emergency_services,6.261711702606891,12.650602409638553,291.0,Priority for action,Moderate agreement,22.22219000530339,9.732751397806734,cumulative,hansen,252.0,255.66666666666666,35.0,True,3.221691883303044e-05,22.22222222222222,3.6345151861735934,2.0833333333333335,275.0,22.22222222222222,2.0,252.0,3.221691883303044e-05,8.054235084219524,240.0,SENGKANG
ANCHORVALE,essential_services,essential_services,46.48346546964847,89.45783132530121,36.0,Needs improvement,Low agreement,66.63090807904852,31.21934488919935,2sfca,hansen,78.0,60.0,60.0,False,0.005212027768252355,66.63612010681678,66.63612010681678,160.79815379082478,21.0,65.81920903954803,233.0,81.0,0.005212027768252355,2501.8278223647867,78.0,SENGKANG
ANCHORVALE,transport_services,transport_services,35.20807221121386,65.36144578313254,116.0,Priority for action,Low agreement,54.06191701562892,24.331582984654517,cumulative,hansen,120.0,120.66666666666667,64.0,False,0.01629527487386874,54.07821229050279,48.77508234130228,160.32183314244537,89.0,54.07821229050279,484.0,153.0,0.01629527487386874,2608.0146396149607,120.0,SENGKANG
ANG MO KIO TOWN CENTRE,community_spaces,community_spaces,37.7444131166161,88.25301204819277,40.0,Priority for action,Low agreement,62.72425304559533,27.133842207769028,cumulative,hansen,84.0,82.33333333333333,81.0,False,0.0006826870524809028,62.724935732647815,50.39844232794158,29.73524328850175,41.0,62.724935732647815,732.0,84.0,0.0006826870524809028,238.9415757350357,122.0,ANG MO KIO
ANG MO KIO TOWN CENTRE,education_institutions,education_institutions,38.61997789742521,77.10843373493977,77.0,Priority for action,Low agreement,68.42959764626511,28.89323903224974,cumulative,hansen,75.0,91.0,72.0,False,0.004745788078321994,68.43434343434343,49.863370948266045,79.61845159201539,63.0,68.43434343434343,271.0,75.0,0.004745788078321994,759.4247240868203,135.0,ANG MO KIO
ANG MO KIO TOWN CENTRE,emergency_services,emergency_services,9.24482236729849,27.710843373493976,241.0,Priority for action,Low agreement,33.333145088348516,14.650119198422724,cumulative,hansen,182.0,145.33333333333334,168.0,True,0.00018824498481491634,33.33333333333333,5.156198454272758,2.9555744199207696,211.0,33.33333333333333,3.0,182.0,0.00018824498481491634,47.061277615729544,43.0,ANG MO KIO
ANG MO KIO TOWN CENTRE,essential_services,essential_services,37.42991649534018,74.3975903614458,86.0,Priority for action,Low agreement,59.882377404744005,26.367474018881843,cumulative,hansen,86.0,90.33333333333333,17.0,False,0.004628244973507393,59.887005649717516,50.90225378380925,122.83110750007847,86.0,59.887005649717516,212.0,101.0,0.004628244973507393,2221.605977230499,84.0,ANG MO KIO
ANG MO KIO TOWN CENTRE,transport_services,transport_services,34.88313438710415,62.951807228915655,124.0,Priority for action,Low agreement,58.761419581274524,25.271868576854555,cumulative,hansen,119.0,134.33333333333334,58.0,False,0.009530139395869655,58.770949720670394,46.25217080230261,152.02911925303903,113.0,58.770949720670394,526.0,119.0,0.009530139395869655,1525.273016526812,171.0,ANG MO KIO
ANSON,community_spaces,community_spaces,15.627933912898545,15.36144578313253,282.0,Priority for action,Low agreement,45.13833918692314,18.953930948484494,cumulative,hansen,174.0,169.0,269.0,False,0.020186948466745257,45.158526135389884,13.180345202561087,7.776446118599672,301.0,45.158526135389884,527.0,174.0,0.020186948466745257,7065.464708020086,32.0,DOWNTOWN CORE
ANSON,education_institutions,education_institutions,16.0013468919322,17.771084337349397,274.0,Priority for action,Low agreement,45.66948678660364,19.139588790090787,cumulative,hansen,194.0,177.33333333333334,242.0,False,0.037583920467064984,45.707070707070706,13.697315148755882,21.87094459063487,290.0,45.707070707070706,181.0,194.0,0.037583920467064984,6014.208380095578,48.0,DOWNTOWN CORE
ANSON,emergency_services,emergency_services,18.548948265509594,81.32530120481928,63.0,Priority for action,Low agreement,77.77756274637538,35.33828873358574,cumulative,hansen,36.0,78.66666666666667,134.0,False,0.00021503140240384041,77.77777777777779,5.986656401066631,3.431599593530982,167.0,77.77777777777779,7.0,33.0,0.00021503140240384041,53.75788648274743,36.0,DOWNTOWN CORE
ANSON,essential_services,essential_services,18.896800054218062,20.180722891566266,266.0,Priority for action,Low agreement,50.276342143913766,20.82490457156441,cumulative,hansen,142.0,165.33333333333334,212.0,False,0.006143731792449846,50.282485875706215,17.67691951907816,42.65578516306786,283.0,50.282485875706215,178.0,142.0,0.006143731792449846,2949.0554952764587,71.0,DOWNTOWN CORE
ANSON,transport_services,transport_services,23.517912675527352,18.97590361445783,270.0,Priority for action,Low agreement,64.7529472557402,26.97082471699166,cumulative,hansen,101.0,157.0,234.0,False,0.05152201800281541,64.80446927374301,21.08312443075581,69.29942492883958,302.0,64.80446927374301,580.0,101.0,0.05152201800281541,8245.959534522824,68.0,DOWNTOWN CORE
BAHAR,community_spaces,community_spaces,5.136400753157276,6.927710843373494,310.0,Priority for action,High agreement,7.9420168236549715,3.3582743703857503,2sfca,hansen,309.0,309.0,2.0,True,1.3777133531869847e-05,7.942030600788503,7.942030600788503,4.685823632851497,309.0,5.8269065981148245,68.0,308.0,1.3777133531869847e-05,4.822019083640181,310.0,WESTERN WATER CATCHMENT
BAHAR,education_institutions,education_institutions,9.38581555269539,10.843373493975903,297.0,Priority for action,High agreement,13.72092268298532,6.226123962314867,2sfca,hansen,299.0,297.0,14.0,True,0.00012710743775596852,13.721049790423075,13.721049790423075,21.90884245800116,289.0,12.626262626262626,50.0,299.0,0.00012710743775596852,20.33983171059325,303.0,WESTERN WATER CATCHMENT
BAHAR,emergency_services,emergency_services,6.58342069816603,17.771084337349397,274.0,Priority for action,Moderate agreement,22.22221155031697,9.627070993049943,cumulative,hansen,252.0,267.0,51.0,True,1.0671905251067188e-05,22.22222222222222,4.277946104300019,2.4521531100478473,249.0,22.22222222222222,2.0,252.0,1.0671905251067188e-05,2.667978093562673,300.0,WESTERN WATER CATCHMENT
BAHAR,essential_services,essential_services,7.927607053033913,9.036144578313253,303.0,Priority for action,High agreement,12.126304803999089,5.183421644313722,2sfca,hansen,302.0,303.3333333333333,4.0,True,5.98392166886036e-05,12.126364643215778,12.126364643215778,29.261863441295397,302.0,9.322033898305085,33.0,302.0,5.98392166886036e-05,28.723449650818367,306.0,WESTERN WATER CATCHMENT
BAHAR,transport_services,transport_services,24.324948398509232,21.385542168674696,262.0,Priority for action,Low agreement,42.83868306592351,17.788289363978745,2sfca,hansen,310.0,255.0,175.0,False,0.0007236657332257005,42.83940673165674,42.83940673165674,140.81149407180368,140.0,14.52513966480447,130.0,310.0,0.0007236657332257005,115.82074196654784,315.0,WESTERN WATER CATCHMENT
BALESTIER,community_spaces,community_spaces,31.897014576453387,71.3855421686747,96.0,Priority for action,Low agreement,81.23311654489574,33.452880718479896,cumulative,hansen,105.0,100.33333333333333,134.0,False,0.0008166170579863183,81.23393316195373,31.29996591789049,18.467080697339075,165.0,81.23393316195373,948.0,31.0,0.0008166170579863183,285.81729490587963,105.0,NOVENA
BALESTIER,education_institutions,education_institutions,27.998240787345175,51.80722891566265,161.0,Priority for action,Low agreement,71.20888618592122,29.320476280295818,cumulative,hansen,168.0,141.33333333333334,128.0,False,0.0032350262000083838,71.21212121212122,27.509692074121862,43.92561202866061,192.0,71.21212121212122,282.0,64.0,0.0032350262000083838,517.6714254429282,168.0,NOVENA
BALESTIER,emergency_services,emergency_services,15.87911572028176,71.08433734939759,97.0,Priority for action,Low agreement,66.66658521227733,30.29824982179445,cumulative,hansen,138.0,142.66666666666666,150.0,False,8.14543893313653e-05,66.66666666666666,5.091515901263255,2.918497860361346,220.0,66.66666666666666,6.0,70.0,8.14543893313653e-05,20.363610924944812,138.0,NOVENA
BALESTIER,essential_services,essential_services,32.46380311524263,60.8433734939759,131.0,Priority for action,Low agreement,75.98571524020727,31.064025056002386,cumulative,hansen,114.0,115.33333333333333,116.0,False,0.0029853247644813638,75.98870056497175,34.530334809637864,83.32439040971138,174.0,75.98870056497175,269.0,58.0,0.0029853247644813638,1432.9870995830156,114.0,NOVENA
BALESTIER,transport_services,transport_services,32.003364525551476,52.71084337349398,158.0,Priority for action,Low agreement,78.98602796654293,32.441442449585224,cumulative,hansen,52.0,102.0,156.0,False,0.23184912842912644,79.21787709497207,32.180468736056646,105.77597189987652,205.0,79.21787709497207,709.0,52.0,0.23184912842912644,37106.82549422833,49.0,NOVENA
BANGKIT,community_spaces,community_spaces,34.234568187206186,78.6144578313253,72.0,Priority for action,Low agreement,49.23890419301253,22.941137613199697,2sfca,hansen,95.0,101.0,116.0,False,0.0009002547630758995,49.239804447775605,49.239804447775605,29.05164320765345,46.0,48.0719794344473,561.0,162.0,0.0009002547630758995,315.0906273535106,95.0,BUKIT PANJANG
BANGKIT,education_institutions,education_institutions,30.7624236133546,59.93975903614458,134.0,Priority for action,Low agreement,44.69200193157417,20.82405246040262,cumulative,hansen,131.0,146.66666666666666,97.0,False,0.004967765395526304,44.696969696969695,43.643078688684,69.686310448338,106.0,44.696969696969695,177.0,203.0,0.004967765395526304,794.9457081866877,131.0,BUKIT PANJANG
BANGKIT,emergency_services,emergency_services,9.818757417815588,34.63855421686747,218.0,Priority for action,Low agreement,33.33286184387655,14.458381704768062,cumulative,hansen,147.0,115.66666666666667,164.0,True,0.0004714894567749694,33.33333333333333,6.303898608623778,3.613445378151261,147.0,33.33333333333333,3.0,182.0,0.0004714894567749694,117.87244287008556,18.0,BUKIT PANJANG
BANGKIT,essential_services,essential_services,28.668362042113586,47.89156626506024,174.0,Priority for action,Low agreement,42.64256167173567,18.86157046929522,2sfca,hansen,130.0,154.66666666666666,118.0,False,0.0030605473552107482,42.64562221909088,42.64562221909088,102.90721172088912,130.0,36.72316384180791,130.0,226.0,0.0030605473552107482,1469.0947296120546,108.0,BUKIT PANJANG
BANGKIT,transport_services,transport_services,27.91730903090541,34.63855421686747,218.0,Priority for action,Low agreement,40.74558242044682,18.518361887328822,2sfca,hansen,151.0,170.33333333333334,128.0,False,0.01723945462344773,40.76282187507027,40.76282187507027,133.98583894416757,151.0,37.6536312849162,337.0,244.0,0.01723945462344773,2759.1280530670265,116.0,BUKIT PANJANG
BAYFRONT SUBZONE,community_spaces,community_spaces,20.308415084208246,26.506024096385545,245.0,Priority for action,Low agreement,56.98347111730482,23.800840575009076,cumulative,hansen,228.0,205.66666666666666,171.0,False,0.0002478201416231712,56.98371893744645,17.823193901352937,10.515741803810547,280.0,56.98371893744645,665.0,109.0,0.0002478201416231712,86.73745154992035,228.0,DOWNTOWN CORE
BAYFRONT SUBZONE,education_institutions,education_institutions,15.336689747407078,15.963855421686745,280.0,Priority for action,Low agreement,43.43350683761899,18.170320336435346,cumulative,hansen,261.0,253.33333333333334,87.0,False,0.0008365967244483872,43.43434343434344,13.299140163042109,21.23516575694762,293.0,43.43434343434344,172.0,206.0,0.0008365967244483872,133.87286287355536,261.0,DOWNTOWN CORE
BAYFRONT SUBZONE,emergency_services,emergency_services,18.18098544595444,77.10843373493977,77.0,Priority for action,Low agreement,77.77769840977767,35.491941662076144,cumulative,hansen,142.0,126.33333333333333,171.0,False,7.936800011323824e-05,77.77777777777779,5.250812159997699,3.0098077569217576,204.0,77.77777777777779,7.0,33.0,7.936800011323824e-05,19.842013272262157,142.0,DOWNTOWN CORE
BAYFRONT SUBZONE,essential_services,essential_services,18.33233004820298,19.27710843373494,269.0,Priority for action,Low agreement,49.151836953743256,20.381275475823717,cumulative,hansen,238.0,224.66666666666666,134.0,False,0.0007054191380986951,49.152542372881356,17.003219895770556,41.03009544008,285.0,49.152542372881356,174.0,151.0,0.0007054191380986951,338.60856169530166,238.0,DOWNTOWN CORE
BAYFRONT SUBZONE,transport_services,transport_services,22.528322236140205,16.867469879518072,277.0,Priority for action,Low agreement,62.3702751719509,26.009193408214312,cumulative,hansen,106.0,158.66666666666666,244.0,False,0.08782538670830686,62.45810055865921,20.020709016791738,65.80730603227593,307.0,62.45810055865921,559.0,106.0,0.08782538670830686,14056.215439017607,63.0,DOWNTOWN CORE
BAYSHORE,community_spaces,community_spaces,42.711409857916614,93.07228915662651,24.0,Needs improvement,Low agreement,67.96129530273048,27.830425621059167,2sfca,hansen,19.0,90.66666666666667,215.0,False,2.858611284324616,70.81990658705509,70.81990658705509,41.78397297147297,19.0,32.21936589545844,376.0,234.0,2.858611284324616,1000518.5863834514,19.0,BEDOK
BAYSHORE,education_institutions,education_institutions,28.382370966325244,53.01204819277109,157.0,Priority for action,Low agreement,45.65291077277325,18.78328058942102,2sfca,hansen,277.0,216.33333333333334,198.0,False,0.0004500304788310369,45.65336080325208,45.65336080325208,72.8961926961927,87.0,27.77777777777778,110.0,277.0,0.0004500304788310369,72.0142295813934,285.0,BEDOK
BAYSHORE,emergency_services,emergency_services,7.455902762669732,21.084337349397593,263.0,Priority for action,Moderate agreement,22.222212628045952,9.383909170893634,cumulative,hansen,252.0,241.0,143.0,True,9.594176269863828e-06,22.22222222222222,6.022910879944813,3.452380952380953,164.0,22.22222222222222,2.0,252.0,9.594176269863828e-06,2.3985456684237176,307.0,BEDOK
BAYSHORE,essential_services,essential_services,28.62628185146564,47.59036144578313,175.0,Priority for action,Low agreement,47.421693219479145,19.364120939893642,2sfca,hansen,277.0,223.0,186.0,False,0.000226255547415348,47.42191947502656,47.42191947502656,114.43278943278943,103.0,24.576271186440678,87.0,277.0,0.000226255547415348,108.60502834156922,289.0,BEDOK
BAYSHORE,transport_services,transport_services,29.669902590286746,42.168674698795186,193.0,Priority for action,Low agreement,48.79737039187554,19.94018455951828,2sfca,hansen,88.0,155.0,203.0,False,0.024775932880354533,48.82214632475589,48.82214632475589,160.4765306588836,87.0,26.256983240223462,235.0,290.0,0.024775932880354533,3965.321000242906,88.0,BEDOK
BEDOK NORTH,community_spaces,community_spaces,54.29484279797155,97.28915662650603,10.0,Needs improvement,Low agreement,86.82809559498084,35.796097048089244,2sfca,hansen,27.0,53.666666666666664,116.0,False,0.08342734100415047,86.91152293598499,86.91152293598499,51.278078442573666,9.0,54.07026563838904,631.0,125.0,0.08342734100415047,29199.704676504763,27.0,BEDOK
BEDOK NORTH,education_institutions,education_institutions,64.22719869747976,99.09638554216868,4.0,Adequate,Low agreement,98.34420653636032,41.11684097501727,2sfca,hansen,27.0,33.0,68.0,False,1.4577581755133946,99.80196471187371,99.80196471187371,159.35701387787267,2.0,69.44444444444444,275.0,70.0,1.4577581755133946,233271.60462167065,27.0,BEDOK
BEDOK NORTH,emergency_services,emergency_services,14.887226040092607,65.36144578313254,116.0,Priority for action,Low agreement,44.44438906718492,18.773745649525356,cumulative,hansen,125.0,111.0,156.0,False,5.537725952228472e-05,44.44444444444444,11.996641076051722,6.876571141277024,26.0,44.44444444444444,4.0,125.0,5.537725952228472e-05,13.844324121244991,182.0,BEDOK
BEDOK NORTH,essential_services,essential_services,61.921526449564205,98.79518072289156,5.0,Adequate,Low agreement,99.99792501746019,41.07422989824674,2sfca,hansen,105.0,84.0,145.0,False,0.0020749825398098535,100.0,100.0,241.30779753243073,1.0,59.6045197740113,211.0,105.0,0.0020749825398098535,996.013313789024,146.0,BEDOK
BEDOK NORTH,transport_services,transport_services,59.00024412150579,97.89156626506023,8.0,Needs improvement,Low agreement,94.52448954673275,38.961163013807706,2sfca,hansen,121.0,104.33333333333333,188.0,False,0.007694715900514256,94.53218426263327,94.53218426263327,310.7236798883104,2.0,58.659217877094974,525.0,121.0,0.007694715900514256,1231.518453757434,190.0,BEDOK
BEDOK RESERVOIR,community_spaces,community_spaces,41.434378474506545,91.56626506024097,29.0,Needs improvement,Low agreement,64.05032658441884,27.089858385580424,2sfca,hansen,131.0,106.0,139.0,False,0.0005935279999399154,64.05092011241878,64.05092011241878,37.79024915099892,24.0,47.04370179948586,549.0,163.0,0.0005935279999399154,207.73576272339625,131.0,BEDOK
BEDOK RESERVOIR,education_institutions,education_institutions,64.54798489100885,99.69879518072288,2.0,Adequate,Low agreement,99.99156551481899,42.20340199857037,2sfca,hansen,60.0,49.333333333333336,86.0,False,0.008434485181006354,100.0,100.0,159.67322320550824,1.0,72.72727272727273,288.0,60.0,0.008434485181006354,1349.6929225851395,87.0,BEDOK
BEDOK RESERVOIR,emergency_services,emergency_services,17.79091439276399,75.30120481927712,83.0,Priority for action,Low agreement,55.55551840149066,23.676976901347988,cumulative,hansen,92.0,112.66666666666667,212.0,False,3.715406490126723e-05,55.55555555555556,13.359584270866817,7.657821141277024,17.0,55.55555555555556,5.0,92.0,3.715406490126723e-05,9.288522425128743,229.0,BEDOK
BEDOK RESERVOIR,essential_services,essential_services,61.95287819327096,99.09638554216868,4.0,Adequate,Low agreement,98.81815322852844,40.82669934603134,2sfca,hansen,90.0,85.0,161.0,False,0.0017858720635131426,98.81993910059195,98.81993910059195,238.46021856652777,2.0,62.71186440677966,222.0,90.0,0.0017858720635131426,857.2372624137688,163.0,BEDOK
BEDOK RESERVOIR,transport_services,transport_services,57.63557020619179,96.98795180722891,11.0,Needs improvement,Low agreement,90.38347484548507,37.749847745829854,2sfca,hansen,90.0,67.33333333333333,104.0,False,0.024064722328315344,90.40753956781339,90.40753956781339,297.16613027911524,4.0,62.12290502793296,556.0,108.0,0.024064722328315344,3851.4936763147102,90.0,BEDOK
BEDOK SOUTH,community_spaces,community_spaces,56.13364826133196,98.49397590361446,6.0,Needs improvement,Low agreement,92.96878577888614,37.96339682489382,2sfca,hansen,116.0,94.0,156.0,False,0.0007294547925662555,92.9695152336787,92.9695152336787,54.852313408798466,5.0,48.24335904027421,563.0,161.0,0.0007294547925662555,255.3103606254938,116.0,BEDOK
BEDOK SOUTH,education_institutions,education_institutions,51.25513067703972,95.48192771084338,16.0,Needs improvement,Low agreement,80.94997925807407,33.58168189141099,2sfca,hansen,35.0,61.666666666666664,138.0,False,0.1544692392962913,81.10444849737036,81.10444849737036,129.50208707880265,6.0,53.28282828282829,211.0,144.0,0.1544692392962913,24718.28861645345,35.0,BEDOK
BEDOK SOUTH,emergency_services,emergency_services,12.101143709968813,48.795180722891565,171.0,Priority for action,Low agreement,33.33329506928662,13.880004637779884,cumulative,hansen,182.0,146.0,186.0,True,3.826404670646909e-05,33.33333333333333,10.868931128176268,6.23015873015873,35.0,33.33333333333333,3.0,182.0,3.826404670646909e-05,9.566018061649276,221.0,BEDOK
BEDOK SOUTH,essential_services,essential_services,50.58916310866725,94.87951807228916,18.0,Needs improvement,Low agreement,82.37001206972553,33.7208912282293,2sfca,hansen,31.0,67.66666666666667,160.0,False,0.10265396937424781,82.47266603909978,82.47266603909978,199.01297398522863,6.0,46.61016949152542,165.0,166.0,0.10265396937424781,49274.97858339136,31.0,BEDOK
BEDOK SOUTH,transport_services,transport_services,48.4413525440834,92.46987951807229,26.0,Needs improvement,Low agreement,78.56745332927164,32.21625908571149,2sfca,hansen,96.0,99.66666666666667,185.0,False,0.022451343722876004,78.58990467299452,78.58990467299452,258.32201564517356,9.0,45.69832402234637,409.0,194.0,0.022451343722876004,3593.276797201189,96.0,BEDOK
BENCOOLEN,community_spaces,community_spaces,34.607006814800926,79.81927710843374,68.0,Priority for action,Low agreement,80.11661119099145,34.04385750758811,cumulative,hansen,14.0,70.0,190.0,False,8.57233482443272,88.68894601542416,28.59503432877255,16.871162348160592,193.0,88.68894601542416,1035.0,14.0,8.57233482443272,3000331.0934852874,3.0,ROCHOR
BENCOOLEN,education_institutions,education_institutions,25.758365474856653,39.75903614457831,201.0,Priority for action,Low agreement,71.9630298621349,30.03673372034783,cumulative,hansen,105.0,132.33333333333334,170.0,False,0.0066671075620665194,71.96969696969697,22.724851897297274,36.28550349309265,231.0,71.96969696969697,285.0,61.0,0.0066671075620665194,1066.8757722046753,105.0,ROCHOR
BENCOOLEN,emergency_services,emergency_services,20.738785635892185,87.65060240963855,42.0,Priority for action,Low agreement,88.88876798859698,40.57886030724328,cumulative,hansen,86.0,88.0,162.0,False,0.0001209002919092632,88.88888888888889,5.921943176053667,3.3945054525325107,170.0,88.88888888888889,8.0,8.0,0.0001209002919092632,30.225093151664822,86.0,ROCHOR
BENCOOLEN,essential_services,essential_services,31.02650674477176,55.42168674698795,149.0,Priority for action,Low agreement,81.07069596919254,33.49462591991853,cumulative,hansen,122.0,121.33333333333333,174.0,False,0.0027503584910773702,81.07344632768361,29.621984743375425,71.48015896963189,208.0,81.07344632768361,287.0,34.0,0.0027503584910773702,1320.2008316931588,122.0,ROCHOR
BENCOOLEN,transport_services,transport_services,31.233536244486398,47.89156626506024,174.0,Priority for action,Low agreement,85.79226055650689,35.710964008025506,cumulative,hansen,112.0,131.33333333333334,216.0,False,0.017795309414894107,85.81005586592178,28.132372956955145,92.4700356535694,249.0,85.81005586592178,768.0,33.0,0.017795309414894107,2848.0911079902053,112.0,ROCHOR
BENDEMEER,community_spaces,community_spaces,30.576479928427357,65.06024096385542,117.0,Priority for action,Low agreement,80.29067834171289,33.194298472422076,cumulative,hansen,126.0,116.0,154.0,False,0.0006669881928441095,80.29134532990574,29.036021531976715,17.131346218310124,188.0,80.29134532990574,937.0,34.0,0.0006669881928441095,233.44694939749655,126.0,KALLANG
BENDEMEER,education_institutions,education_institutions,46.063954527105324,90.36144578313254,33.0,Needs improvement,Low agreement,46.05236669846221,18.907202238008924,cumulative,2sfca,32.0,75.0,157.0,False,31.22036057426506,77.27272727272727,31.22036057426506,49.850556025310745,175.0,77.27272727272727,306.0,32.0,49.997429284757814,8000627.780466046,18.0,KALLANG
BENDEMEER,emergency_services,emergency_services,21.36503048088628,94.27710843373494,20.0,Priority for action,Low agreement,88.8887899954413,40.318094103768104,cumulative,hansen,103.0,74.0,103.0,False,9.889344758160995e-05,88.88888888888889,7.174446070148449,4.112450184003361,103.0,88.88888888888889,8.0,8.0,9.889344758160995e-05,24.72337839752085,111.0,KALLANG
BENDEMEER,essential_services,essential_services,58.36163898044458,97.89156626506023,8.0,Needs improvement,Low agreement,45.085268388582136,18.43530324587743,cumulative,2sfca,22.0,53.333333333333336,130.0,False,41.92038132893198,87.00564971751412,41.92038132893198,101.15714890204208,134.0,87.00564971751412,308.0,22.0,66.66772790825257,32001206.430762816,4.0,KALLANG
BENDEMEER,transport_services,transport_services,34.80772085786565,62.65060240963856,125.0,Priority for action,Low agreement,84.90884886666292,34.81254257581963,cumulative,hansen,180.0,137.66666666666666,165.0,False,0.007352250655517973,84.91620111731844,35.64454991841061,117.16227446771364,180.0,84.91620111731844,760.0,34.0,0.007352250655517973,1176.7078181944892,199.0,KALLANG
BENOI SECTOR,community_spaces,community_spaces,9.298613678162166,8.734939759036145,304.0,Priority for action,High agreement,13.624648959848974,6.313219205078276,cumulative,hansen,302.0,302.3333333333333,5.0,True,2.970339009888364e-05,13.624678663239074,13.147338068994644,7.756971803491523,302.0,13.624678663239074,159.0,300.0,2.970339009888364e-05,10.39623471561042,305.0,PIONEER
BENOI SECTOR,education_institutions,education_institutions,13.811285991186296,13.855421686746988,287.0,Priority for action,Moderate agreement,20.349473650291188,9.124879864183695,2sfca,hansen,294.0,279.6666666666667,53.0,True,0.0002319120963310537,20.34970556238752,20.34970556238752,32.493030784294746,246.0,18.181818181818183,72.0,294.0,0.0002319120963310537,37.11075523432952,299.0,PIONEER
BENOI SECTOR,emergency_services,emergency_services,14.766229449183463,63.25301204819277,123.0,Priority for action,Low agreement,44.444414341319636,18.803366037643247,cumulative,hansen,125.0,134.33333333333334,216.0,False,3.0103124805560116e-05,44.44444444444444,11.754663058714266,6.737867395762133,31.0,44.44444444444444,4.0,125.0,3.0103124805560116e-05,7.525786224628078,247.0,PIONEER
BENOI SECTOR,essential_services,essential_services,12.465511155321114,12.349397590361445,292.0,Priority for action,Moderate agreement,19.16812591104311,8.148895933257522,2sfca,hansen,294.0,288.0,28.0,True,0.00011533449521325605,19.168241245538322,19.168241245538322,46.25446077531149,271.0,14.40677966101695,51.0,294.0,0.00011533449521325605,55.36176356552202,299.0,PIONEER
BENOI SECTOR,transport_services,transport_services,44.54043128304272,86.74698795180723,45.0,Needs improvement,Low agreement,70.31402797568167,29.224722447324325,2sfca,hansen,87.0,97.33333333333333,169.0,False,0.02536100447722466,70.33938898015889,70.33938898015889,231.20288561500567,18.0,46.81564245810056,419.0,187.0,0.02536100447722466,4058.960125797462,87.0,PIONEER
BIDADARI,community_spaces,community_spaces,31.59348214177985,69.57831325301204,102.0,Priority for action,Low agreement,73.17881134825278,29.901716470027146,cumulative,hansen,130.0,132.0,164.0,False,0.00028033983633860243,73.17909168808912,33.915159404422255,20.01005327697799,130.0,73.17909168808912,854.0,51.0,0.00028033983633860243,98.11939744956784,215.0,TOA PAYOH
BIDADARI,education_institutions,education_institutions,42.02585520836005,85.54216867469879,49.0,Needs improvement,Low agreement,92.42203690229742,37.73335446529823,cumulative,hansen,78.0,96.0,204.0,False,0.0022055219450042114,92.42424242424242,47.08069013385613,75.1752554441258,78.0,92.42424242424242,366.0,3.0,0.0022055219450042114,352.92934848967553,207.0,TOA PAYOH
BIDADARI,emergency_services,emergency_services,16.489123787844626,73.19277108433735,90.0,Priority for action,Low agreement,66.66662688302212,30.049983635066976,cumulative,hansen,146.0,144.33333333333334,147.0,False,3.978364453931399e-05,66.66666666666666,6.311557038835865,3.617835251937603,146.0,66.66666666666666,6.0,70.0,3.978364453931399e-05,9.94591777343224,217.0,TOA PAYOH
BIDADARI,essential_services,essential_services,45.78675378939083,87.34939759036145,43.0,Needs improvement,Low agreement,92.93629093975797,38.124691319088605,cumulative,hansen,65.0,84.33333333333333,170.0,False,0.0015621675866645786,92.93785310734464,54.3974290352918,131.26523791932962,65.0,92.93785310734464,329.0,9.0,0.0015621675866645786,749.8567746166057,179.0,TOA PAYOH
BIDADARI,transport_services,transport_services,40.03050140670323,77.71084337349397,75.0,Needs improvement,Low agreement,84.79894058117532,34.663669259545436,cumulative,hansen,115.0,124.66666666666667,187.0,False,0.005528692567709994,84.80446927374302,46.135897888368625,151.6469346249072,115.0,84.80446927374302,759.0,36.0,0.005528692567709994,884.8522817887776,223.0,TOA PAYOH
BISHAN EAST,community_spaces,community_spaces,37.960528001601354,88.55421686746988,39.0,Priority for action,Low agreement,72.32169850661808,29.963390954786355,cumulative,hansen,57.0,88.66666666666667,95.0,False,0.000495152336500714,72.32219365895457,46.991881448218976,27.725361398174257,57.0,72.32219365895457,844.0,57.0,0.000495152336500714,173.30412094738662,152.0,BISHAN
BISHAN EAST,education_institutions,education_institutions,52.76874388453804,96.98795180722891,11.0,Needs improvement,Moderate agreement,28.76380550268052,12.67113375597894,cumulative,2sfca,44.0,47.0,75.0,False,45.731143992268976,74.4949494949495,45.731143992268976,73.020391621208,86.0,74.4949494949495,295.0,44.0,50.01393996471217,8003269.832399654,11.0,BISHAN
BISHAN EAST,emergency_services,emergency_services,8.70279487765368,23.19277108433735,256.0,Priority for action,Low agreement,33.333273031464216,14.847006121586157,cumulative,hansen,182.0,205.0,91.0,True,6.030186911023102e-05,33.33333333333333,4.0722202408525625,2.3342293906810037,262.0,33.33333333333333,3.0,182.0,6.030186911023102e-05,15.075477339989654,171.0,BISHAN
BISHAN EAST,essential_services,essential_services,51.16546748791045,96.08433734939759,14.0,Needs improvement,Low agreement,43.492574694672975,17.832242241335397,cumulative,hansen,53.0,48.666666666666664,73.0,False,33.34358349741742,76.8361581920904,51.59032160053428,124.49146879414714,83.0,76.8361581920904,272.0,53.0,33.34358349741742,16005268.697782436,10.0,BISHAN
BISHAN EAST,transport_services,transport_services,34.73510873822315,62.048192771084345,127.0,Priority for action,Low agreement,67.14104941758768,27.738330778150495,cumulative,hansen,142.0,134.0,74.0,False,0.009788571239142342,67.15083798882682,42.604009138172074,140.03775117085476,142.0,67.15083798882682,601.0,93.0,0.009788571239142342,1566.634333584352,167.0,BISHAN
BOAT QUAY,community_spaces,community_spaces,23.06118160784004,38.55421686746988,205.0,Priority for action,Low agreement,66.40682034207812,27.863570486015632,cumulative,hansen,73.0,130.66666666666666,229.0,False,0.0027769158481912803,66.40959725792631,19.55685816300064,11.538609301683486,274.0,66.40959725792631,775.0,73.0,0.0027769158481912803,971.925051221004,45.0,SINGAPORE RIVER
BOAT QUAY,education_institutions,education_institutions,21.33646487179088,28.313253012048197,239.0,Priority for action,Low agreement,61.36022438182907,25.740213378194902,cumulative,hansen,160.0,173.0,161.0,False,0.0034119818072935832,61.36363636363637,18.125428009042835,28.94145512183267,260.0,61.36363636363637,243.0,99.0,0.0034119818072935832,545.9880002710427,160.0,SINGAPORE RIVER
BOAT QUAY,emergency_services,emergency_services,20.820834414110646,89.45783132530121,36.0,Priority for action,Low agreement,88.88861946211739,40.544281167515386,cumulative,hansen,31.0,66.33333333333333,152.0,False,0.00026942677149620185,88.88888888888889,6.085951616602834,3.4885164096042907,160.0,88.88888888888889,8.0,8.0,0.00026942677149620185,67.35673783266584,31.0,SINGAPORE RIVER
BOAT QUAY,essential_services,essential_services,24.092729144648743,33.13253012048193,223.0,Priority for action,Low agreement,64.68126793034723,26.827122613737817,cumulative,hansen,86.0,132.33333333333334,195.0,False,0.007997606375927878,64.68926553672316,22.30495351078267,53.823592057502246,253.0,64.68926553672316,229.0,86.0,0.007997606375927878,3838.9346782639022,58.0,SINGAPORE RIVER
BOAT QUAY,transport_services,transport_services,43.04373079627088,83.13253012048193,57.0,Needs improvement,Low agreement,52.94171500285472,21.623498376729188,cumulative,2sfca,54.0,117.33333333333333,248.0,False,24.935379969212324,77.87709497206704,24.935379969212324,81.96164178245436,273.0,77.87709497206704,697.0,54.0,50.00207272417102,8002696.406481027,25.0,SINGAPORE RIVER
BOON KENG,community_spaces,community_spaces,40.742466940906034,90.96385542168674,31.0,Needs improvement,Low agreement,97.42776680375975,39.88206554718637,cumulative,hansen,62.0,47.0,75.0,False,0.0015391088366336937,97.42930591259639,42.51228805147153,25.082386866955417,77.0,97.42930591259639,1137.0,2.0,0.0015391088366336937,538.690589365264,62.0,KALLANG
BOON KENG,education_institutions,education_institutions,38.97386698163197,78.01204819277109,74.0,Priority for action,Low agreement,86.85793392809194,35.45979252814918,cumulative,hansen,71.0,65.0,90.0,False,0.010752940594946941,86.86868686868688,43.193807451432214,68.96894458288281,107.0,86.86868686868688,344.0,17.0,0.010752940594946941,1720.6939731971524,71.0,KALLANG
BOON KENG,emergency_services,emergency_services,24.426009093666718,98.49397590361446,6.0,Priority for action,Low agreement,99.99982738379958,45.19868764334273,cumulative,hansen,53.0,38.333333333333336,60.0,False,0.00017261620042199297,100.0,8.851914617613184,5.073988645541823,61.0,100.0,9.0,1.0,0.00017261620042199297,43.15407890955999,53.0,KALLANG
BOON KENG,essential_services,essential_services,46.189254772802954,88.25301204819277,40.0,Needs improvement,Low agreement,95.19085342483275,38.98937106905961,cumulative,hansen,64.0,46.0,60.0,False,0.0068866881615993044,95.19774011299435,54.295281487511204,131.0187479215469,67.0,95.19774011299435,337.0,7.0,0.0068866881615993044,3305.6823203412255,64.0,KALLANG
BOON KENG,transport_services,transport_services,56.92229827538513,96.3855421686747,13.0,Needs improvement,Low agreement,48.19979541350509,21.853267590130294,cumulative,2sfca,13.0,44.0,113.0,False,46.10188056414854,94.30167597765363,46.10188056414854,151.53512097917303,116.0,94.30167597765363,844.0,3.0,50.03674265926712,8008245.235757305,13.0,KALLANG
BOON LAY PLACE,community_spaces,community_spaces,20.807527430825147,28.915662650602407,237.0,Priority for action,Low agreement,30.762040474084873,14.171309957053493,cumulative,hansen,184.0,184.33333333333334,109.0,True,0.0005987718448604412,30.762639245929734,29.30963990017148,17.292781936770087,184.0,30.762639245929734,359.0,239.0,0.0005987718448604412,209.57111695146787,130.0,JURONG WEST
BOON LAY PLACE,education_institutions,education_institutions,29.428651798213863,57.53012048192772,142.0,Priority for action,Low agreement,42.92131085841216,19.945540261019943,cumulative,hansen,118.0,140.66666666666666,122.0,False,0.007982070880767021,42.92929292929293,41.6807971821821,66.5530723185408,118.0,42.92929292929293,170.0,213.0,0.007982070880767021,1277.297232035538,91.0,JURONG WEST
BOON LAY PLACE,emergency_services,emergency_services,13.337527686581158,59.036144578313255,137.0,Priority for action,Low agreement,44.4442853750079,19.200866238048377,cumulative,hansen,63.0,80.66666666666667,71.0,False,0.00015906943653870955,44.44444444444444,8.897182153722614,5.099936361279374,54.0,44.44444444444444,4.0,125.0,0.00015906943653870955,39.76738567822232,63.0,JURONG WEST
BOON LAY PLACE,essential_services,essential_services,26.789300786360762,43.07228915662651,190.0,Priority for action,Low agreement,39.335659779961546,17.726164749760322,2sfca,hansen,145.0,159.0,134.0,True,0.0035335357292225734,39.33919331569077,39.33919331569077,94.9285409571186,145.0,35.59322033898305,126.0,233.0,0.0035335357292225734,1696.13409439937,99.0,JURONG WEST
BOON LAY PLACE,transport_services,transport_services,43.983132883679325,85.2409638554217,50.0,Needs improvement,Low agreement,66.58243607814414,28.786852476065736,2sfca,hansen,138.0,105.66666666666667,133.0,False,0.012938248496496775,66.59537432664064,66.59537432664064,218.8964524169229,23.0,53.40782122905028,478.0,156.0,0.012938248496496775,2070.7316538704526,138.0,JURONG WEST
BOON TECK,community_spaces,community_spaces,29.916302354274805,63.85542168674698,121.0,Priority for action,Low agreement,67.78025436343158,27.67667272546249,cumulative,hansen,146.0,132.0,112.0,False,0.00037974110998159085,67.78063410454156,32.720123222066995,19.304978080612347,146.0,67.78063410454156,791.0,69.0,0.00037974110998159085,132.91000446051527,181.0,TOA PAYOH
BOON TECK,education_institutions,education_institutions,31.895566339426757,63.55421686746988,122.0,Priority for action,Low agreement,72.98119194386352,29.815816047034836,cumulative,hansen,53.0,82.33333333333333,130.0,False,0.25113128845971083,73.23232323232324,34.347524612848396,54.8437996406403,162.0,73.23232323232324,290.0,53.0,0.25113128845971083,40186.22540674348,32.0,TOA PAYOH
BOON TECK,emergency_services,emergency_services,13.69412410134562,60.8433734939759,131.0,Priority for action,Low agreement,55.5509400789208,25.059711595772207,cumulative,hansen,92.0,102.66666666666667,200.0,False,0.004615476634753566,55.55555555555556,5.1632566944881635,2.959620259974312,208.0,55.55555555555556,5.0,92.0,0.004615476634753566,1153.8699288621856,8.0,TOA PAYOH
BOON TECK,essential_services,essential_services,37.321063055139675,74.09638554216868,87.0,Priority for action,Low agreement,78.92855834853391,32.25933241945408,cumulative,hansen,43.0,66.0,103.0,False,0.16748684920619838,79.09604519774011,42.90321592165959,103.5288054111399,129.0,79.09604519774011,280.0,43.0,0.16748684920619838,80395.43875354013,26.0,TOA PAYOH
BOON TECK,transport_services,transport_services,31.524012204080975,49.6987951807229,168.0,Priority for action,Low agreement,69.47843157509575,28.365353008822932,cumulative,hansen,107.0,126.66666666666667,99.0,False,0.01877512881487262,69.49720670391062,35.237876649308774,115.82555496130232,186.0,69.49720670391062,622.0,87.0,0.01877512881487262,3004.9085510282816,107.0,TOA PAYOH
BOULEVARD,community_spaces,community_spaces,28.92960458417168,59.63855421686747,135.0,Priority for action,Low agreement,78.66289710637903,32.68802874975713,cumulative,hansen,193.0,152.33333333333334,188.0,False,0.0003419681710940634,78.66323907455013,26.39370835762065,15.57237293551224,226.0,78.66323907455013,918.0,38.0,0.0003419681710940634,119.68941457950022,193.0,ORCHARD
BOULEVARD,education_institutions,education_institutions,29.05418317210976,56.325301204819276,146.0,Priority for action,Low agreement,79.03795830712274,32.84660631655089,cumulative,hansen,196.0,142.33333333333334,173.0,False,0.0024457332813089534,79.04040404040404,26.49073728808911,42.298614078795325,202.0,79.04040404040404,313.0,29.0,0.0024457332813089534,391.36815460262267,196.0,ORCHARD
BOULEVARD,emergency_services,emergency_services,12.716029640497034,55.72289156626506,148.0,Priority for action,Low agreement,55.555459418368365,25.46629890981076,cumulative,hansen,116.0,165.66666666666666,197.0,False,9.613718719061126e-05,55.55555555555556,3.209779376459529,1.8398713514976712,289.0,55.55555555555556,5.0,92.0,9.613718719061126e-05,24.034312839840453,116.0,ORCHARD
BOULEVARD,essential_services,essential_services,32.07434771966291,59.63855421686747,135.0,Priority for action,Low agreement,82.20128024865322,33.87738691745597,cumulative,hansen,142.0,121.33333333333333,162.0,False,0.0021095818552640307,82.20338983050848,31.26607375800926,75.44747396031744,192.0,82.20338983050848,291.0,30.0,0.0021095818552640307,1012.6213469551752,142.0,ORCHARD
BOULEVARD,transport_services,transport_services,49.377562665745785,93.37349397590361,23.0,Needs improvement,Low agreement,59.668565161726086,24.997068839649423,cumulative,2sfca,28.0,80.66666666666667,198.0,False,32.063278413692906,91.73184357541899,32.063278413692906,105.39077178526802,206.0,91.73184357541899,821.0,8.0,49.998515812718445,8002127.132429996,28.0,ORCHARD
BRADDELL,community_spaces,community_spaces,29.822888085568692,63.25301204819277,123.0,Priority for action,Low agreement,64.60982546184378,26.38628118740657,cumulative,hansen,133.0,141.0,134.0,False,0.0002859349000033703,64.61011139674379,33.80156005149986,19.943029292891666,133.0,64.61011139674379,754.0,78.0,0.0002859349000033703,100.07767880782588,212.0,TOA PAYOH
BRADDELL,education_institutions,education_institutions,32.6463812581806,65.96385542168674,114.0,Priority for action,Low agreement,73.22801355605964,29.896644939127228,cumulative,hansen,141.0,114.33333333333333,96.0,False,0.00430967626360612,73.23232323232324,35.99724741767373,57.477965217061225,149.0,73.23232323232324,290.0,53.0,0.00430967626360612,689.6377700349849,141.0,TOA PAYOH
BRADDELL,emergency_services,emergency_services,13.69281078079179,60.54216867469879,132.0,Priority for action,Low agreement,55.555317814100235,25.06089004058846,cumulative,hansen,92.0,111.33333333333333,174.0,False,0.00023774145531960992,55.55555555555556,5.1632566944881635,2.959620259974312,208.0,55.55555555555556,5.0,92.0,0.00023774145531960992,59.43540350126323,34.0,TOA PAYOH
BRADDELL,essential_services,essential_services,37.45965208908361,74.69879518072288,85.0,Priority for action,Low agreement,77.96243175017783,31.90655787843275,cumulative,hansen,95.0,87.0,78.0,False,0.0036699447374223763,77.96610169491525,43.73066153335866,105.52549619250968,122.0,77.96610169491525,276.0,44.0,0.0036699447374223763,1761.6118445399618,95.0,TOA PAYOH
BRADDELL,transport_services,transport_services,31.515754949078083,49.39759036144578,169.0,Priority for action,Low agreement,67.48421310721406,27.564041963673883,cumulative,hansen,92.0,106.66666666666667,128.0,False,0.22528409948983424,67.7094972067039,35.8125405557807,117.71445327789957,178.0,67.7094972067039,606.0,92.0,0.22528409948983424,36056.110381062215,50.0,TOA PAYOH
BRAS BASAH,community_spaces,community_spaces,31.44977577105119,68.97590361445783,104.0,Priority for action,Low agreement,82.37666581091291,34.57274582293373,cumulative,hansen,20.0,83.0,205.0,False,2.884688087973114,85.26135389888603,27.0641971297641,15.967963470476867,217.0,85.26135389888603,995.0,20.0,2.884688087973114,1009645.5099588468,12.0,MUSEUM
BRAS BASAH,education_institutions,education_institutions,24.251325965818545,34.33734939759036,219.0,Priority for action,Low agreement,68.93517726059127,28.858186416182377,cumulative,hansen,144.0,153.0,167.0,False,0.004216678802670194,68.93939393939394,20.92436434859791,33.41060699067053,241.0,68.93939393939394,273.0,74.0,0.004216678802670194,674.7562435221088,144.0,MUSEUM
BRAS BASAH,emergency_services,emergency_services,23.425066962018025,96.08433734939759,14.0,Priority for action,Low agreement,99.99961762691173,45.61162104664304,cumulative,hansen,21.0,46.666666666666664,117.0,False,0.0003823730882667825,100.0,6.849904500183094,3.926420346149531,118.0,100.0,9.0,1.0,0.0003823730882667825,95.59333587239878,21.0,MUSEUM
BRAS BASAH,essential_services,essential_services,29.37270722270237,50.903614457831324,164.0,Priority for action,Low agreement,77.6814571418812,32.1476626451375,cumulative,hansen,140.0,135.0,173.0,False,0.0021586773278377855,77.68361581920904,27.670672911324424,66.77149136471989,219.0,77.68361581920904,275.0,46.0,0.0021586773278377855,1036.1876871012012,140.0,MUSEUM
BRAS BASAH,transport_services,transport_services,30.846295763914377,45.78313253012048,181.0,Priority for action,Low agreement,84.74003575681311,35.30323842925511,cumulative,hansen,52.0,113.66666666666667,221.0,False,0.176165360505328,84.91620111731844,27.620411864598175,90.78723909261365,255.0,84.91620111731844,760.0,34.0,0.176165360505328,28194.78914882915,52.0,MUSEUM
BRICKLAND,community_spaces,community_spaces,35.85030093229725,83.73493975903614,55.0,Priority for action,Low agreement,56.64048600351552,25.10228061602009,cumulative,hansen,113.0,105.33333333333333,109.0,False,0.00047372227710908865,56.64095972579263,49.043933740911186,28.936078859775275,47.0,56.64095972579263,661.0,113.0,0.00047372227710908865,165.80356539924458,156.0,TENGAH
BRICKLAND,education_institutions,education_institutions,42.6406424349166,86.44578313253012,46.0,Needs improvement,Low agreement,66.9101422668226,29.758024766207726,cumulative,hansen,78.0,65.66666666666667,45.0,False,0.009049652369320354,66.91919191919192,58.508178310734834,93.4218941475764,37.0,66.91919191919192,265.0,78.0,0.009049652369320354,1448.1324577145308,82.0,TENGAH
BRICKLAND,emergency_services,emergency_services,12.792833436408218,56.024096385542165,147.0,Priority for action,Low agreement,44.44435583111407,19.374963131190587,cumulative,hansen,125.0,110.0,53.0,False,8.861333036711657e-05,44.44444444444444,7.807835927040436,4.475514343668502,76.0,44.44444444444444,4.0,125.0,8.861333036711657e-05,22.153347378478383,129.0,TENGAH
BRICKLAND,essential_services,essential_services,42.395077554553936,83.43373493975903,56.0,Needs improvement,Low agreement,61.17128079202267,28.346900265453517,2sfca,hansen,108.0,101.66666666666667,117.0,False,0.0019094425285278345,61.1731902345512,61.1731902345512,147.6156780353195,40.0,59.03954802259888,209.0,108.0,0.0019094425285278345,916.5523775939728,157.0,TENGAH
BRICKLAND,transport_services,transport_services,39.46217719031435,76.20481927710844,80.0,Priority for action,Low agreement,58.64575161830915,26.921909339973794,cumulative,hansen,121.0,101.0,82.0,False,0.013466258785825651,58.659217877094974,55.45258747451922,182.27053752974476,50.0,58.659217877094974,525.0,121.0,0.013466258785825651,2155.238271592213,132.0,TENGAH
BRICKWORKS,community_spaces,community_spaces,25.76580788593828,47.89156626506024,174.0,Priority for action,Low agreement,43.95872195766023,18.812060271040995,cumulative,hansen,179.0,189.66666666666666,132.0,False,0.000146936941313308,43.958868894601544,33.947980051871156,20.02941756467619,129.0,43.958868894601544,513.0,179.0,0.000146936941313308,51.42816780177681,261.0,BUKIT BATOK
BRICKWORKS,education_institutions,education_institutions,27.51209370995751,49.39759036144578,169.0,Priority for action,Low agreement,47.725768090709686,20.29749854245094,cumulative,hansen,175.0,186.66666666666666,81.0,False,0.00150463656303856,47.72727272727273,35.93237554706811,57.37438221031153,152.0,47.72727272727273,189.0,175.0,0.00150463656303856,240.77312089766107,233.0,BUKIT BATOK
BRICKWORKS,emergency_services,emergency_services,5.975245449909448,11.74698795180723,294.0,Priority for action,Moderate agreement,22.222196677204924,9.833780419210772,cumulative,hansen,264.0,270.3333333333333,43.0,True,2.554501729725009e-05,22.22222222222222,3.0615866839196277,1.7549261083743843,295.0,22.22222222222222,2.0,252.0,2.554501729725009e-05,6.386258586949828,264.0,BUKIT BATOK
BRICKWORKS,essential_services,essential_services,48.761050224744345,92.46987951807229,26.0,Needs improvement,Moderate agreement,26.884106403315542,11.745578640226766,hansen,2sfca,143.0,108.0,171.0,False,39.78220225821818,66.66630866153372,39.78220225821818,95.9975560792032,143.0,44.35028248587571,157.0,176.0,66.66630866153372,32000525.177499037,5.0,BUKIT BATOK
BRICKWORKS,transport_services,transport_services,26.451378238089234,27.10843373493976,243.0,Priority for action,Low agreement,43.68418746593869,18.948329707397214,cumulative,hansen,202.0,216.33333333333334,81.0,False,0.002963372050129627,43.687150837988824,35.42611811775286,116.44429747993516,183.0,43.687150837988824,391.0,202.0,0.002963372050129627,474.27967611380353,264.0,BUKIT BATOK
BUGIS,community_spaces,community_spaces,30.41580102115359,64.7590361445783,118.0,Priority for action,Low agreement,83.20390356224524,34.607878666717404,cumulative,hansen,97.0,110.0,185.0,False,0.0008950667179007676,83.20479862896315,27.549145550691183,16.254084600665983,209.0,83.20479862896315,971.0,24.0,0.0008950667179007676,313.2748031268379,97.0,DOWNTOWN CORE
BUGIS,education_institutions,education_institutions,25.6348213370207,38.855421686746986,204.0,Priority for action,Low agreement,70.45107848495881,29.325660566136325,cumulative,hansen,157.0,150.33333333333334,158.0,False,0.0034669695866440223,70.45454545454545,23.08574431047123,36.86175204151165,226.0,70.45454545454545,279.0,68.0,0.0034669695866440223,554.7871877762967,157.0,DOWNTOWN CORE
BUGIS,emergency_services,emergency_services,18.19108909217744,80.12048192771084,67.0,Priority for action,Low agreement,77.77764137614048,35.48767909926136,cumulative,hansen,76.0,101.33333333333333,162.0,False,0.00013640163730747518,77.77777777777779,5.270985232261381,3.0213711241743013,195.0,77.77777777777779,7.0,33.0,0.00013640163730747518,34.10043208789107,76.0,DOWNTOWN CORE
BUGIS,essential_services,essential_services,31.712892068901223,58.734939759036145,138.0,Priority for action,Low agreement,81.3540014056216,33.53217384518618,cumulative,hansen,155.0,128.0,163.0,False,0.0019307977682317219,81.35593220338984,30.882252777785567,74.52128400647226,196.0,81.35593220338984,288.0,33.0,0.0019307977682317219,926.8031159284636,155.0,DOWNTOWN CORE
BUGIS,transport_services,transport_services,31.999685511983465,52.108433734939766,160.0,Priority for action,Low agreement,85.61016747109413,35.53957750507774,cumulative,hansen,47.0,104.66666666666667,203.0,False,0.3116202384030755,85.92178770949721,29.443683797126198,96.78026431181527,235.0,85.92178770949721,769.0,32.0,0.3116202384030755,49873.9757412006,47.0,DOWNTOWN CORE
BUKIT BATOK CENTRAL,community_spaces,community_spaces,31.09102100669309,66.86746987951807,111.0,Priority for action,Low agreement,50.98438268898919,22.186331193887852,cumulative,hansen,85.0,104.0,65.0,False,0.001050044515515023,50.98543273350471,41.78723889327498,24.65460552850034,81.0,50.98543273350471,595.0,146.0,0.001050044515515023,367.5172836767844,85.0,BUKIT BATOK
BUKIT BATOK CENTRAL,education_institutions,education_institutions,36.49113299234149,74.69879518072288,85.0,Priority for action,Low agreement,61.352098789023145,26.406435650648632,cumulative,hansen,70.0,78.66666666666667,32.0,False,0.011537574613219657,61.36363636363637,48.4298888944605,77.32956459263156,70.0,61.36363636363637,243.0,99.0,0.011537574613219657,1846.2517231434117,67.0,BUKIT BATOK
BUKIT BATOK CENTRAL,emergency_services,emergency_services,12.146652208934432,49.096385542168676,170.0,Priority for action,Low agreement,44.444408114640666,19.59694194382525,cumulative,hansen,133.0,163.33333333333334,107.0,False,3.632980377907139e-05,44.44444444444444,6.515504842208817,3.7347397729706575,133.0,44.44444444444444,4.0,125.0,3.632980377907139e-05,9.082457007037256,232.0,BUKIT BATOK
BUKIT BATOK CENTRAL,essential_services,essential_services,38.386044542761084,77.71084337349397,75.0,Priority for action,Low agreement,57.33633166907031,26.239300297575546,cumulative,hansen,73.0,80.66666666666667,59.0,False,0.0083010992912668,57.34463276836158,53.829255318602776,129.8941904374292,73.0,57.34463276836158,203.0,114.0,0.0083010992912668,3984.614450752933,55.0,BUKIT BATOK
BUKIT BATOK CENTRAL,transport_services,transport_services,34.3356843298498,60.54216867469879,132.0,Priority for action,Low agreement,55.404576755078274,24.2893629499166,cumulative,hansen,127.0,127.33333333333333,35.0,False,0.014417658329545438,55.418994413407816,46.49512029933875,152.82768497258652,110.0,55.418994413407816,496.0,145.0,0.014417658329545438,2307.5071935557926,127.0,BUKIT BATOK
BUKIT BATOK EAST,community_spaces,community_spaces,32.12680572741897,72.28915662650603,93.0,Priority for action,Low agreement,47.35148038495536,20.73540777122779,cumulative,hansen,78.0,81.0,137.0,False,2.862744122328274,50.21422450728363,42.45027517852752,25.045799072197585,78.0,50.21422450728363,586.0,151.0,2.862744122328274,1001965.0863884874,14.0,BUKIT BATOK
BUKIT BATOK EAST,education_institutions,education_institutions,50.058458489155,94.27710843373494,20.0,Needs improvement,High agreement,12.652980951309736,5.319309119429,cumulative,2sfca,80.0,65.66666666666667,99.0,False,46.43792813959936,59.09090909090909,46.43792813959936,74.148936650356,80.0,59.09090909090909,234.0,108.0,50.07104200391168,8012407.345421351,9.0,BUKIT BATOK
BUKIT BATOK EAST,emergency_services,emergency_services,12.146653705146369,50.0,167.0,Priority for action,Low agreement,44.44440312726754,19.596940502807314,cumulative,hansen,133.0,157.0,88.0,False,4.131717690061615e-05,44.44444444444444,6.515504842208817,3.7347397729706575,133.0,44.44444444444444,4.0,125.0,4.131717690061615e-05,10.329301119654737,213.0,BUKIT BATOK
BUKIT BATOK EAST,essential_services,essential_services,46.87374068037761,90.36144578313254,33.0,Needs improvement,Moderate agreement,21.980203813126067,9.592369481994657,cumulative,hansen,84.0,71.66666666666667,115.0,False,33.38702782529201,55.367231638418076,51.56837201021277,124.4385027211749,84.0,55.367231638418076,196.0,123.0,33.38702782529201,16026122.429388134,8.0,BUKIT BATOK
BUKIT BATOK EAST,transport_services,transport_services,33.197633328082844,57.22891566265061,143.0,Priority for action,Low agreement,53.44513572150897,23.435762380893504,cumulative,hansen,127.0,116.0,89.0,False,0.07441735111673535,53.519553072625705,44.94279501644535,147.7252510444311,127.0,53.519553072625705,479.0,155.0,0.07441735111673535,11910.295632081885,66.0,BUKIT BATOK
BUKIT BATOK SOUTH,community_spaces,community_spaces,30.059350337610674,64.1566265060241,120.0,Priority for action,Low agreement,49.35680134777129,21.465483447904443,cumulative,hansen,147.0,129.66666666666666,68.0,False,0.0005251303778093402,49.3573264781491,40.37545500573502,23.821648488010357,87.0,49.3573264781491,576.0,155.0,0.0005251303778093402,183.79648403191064,147.0,BUKIT BATOK
BUKIT BATOK SOUTH,education_institutions,education_institutions,32.493019386393726,65.36144578313254,116.0,Priority for action,Low agreement,55.04755860166483,23.62196174009624,cumulative,hansen,133.0,139.66666666666666,64.0,False,0.002946448840216828,55.05050505050505,42.9640688832813,68.60211360617006,111.0,55.05050505050505,218.0,133.0,0.002946448840216828,471.49305038263833,175.0,BUKIT BATOK
BUKIT BATOK SOUTH,emergency_services,emergency_services,15.207614815019408,65.96385542168674,114.0,Priority for action,Low agreement,55.555498858650495,24.48752863259193,cumulative,hansen,92.0,114.33333333333333,103.0,False,5.669690505943637e-05,55.55555555555556,8.192973389673554,4.696278234509119,74.0,55.55555555555556,5.0,92.0,5.669690505943637e-05,14.174235725739072,177.0,BUKIT BATOK
BUKIT BATOK SOUTH,essential_services,essential_services,33.005043323482234,64.1566265060241,120.0,Priority for action,Low agreement,50.281213051597746,22.739576138050182,cumulative,hansen,142.0,150.0,88.0,False,0.0012728241084720006,50.282485875706215,45.8963286022169,110.75141969825664,110.0,50.282485875706215,178.0,142.0,0.0012728241084720006,610.9688798952164,198.0,BUKIT BATOK
BUKIT BATOK SOUTH,transport_services,transport_services,46.399037155619865,90.06024096385542,34.0,Needs improvement,High agreement,9.62915146390089,4.19181351548797,cumulative,2sfca,146.0,110.33333333333333,139.0,False,42.1026921115181,51.73184357541899,42.1026921115181,138.38994124741305,146.0,51.73184357541899,463.0,162.0,50.004407949256716,8003070.152935592,23.0,BUKIT BATOK
BUKIT BATOK WEST,community_spaces,community_spaces,32.90282294562169,74.09638554216868,87.0,Priority for action,Low agreement,53.98419665579939,23.48625074981966,cumulative,hansen,126.0,125.66666666666667,113.0,False,0.00037917967619130786,53.98457583547558,44.21158804924744,26.084979338469225,69.0,53.98457583547558,630.0,126.0,0.00037917967619130786,132.71350172323088,182.0,BUKIT BATOK
BUKIT BATOK WEST,education_institutions,education_institutions,31.440299748587854,61.44578313253012,129.0,Priority for action,Low agreement,53.73949969570858,22.967791471913355,cumulative,hansen,121.0,102.33333333333333,96.0,False,0.04837909217019935,53.78787878787878,41.33642052672207,66.00319501280046,121.0,53.78787878787878,213.0,141.0,0.04837909217019935,7741.660208290431,45.0,BUKIT BATOK
BUKIT BATOK WEST,emergency_services,emergency_services,12.146652773707395,49.6987951807229,168.0,Priority for action,Low agreement,44.44440623206412,19.596941399886266,cumulative,hansen,133.0,160.33333333333334,98.0,False,3.8212380322450067e-05,44.44444444444444,6.515504842208817,3.7347397729706575,133.0,44.44444444444444,4.0,125.0,3.8212380322450067e-05,9.553101457023072,223.0,BUKIT BATOK
BUKIT BATOK WEST,essential_services,essential_services,32.88251121812054,63.25301204819277,123.0,Priority for action,Low agreement,49.96840945063457,22.619439372934323,cumulative,hansen,112.0,99.33333333333333,104.0,False,0.03159054936543337,50.0,45.74606810662182,110.38882940577484,112.0,50.0,177.0,145.0,0.03159054936543337,15163.79398583488,41.0,BUKIT BATOK
BUKIT BATOK WEST,transport_services,transport_services,30.960264510752946,46.98795180722892,177.0,Priority for action,Low agreement,50.38051835680977,21.998893592993795,cumulative,hansen,163.0,159.0,20.0,False,0.010543095704192134,50.391061452513966,41.75777858307779,137.25622365021374,147.0,50.391061452513966,451.0,167.0,0.010543095704192134,1687.3939320586987,163.0,BUKIT BATOK
BUKIT HO SWEE,community_spaces,community_spaces,26.243975854597657,49.39759036144578,169.0,Priority for action,Low agreement,70.0034539034335,29.006307511049467,cumulative,hansen,64.0,114.0,202.0,False,0.005115076857854656,70.00856898029134,24.481455070964067,14.444137337713896,240.0,70.00856898029134,817.0,64.0,0.005115076857854656,1790.2851972658384,38.0,BUKIT MERAH
BUKIT HO SWEE,education_institutions,education_institutions,22.63310814235345,31.32530120481928,229.0,Priority for action,Low agreement,62.6156660432246,26.093646745763337,cumulative,hansen,95.0,138.0,175.0,False,0.010596583038031335,62.62626262626263,20.20935328437903,32.26892577815624,247.0,62.62626262626263,248.0,95.0,0.010596583038031335,1695.6735145167663,72.0,BUKIT MERAH
BUKIT HO SWEE,emergency_services,emergency_services,21.22544754618224,90.96385542168674,31.0,Priority for action,Low agreement,88.8887983235574,40.375615884818345,cumulative,hansen,108.0,80.33333333333333,117.0,False,9.056533149726166e-05,88.88888888888889,6.895285197610029,3.952432926864315,108.0,88.88888888888889,8.0,8.0,9.056533149726166e-05,22.64134798674052,125.0,BUKIT MERAH
BUKIT HO SWEE,essential_services,essential_services,25.868246290346057,40.36144578313253,199.0,Priority for action,Low agreement,66.0945136785442,27.229994369760345,cumulative,hansen,79.0,125.33333333333333,173.0,False,0.0071812367100423675,66.10169491525424,25.29150587256439,61.030375783870504,235.0,66.10169491525424,234.0,79.0,0.0071812367100423675,3447.068703203708,62.0,BUKIT MERAH
BUKIT HO SWEE,transport_services,transport_services,29.908795677579853,42.77108433734939,191.0,Priority for action,Low agreement,80.43757309197802,33.370927835718184,cumulative,hansen,174.0,159.0,205.0,False,0.00935428232365281,80.44692737430168,27.63320783604484,90.82929896213496,254.0,80.44692737430168,720.0,49.0,0.00935428232365281,1497.1275680841572,174.0,BUKIT MERAH
BUKIT MERAH,community_spaces,community_spaces,27.06366563898217,52.108433734939766,160.0,Priority for action,Low agreement,64.43830893683315,26.369945475665112,cumulative,hansen,168.0,148.33333333333334,119.0,False,0.0004228540837202779,64.43873179091688,28.351584849147354,16.727526371119673,198.0,64.43873179091688,752.0,79.0,0.0004228540837202779,147.99961520135068,168.0,BUKIT MERAH
BUKIT MERAH,education_institutions,education_institutions,34.535977122695115,70.18072289156626,100.0,Priority for action,Low agreement,32.429800393634906,15.08801347323306,cumulative,2sfca,155.0,139.66666666666666,248.0,False,18.580300616466094,51.010101010101,18.580300616466094,29.66776487558433,256.0,51.010101010101,202.0,155.0,50.14602204147289,8024405.709738763,8.0,BUKIT MERAH
BUKIT MERAH,emergency_services,emergency_services,21.22557048297628,93.37349397590361,23.0,Priority for action,Low agreement,88.88838853424393,40.37550786818936,cumulative,hansen,16.0,44.0,100.0,False,0.0005003546449578642,88.88888888888889,6.895285197610029,3.952432926864315,108.0,88.88888888888889,8.0,8.0,0.0005003546449578642,125.08874473247572,16.0,BUKIT MERAH
BUKIT MERAH,essential_services,essential_services,33.28657669668699,64.7590361445783,118.0,Priority for action,Low agreement,31.74249885190222,13.339281041305005,cumulative,2sfca,120.0,123.33333333333333,232.0,False,24.189704537928286,55.932203389830505,24.189704537928286,58.3716432500772,241.0,55.932203389830505,198.0,120.0,33.35094583252249,16008802.6956087,9.0,BUKIT MERAH
BUKIT MERAH,transport_services,transport_services,28.3094500555622,36.74698795180723,211.0,Priority for action,Low agreement,69.81467616424437,28.653587183669085,cumulative,hansen,114.0,147.66666666666666,157.0,False,0.017726070392494023,69.83240223463687,28.67530357503415,94.25462786297874,243.0,69.83240223463687,625.0,86.0,0.017726070392494023,2837.009589853827,114.0,BUKIT MERAH
CAIRNHILL,community_spaces,community_spaces,32.493189629750574,72.89156626506023,91.0,Priority for action,Low agreement,88.34578512027626,36.71126759843766,cumulative,hansen,173.0,123.33333333333333,167.0,False,0.0004016834940847948,88.34618680377035,29.647663527896555,17.492216965778802,182.0,88.34618680377035,1031.0,15.0,0.0004016834940847948,140.58987448873677,173.0,NEWTON
CAIRNHILL,education_institutions,education_institutions,27.864411610030608,51.50602409638554,162.0,Priority for action,Low agreement,77.01774520149344,32.08857163073074,cumulative,hansen,193.0,147.66666666666666,180.0,False,0.0024568187085833347,77.02020202020202,24.91926832075526,39.789398926979054,215.0,77.02020202020202,305.0,35.0,0.0024568187085833347,393.1420533545889,193.0,NEWTON
CAIRNHILL,emergency_services,emergency_services,12.597251566813018,54.21686746987952,153.0,Priority for action,Low agreement,55.555317368052584,25.517404252983052,cumulative,hansen,92.0,140.33333333333334,263.0,False,0.00023818750297487952,55.55555555555556,2.9721379989020242,1.7036534027797223,296.0,55.55555555555556,5.0,92.0,0.00023818750297487952,59.54691548951157,33.0,NEWTON
CAIRNHILL,essential_services,essential_services,31.140424722425216,56.325301204819276,146.0,Priority for action,Low agreement,80.78949640548471,33.346819672107756,cumulative,hansen,188.0,143.33333333333334,172.0,False,0.0014640464926888284,80.7909604519774,29.96358683616386,72.30447145606435,207.0,80.7909604519774,286.0,35.0,0.0014640464926888284,702.7576236173173,188.0,NEWTON
CAIRNHILL,transport_services,transport_services,33.62064843368718,57.831325301204814,141.0,Priority for action,Low agreement,90.2724965259696,37.441320860238896,cumulative,hansen,203.0,144.0,205.0,False,0.006833082968956932,90.27932960893855,31.12546517401756,102.30821547756312,217.0,90.27932960893855,808.0,12.0,0.006833082968956932,1093.6164351127893,203.0,NEWTON
CECIL,community_spaces,community_spaces,16.70895496250902,16.867469879518072,277.0,Priority for action,Low agreement,49.18518256372634,20.72097852172554,cumulative,hansen,156.0,190.0,184.0,False,0.0007643085958536517,49.1859468723222,13.743072590931648,8.10845709007815,299.0,49.1859468723222,574.0,156.0,0.0007643085958536517,267.50924831141833,115.0,DOWNTOWN CORE
CECIL,education_institutions,education_institutions,14.604986572128947,14.156626506024098,286.0,Priority for action,Low agreement,42.666548273973916,17.951517862832038,cumulative,hansen,215.0,194.66666666666666,221.0,False,0.010219402793757541,42.676767676767675,12.13313443187457,19.373366823231457,295.0,42.676767676767675,169.0,215.0,0.010219402793757541,1635.3168365085262,74.0,DOWNTOWN CORE
CECIL,emergency_services,emergency_services,18.187178933541468,78.01204819277109,74.0,Priority for action,Low agreement,77.77743738090234,35.4892982757904,cumulative,hansen,33.0,85.66666666666667,178.0,False,0.00034039687544540847,77.77777777777779,5.26304251784655,3.016818296396744,201.0,77.77777777777779,7.0,33.0,0.00034039687544540847,85.0992756625828,23.0,DOWNTOWN CORE
CECIL,essential_services,essential_services,18.332828000114084,19.57831325301205,268.0,Priority for action,Low agreement,49.70764194507677,20.64838429718096,cumulative,hansen,148.0,162.33333333333334,235.0,False,0.009872179217012141,49.717514124293785,16.772727042980442,40.473898213542505,287.0,49.717514124293785,176.0,148.0,0.009872179217012141,4738.749241309978,52.0,DOWNTOWN CORE
CECIL,transport_services,transport_services,23.107267665216593,18.072289156626507,273.0,Priority for action,Low agreement,64.5553616771247,26.94862575448399,cumulative,hansen,102.0,164.33333333333334,219.0,False,0.025643909467484606,64.58100558659218,20.366746750115823,66.94471884799958,305.0,64.58100558659218,578.0,102.0,0.025643909467484606,4104.238303792559,86.0,DOWNTOWN CORE
CENTRAL SUBZONE,community_spaces,community_spaces,13.20299487149042,12.349397590361445,292.0,Priority for action,Low agreement,39.24572927015512,16.564069506791938,cumulative,hansen,241.0,250.33333333333334,102.0,True,0.00020046420649405682,39.24592973436161,10.707497570712299,6.317458051667837,306.0,39.24592973436161,458.0,204.0,0.00020046420649405682,70.16279744005168,241.0,DOWNTOWN CORE
CENTRAL SUBZONE,education_institutions,education_institutions,11.261669213439294,11.44578313253012,295.0,Priority for action,Low agreement,33.332453465462706,14.057060561864082,cumulative,hansen,261.0,274.3333333333333,44.0,True,0.0008798678706251286,33.33333333333333,9.18947717282288,14.673134397580704,303.0,33.33333333333333,132.0,261.0,0.0008798678706251286,140.79714556462136,259.0,DOWNTOWN CORE
CENTRAL SUBZONE,emergency_services,emergency_services,10.29346695432094,39.1566265060241,203.0,Priority for action,Low agreement,44.44428900866403,20.321553378278963,cumulative,hansen,125.0,164.33333333333334,238.0,False,0.00015543578041194572,44.44444444444444,2.809062869395853,1.6101774271034357,303.0,44.44444444444444,4.0,125.0,0.00015543578041194572,38.85897104019166,65.0,DOWNTOWN CORE
CENTRAL SUBZONE,essential_services,essential_services,14.86983178617879,15.66265060240964,281.0,Priority for action,Low agreement,40.677077177914946,16.919323236586187,cumulative,hansen,221.0,239.33333333333334,99.0,False,0.0008889237799735925,40.67796610169492,13.467943777411623,32.49919850217804,298.0,40.67796610169492,144.0,199.0,0.0008889237799735925,426.6927084015354,221.0,DOWNTOWN CORE
CENTRAL SUBZONE,transport_services,transport_services,19.108470350497942,9.63855421686747,301.0,Priority for action,Low agreement,53.402146997250114,22.29095191286688,cumulative,hansen,218.0,228.33333333333334,155.0,False,0.005674231800166343,53.40782122905028,16.85040767029567,55.38664656669845,311.0,53.40782122905028,478.0,156.0,0.005674231800166343,908.1454420344612,218.0,DOWNTOWN CORE
CENTRAL WATER CATCHMENT,community_spaces,community_spaces,22.07561777247388,33.13253012048193,223.0,Priority for action,Low agreement,32.87421644712299,14.51978137269771,2sfca,hansen,259.0,220.66666666666666,117.0,True,0.0001506465089470729,32.87436709363194,32.87436709363194,19.395982461598965,143.0,28.19194515852613,329.0,260.0,0.0001506465089470729,52.72652249077579,259.0,CENTRAL WATER CATCHMENT
CENTRAL WATER CATCHMENT,education_institutions,education_institutions,12.508492492273934,12.349397590361445,292.0,Priority for action,Moderate agreement,18.046883812584635,8.364431525966872,2sfca,hansen,295.0,284.0,35.0,True,0.0002526264164162599,18.04713643900105,18.04713643900105,28.816444448448756,261.0,17.424242424242426,69.0,295.0,0.0002526264164162599,40.42547695298577,296.0,CENTRAL WATER CATCHMENT
CENTRAL WATER CATCHMENT,emergency_services,emergency_services,3.369965266395871,6.927710843373494,310.0,Priority for action,High agreement,11.111106422995713,4.789353958109885,cumulative,hansen,306.0,306.3333333333333,15.0,True,4.6881153973112955e-06,11.11111111111111,2.2954832754780585,1.3157894736842106,306.0,11.11111111111111,1.0,299.0,4.6881153973112955e-06,1.1720296316226784,314.0,CENTRAL WATER CATCHMENT
CENTRAL WATER CATCHMENT,essential_services,essential_services,10.92395806540282,11.44578313253012,295.0,Priority for action,Moderate agreement,16.536966123833007,7.152088860249173,2sfca,hansen,296.0,293.6666666666667,9.0,True,0.00013471480987059094,16.53710083864288,16.53710083864288,39.90531380944626,288.0,13.27683615819209,47.0,296.0,0.00013471480987059094,64.66451722912393,297.0,CENTRAL WATER CATCHMENT
CENTRAL WATER CATCHMENT,transport_services,transport_services,16.150390149055124,7.228915662650602,309.0,Priority for action,Moderate agreement,24.120123129983046,10.610843510521343,2sfca,hansen,304.0,299.0,33.0,True,0.0011788865040812133,24.121302016487128,24.121302016487128,79.28579863802908,280.0,20.446927374301676,183.0,304.0,0.0011788865040812133,188.6775942649909,313.0,CENTRAL WATER CATCHMENT
CHANGI AIRPORT,community_spaces,community_spaces,31.699694272017567,70.48192771084338,99.0,Priority for action,Low agreement,60.45162756286879,26.92879306702758,2sfca,hansen,306.0,214.0,280.0,False,1.9850589723908224e-05,60.45164741345851,60.45164741345851,35.666666666666664,28.0,7.369323050556983,86.0,306.0,1.9850589723908224e-05,6.947738602429435,308.0,CHANGI
CHANGI AIRPORT,education_institutions,education_institutions,0.0,2.4096385542168677,318.0,Priority for action,High agreement,0.0,0.0,2sfca,2sfca,318.0,318.0,0.0,True,0.0,0.0,0.0,0.0,318.0,0.0,0.0,318.0,0.0,0.0,318.0,CHANGI
CHANGI AIRPORT,emergency_services,emergency_services,0.0,2.5602409638554215,317.0,Priority for action,High agreement,0.0,0.0,2sfca,2sfca,317.0,317.0,0.0,True,0.0,0.0,0.0,0.0,317.0,0.0,0.0,317.0,0.0,0.0,317.0,CHANGI
CHANGI AIRPORT,essential_services,essential_services,2.9322161942548535,6.024096385542169,313.0,Priority for action,High agreement,5.525441859357452,2.42972939634864,2sfca,hansen,314.0,316.0,10.0,True,4.673940498601448e-06,5.52544653329795,5.52544653329795,13.333333333333332,312.0,0.847457627118644,3.0,314.0,4.673940498601448e-06,2.243540307038609,322.0,CHANGI
CHANGI AIRPORT,transport_services,transport_services,3.8742615709462678,3.313253012048193,322.0,Priority for action,High agreement,7.301541840495692,3.2111935200991866,2sfca,hansen,323.0,323.0,4.0,True,3.370443447999452e-05,7.301575544930172,7.301575544930172,24.0,321.0,1.1173184357541899,10.0,323.0,3.370443447999452e-05,5.394303515844885,325.0,CHANGI
CHANGI BAY,community_spaces,community_spaces,1.797734043530973,5.72289156626506,314.0,Priority for action,High agreement,3.3898110785319044,1.4916304724895748,2sfca,hansen,316.0,315.6666666666667,3.0,True,9.259610960550776e-07,3.3898120044930007,3.3898120044930007,2.0,314.0,0.5141388174807198,6.0,316.0,9.259610960550776e-07,0.3240878855937145,317.0,CHANGI BAY
CHANGI BAY,education_institutions,education_institutions,0.0,2.4096385542168677,318.0,Priority for action,High agreement,0.0,0.0,2sfca,2sfca,318.0,318.0,0.0,True,0.0,0.0,0.0,0.0,318.0,0.0,0.0,318.0,0.0,0.0,318.0,CHANGI BAY
CHANGI BAY,emergency_services,emergency_services,0.0,2.5602409638554215,317.0,Priority for action,High agreement,0.0,0.0,2sfca,2sfca,317.0,317.0,0.0,True,0.0,0.0,0.0,0.0,317.0,0.0,0.0,317.0,0.0,0.0,317.0,CHANGI BAY
CHANGI BAY,essential_services,essential_services,0.0,1.5060240963855422,324.0,Priority for action,High agreement,0.0,0.0,2sfca,2sfca,324.0,324.0,0.0,True,0.0,0.0,0.0,0.0,324.0,0.0,0.0,324.0,0.0,0.0,324.0,CHANGI BAY
CHANGI BAY,transport_services,transport_services,5.385168608918237,3.91566265060241,320.0,Priority for action,High agreement,10.546464733032751,4.8453998331985995,2sfca,hansen,319.0,320.3333333333333,6.0,True,0.00025549853305285435,10.546720231565804,10.546720231565804,34.666666666666664,319.0,0.5586592178770949,5.0,324.0,0.00025549853305285435,40.89184869600123,318.0,CHANGI BAY
CHANGI POINT,community_spaces,community_spaces,37.2282530512136,87.04819277108435,44.0,Priority for action,Low agreement,67.12093881343165,28.32611840968934,2sfca,hansen,199.0,170.66666666666666,271.0,False,0.00032509975247476747,67.12126391318412,67.12126391318412,39.60176188190894,21.0,18.337617823479004,214.0,292.0,0.00032509975247476747,113.7854407009777,199.0,CHANGI
CHANGI POINT,education_institutions,education_institutions,6.190199046786465,8.734939759036145,304.0,Priority for action,High agreement,9.855043226203463,4.075976903485813,2sfca,hansen,306.0,304.3333333333333,9.0,True,6.396382308735851e-05,9.855107190026551,9.855107190026551,15.735967300673185,299.0,6.313131313131313,25.0,306.0,6.396382308735851e-05,10.235541051978604,308.0,CHANGI
CHANGI POINT,emergency_services,emergency_services,65.55556829460727,100.0,1.0,Adequate,Low agreement,99.99995753649428,42.87345044613073,2sfca,hansen,33.0,80.66666666666667,207.0,False,4.246350572208907e-05,100.0,100.0,57.32080419580419,1.0,77.77777777777779,7.0,33.0,4.246350572208907e-05,10.615883516308177,208.0,CHANGI
CHANGI POINT,essential_services,essential_services,9.867504023404983,10.240963855421686,299.0,Priority for action,Moderate agreement,17.02306984103787,6.997431704923674,2sfca,hansen,304.0,299.0,25.0,True,4.6124370272958244e-05,17.02311596540814,17.02311596540814,41.07810620751797,284.0,6.779661016949152,24.0,304.0,4.6124370272958244e-05,22.14017997771247,309.0,CHANGI
CHANGI POINT,transport_services,transport_services,26.808395235492323,29.21686746987952,236.0,Priority for action,Low agreement,47.399027964741975,19.7303256049267,2sfca,hansen,252.0,221.0,207.0,False,0.003420002155860616,47.40244796689784,47.40244796689784,155.8100363688599,102.0,15.53072625698324,139.0,309.0,0.003420002155860616,547.3620886446337,252.0,CHANGI
CHANGI WEST,community_spaces,community_spaces,49.58894985661024,96.3855421686747,13.0,Needs improvement,Low agreement,82.45102928954022,33.661644576053035,2sfca,hansen,190.0,156.0,252.0,False,0.00013805935886362545,82.45116734889908,82.45116734889908,48.646454281013106,13.0,41.816623821765205,488.0,190.0,0.00013805935886362545,48.32099954432083,265.0,CHANGI
CHANGI WEST,education_institutions,education_institutions,28.095352335656795,52.40963855421686,159.0,Priority for action,Low agreement,43.664163149807095,18.377488561162785,2sfca,hansen,264.0,212.0,162.0,False,0.0008056226587289012,43.664968772465826,43.664968772465826,69.72126305067482,105.0,31.313131313131315,124.0,267.0,0.0008056226587289012,128.91636862546312,264.0,CHANGI
CHANGI WEST,emergency_services,emergency_services,13.052514964799048,56.92771084337349,144.0,Priority for action,Low agreement,33.33323155928168,13.731552543083037,cumulative,hansen,107.0,102.33333333333333,164.0,True,0.00010177405164901423,33.33333333333333,12.771635531833777,7.320804195804196,18.0,33.33333333333333,3.0,182.0,0.00010177405164901423,25.443529895051583,107.0,CHANGI
CHANGI WEST,essential_services,essential_services,27.257992065219415,44.57831325301205,185.0,Priority for action,Low agreement,43.894022084105515,18.050745565929333,2sfca,hansen,272.0,224.33333333333334,159.0,False,0.00030819986227367146,43.89433028396779,43.89433028396779,105.92044164985342,121.0,26.55367231638418,94.0,272.0,0.00030819986227367146,147.9391562305148,280.0,CHANGI
CHANGI WEST,transport_services,transport_services,53.10229269474366,95.18072289156626,17.0,Needs improvement,Moderate agreement,29.589066147660432,12.144395161371476,2sfca,cumulative,30.0,102.33333333333333,261.0,False,33.07262569832402,62.66169184598445,62.66169184598445,205.96658831364715,30.0,33.07262569832402,296.0,269.0,50.523072106955425,8086080.947585703,8.0,CHANGI
CHATSWORTH,community_spaces,community_spaces,28.58468574297926,57.22891566265061,143.0,Priority for action,Low agreement,73.86431849483343,30.472619669726928,cumulative,hansen,208.0,155.0,161.0,False,0.00029161656331660096,73.86461011139674,27.623352471461835,16.297866922914118,208.0,73.86461011139674,862.0,48.0,0.00029161656331660096,102.06627018351668,209.0,TANGLIN
CHATSWORTH,education_institutions,education_institutions,25.951427985210515,41.86746987951807,194.0,Priority for action,Low agreement,69.4422369877188,28.786644819718347,cumulative,hansen,205.0,165.0,150.0,False,0.0022074567256375817,69.44444444444444,24.123753718607873,38.51917512065984,220.0,69.44444444444444,275.0,70.0,0.0022074567256375817,353.2389536014961,205.0,TANGLIN
CHATSWORTH,emergency_services,emergency_services,18.32174601905524,80.42168674698796,66.0,Priority for action,Low agreement,77.77771290410374,35.43284995773108,cumulative,hansen,157.0,124.66666666666667,151.0,False,6.487367405166618e-05,77.77777777777779,5.532342002794933,3.1711829268643155,184.0,77.77777777777779,7.0,33.0,6.487367405166618e-05,16.218429338234845,157.0,TANGLIN
CHATSWORTH,essential_services,essential_services,29.976279705828553,53.01204819277109,157.0,Priority for action,Low agreement,74.01007238698925,30.377110743669427,cumulative,hansen,199.0,157.0,136.0,False,0.001227048038992134,74.01129943502825,30.347303408822413,73.23040946631363,204.0,74.01129943502825,262.0,68.0,0.001227048038992134,588.9958879397966,199.0,TANGLIN
CHATSWORTH,transport_services,transport_services,32.000382650840116,52.40963855421686,159.0,Priority for action,Low agreement,83.56983137405071,34.52502815508922,cumulative,hansen,220.0,160.33333333333334,185.0,False,0.0055876203626979695,83.57541899441341,30.567245131697245,100.47336751451084,223.0,83.57541899441341,748.0,38.0,0.0055876203626979695,894.2835158856827,220.0,TANGLIN
CHENG SAN,community_spaces,community_spaces,38.64483733028189,89.1566265060241,37.0,Priority for action,Low agreement,65.46648370272771,28.094316287765313,cumulative,hansen,74.0,86.0,108.0,False,0.0005257231505952019,65.46700942587832,51.102555456322094,30.150672301938044,38.0,65.46700942587832,764.0,74.0,0.0005257231505952019,184.0039554684816,146.0,ANG MO KIO
CHENG SAN,education_institutions,education_institutions,43.34882316829951,87.34939759036145,43.0,Needs improvement,Low agreement,77.2609131416441,32.55999103399438,cumulative,hansen,44.0,47.0,33.0,False,0.011814131083163863,77.27272727272727,55.78146694885822,89.06806622855719,44.0,77.27272727272727,306.0,32.0,0.011814131083163863,1890.5065059983729,65.0,ANG MO KIO
CHENG SAN,emergency_services,emergency_services,9.244869885099959,28.012048192771083,240.0,Priority for action,Low agreement,33.33298669567695,14.650072961524248,cumulative,hansen,182.0,138.33333333333334,189.0,True,0.0003466376563805797,33.33333333333333,5.156198454272758,2.9555744199207696,211.0,33.33333333333333,3.0,182.0,0.0003466376563805797,86.65947193776013,22.0,ANG MO KIO
CHENG SAN,essential_services,essential_services,41.06415395276006,80.42168674698796,66.0,Needs improvement,Low agreement,66.09684024826412,29.016380051653133,cumulative,hansen,79.0,72.66666666666667,25.0,False,0.004854666990124451,66.10169491525424,55.68471713922434,134.37156449082622,57.0,66.10169491525424,234.0,79.0,0.004854666990124451,2330.2909125293836,82.0,ANG MO KIO
CHENG SAN,transport_services,transport_services,54.22660378858167,95.48192771084338,16.0,Needs improvement,Moderate agreement,16.06071460249123,7.30688915273299,cumulative,hansen,74.0,59.666666666666664,87.0,False,50.41973232488307,66.4804469273743,51.609189411283765,169.6374348589522,74.0,66.4804469273743,595.0,96.0,50.41973232488307,8069541.695159128,9.0,ANG MO KIO
CHIN BEE,community_spaces,community_spaces,20.185274130284434,25.602409638554217,248.0,Priority for action,Low agreement,30.333680442744466,13.831554433431695,cumulative,hansen,199.0,196.33333333333334,90.0,True,0.0005097886179994272,30.334190231362467,28.236566294853077,16.659665053653203,199.0,30.334190231362467,354.0,240.0,0.0005097886179994272,178.42684321302076,150.0,JURONG WEST
CHIN BEE,education_institutions,education_institutions,28.569937652084413,54.81927710843374,151.0,Priority for action,Low agreement,42.422364621014204,19.488300651346638,cumulative,hansen,214.0,186.66666666666666,90.0,False,0.0018778032282216253,42.42424242424242,40.169051652534925,64.13921950468799,128.0,42.42424242424242,168.0,218.0,0.0018778032282216253,300.4875428373043,214.0,JURONG WEST
CHIN BEE,emergency_services,emergency_services,13.337498929580168,58.734939759036145,138.0,Priority for action,Low agreement,44.44438123167787,19.2008958265598,cumulative,hansen,125.0,113.33333333333333,107.0,False,6.321276656655412e-05,44.44444444444444,8.897182153722614,5.099936361279374,54.0,44.44444444444444,4.0,125.0,6.321276656655412e-05,15.80320218980508,161.0,JURONG WEST
CHIN BEE,essential_services,essential_services,26.871055992641224,43.674698795180724,188.0,Priority for action,Low agreement,39.503264573800195,17.77205027998562,2sfca,hansen,218.0,198.33333333333334,89.0,True,0.000974547430643551,39.50423912123084,39.50423912123084,95.326809355387,144.0,35.59322033898305,126.0,233.0,0.000974547430643551,467.79295594883007,218.0,JURONG WEST
CHIN BEE,transport_services,transport_services,43.25115303285577,84.03614457831326,54.0,Needs improvement,Low agreement,63.96297021134071,28.519115454716438,2sfca,hansen,143.0,116.33333333333333,150.0,False,0.008872618478970808,63.97184282981968,63.97184282981968,210.2730045684072,28.0,56.31284916201117,504.0,143.0,0.008872618478970808,1420.03857338924,178.0,JURONG WEST
CHINA SQUARE,community_spaces,community_spaces,20.529611758939517,28.012048192771083,240.0,Priority for action,Low agreement,59.895582129362346,25.1914119877368,cumulative,hansen,90.0,144.33333333333334,223.0,False,0.0015901071415205343,59.89717223650386,17.099400558992578,10.088701400743348,283.0,59.89717223650386,699.0,90.0,0.0015901071415205343,556.5400787985184,60.0,OUTRAM
CHINA SQUARE,education_institutions,education_institutions,34.383912736306975,69.87951807228916,101.0,Priority for action,Low agreement,40.068579006909445,17.589756680594935,cumulative,2sfca,125.0,139.66666666666666,254.0,False,16.244552306221873,56.313131313131315,16.244552306221873,25.93820026264919,274.0,56.313131313131315,223.0,125.0,49.99670106856592,8000511.250740849,20.0,OUTRAM
CHINA SQUARE,emergency_services,emergency_services,20.820807505427446,88.85542168674698,38.0,Priority for action,Low agreement,88.88870915772806,40.54430451313853,cumulative,hansen,48.0,71.66666666666667,151.0,False,0.00017973116083119705,88.88888888888889,6.085951616602835,3.488516409604291,159.0,88.88888888888889,8.0,8.0,0.00017973116083119705,44.93282019911781,48.0,OUTRAM
CHINA SQUARE,essential_services,essential_services,22.34362886248703,26.80722891566265,244.0,Priority for action,Low agreement,60.44776749036171,25.099838841187925,cumulative,hansen,97.0,149.66666666666666,176.0,False,0.0042099107682339884,60.451977401129945,20.50394081806114,49.47760799541639,264.0,60.451977401129945,214.0,97.0,0.0042099107682339884,2020.8011848663937,88.0,OUTRAM
CHINA SQUARE,transport_services,transport_services,42.01882881823473,81.92771084337349,61.0,Needs improvement,Low agreement,51.39630944822392,20.983291003832612,cumulative,2sfca,65.0,123.33333333333333,265.0,False,23.91095312160849,75.3072625698324,23.91095312160849,78.59438985289466,285.0,75.3072625698324,674.0,65.0,50.006332478213345,8003378.168586271,20.0,OUTRAM
CHINATOWN,community_spaces,community_spaces,17.271162962184334,19.27710843373494,269.0,Priority for action,Low agreement,50.64105740985504,21.318858788634333,cumulative,hansen,148.0,165.33333333333334,234.0,False,0.001616111995867014,50.6426735218509,14.284286848430783,8.42777524505653,291.0,50.6426735218509,591.0,148.0,0.001616111995867014,565.6418200015006,57.0,OUTRAM
CHINATOWN,education_institutions,education_institutions,17.9476995795409,20.783132530120483,264.0,Priority for action,Low agreement,51.764413628006864,21.72625966862618,cumulative,hansen,166.0,199.66666666666666,131.0,False,0.003263139669899343,51.76767676767676,15.186370568209151,24.24856737419221,282.0,51.76767676767676,205.0,151.0,0.003263139669899343,522.1701649067885,166.0,OUTRAM
CHINATOWN,emergency_services,emergency_services,18.187134414343035,77.40963855421687,76.0,Priority for action,Low agreement,77.77758577823045,35.489336856904984,cumulative,hansen,41.0,91.66666666666667,168.0,False,0.00019199954734458585,77.77777777777779,5.26304251784655,3.016818296396744,201.0,77.77777777777779,7.0,33.0,0.00019199954734458585,47.999918874661994,41.0,OUTRAM
CHINATOWN,essential_services,essential_services,21.080681783442238,24.397590361445783,252.0,Priority for action,Low agreement,56.49242961562189,23.424037484599484,cumulative,hansen,118.0,156.33333333333334,185.0,False,0.004745525621052418,56.49717514124294,19.559646195014672,47.19895143832579,268.0,56.49717514124294,200.0,118.0,0.004745525621052418,2277.901914262985,83.0,OUTRAM
CHINATOWN,transport_services,transport_services,26.331621269100346,26.80722891566265,244.0,Priority for action,Low agreement,69.6935652980113,29.17505473918796,cumulative,hansen,78.0,135.66666666666666,247.0,False,1.8148145902568538,71.50837988826815,22.971001828739315,75.50480584598483,288.0,71.50837988826815,640.0,78.0,1.8148145902568538,290456.1632873519,41.0,OUTRAM
CHOA CHU KANG CENTRAL,community_spaces,community_spaces,30.116450556054737,64.45783132530121,119.0,Priority for action,Low agreement,43.87190342698366,20.40664039393153,cumulative,hansen,74.0,108.33333333333333,109.0,False,0.0012756647044382835,43.873179091688094,42.68286407661157,25.183027271151257,74.0,43.873179091688094,512.0,180.0,0.0012756647044382835,446.4847157718414,71.0,CHOA CHU KANG
CHOA CHU KANG CENTRAL,education_institutions,education_institutions,30.956590844012094,60.54216867469879,132.0,Priority for action,Low agreement,44.94423241360384,20.950803134388178,cumulative,hansen,127.0,142.33333333333334,98.0,False,0.005262535891106847,44.94949494949495,43.93022618669155,70.14480811376063,101.0,44.94949494949495,178.0,199.0,0.005262535891106847,842.11511368495,127.0,CHOA CHU KANG
CHOA CHU KANG CENTRAL,emergency_services,emergency_services,14.76675532705081,64.45783132530121,119.0,Priority for action,Low agreement,44.44434196371165,18.803217268629044,cumulative,hansen,105.0,85.66666666666667,98.0,False,0.00010248073279064095,44.44444444444444,11.755671387884165,6.73844537815126,27.0,44.44444444444444,4.0,125.0,0.00010248073279064095,25.620200298380492,105.0,CHOA CHU KANG
CHOA CHU KANG CENTRAL,essential_services,essential_services,29.527292302898438,51.204819277108435,163.0,Priority for action,Low agreement,44.02155453083771,19.410413637204865,2sfca,hansen,120.0,150.33333333333334,105.0,False,0.002988429617838523,44.02454296045555,44.02454296045555,106.23465499159406,120.0,37.570621468926554,133.0,218.0,0.002988429617838523,1434.477461656798,113.0,CHOA CHU KANG
CHOA CHU KANG CENTRAL,transport_services,transport_services,30.90490676104921,46.68674698795181,178.0,Priority for action,Low agreement,45.48300930188378,20.42154302082122,2sfca,hansen,180.0,174.66666666666666,100.0,False,0.008721911377165142,45.49173121326095,45.49173121326095,149.52958336182004,122.0,40.78212290502793,365.0,222.0,0.008721911377165142,1395.9183096412862,180.0,CHOA CHU KANG
CHOA CHU KANG NORTH,community_spaces,community_spaces,28.705828826998655,58.43373493975904,139.0,Priority for action,Low agreement,33.442439407612454,15.569942835214501,cumulative,hansen,103.0,104.66666666666667,199.0,True,5.717800523835708,39.16023993144816,38.31688136711662,22.607083411310008,103.0,39.16023993144816,457.0,205.0,5.717800523835708,2001239.4580196536,6.0,CHOA CHU KANG
CHOA CHU KANG NORTH,education_institutions,education_institutions,29.52309699800312,58.13253012048193,140.0,Priority for action,Low agreement,42.39735242313657,19.901090855676706,cumulative,hansen,115.0,128.33333333333334,166.0,False,0.02689000110585567,42.42424242424242,42.060363025645756,67.15913733498641,115.0,42.42424242424242,168.0,218.0,0.02689000110585567,4302.959030932778,52.0,CHOA CHU KANG
CHOA CHU KANG NORTH,emergency_services,emergency_services,14.772145011873523,64.7590361445783,118.0,Priority for action,Low agreement,44.42637634763594,18.79725195738213,cumulative,hansen,27.0,52.333333333333336,120.0,False,0.0180680968085063,44.44444444444444,11.755671387884165,6.73844537815126,27.0,44.44444444444444,4.0,125.0,0.0180680968085063,4517.027217107642,5.0,CHOA CHU KANG
CHOA CHU KANG NORTH,essential_services,essential_services,28.687936596718803,48.493975903614455,172.0,Priority for action,Low agreement,42.99821505768073,18.813882552893713,2sfca,hansen,128.0,134.0,186.0,False,0.01710978117572958,43.01532483885646,43.01532483885646,103.79933297006514,128.0,35.87570621468927,127.0,230.0,0.01710978117572958,8212.873853196439,44.0,CHOA CHU KANG
CHOA CHU KANG NORTH,transport_services,transport_services,47.22472717970216,91.26506024096386,30.0,Needs improvement,High agreement,10.478609981839547,4.640862076498389,hansen,cumulative,90.0,110.33333333333333,213.0,False,39.55307262569833,50.031682607537874,48.60921574460227,159.7766359728339,90.0,39.55307262569833,354.0,227.0,50.031682607537874,8007435.388173314,14.0,CHOA CHU KANG
CHONG BOON,community_spaces,community_spaces,40.871923057750706,91.26506024096386,30.0,Needs improvement,Low agreement,71.46491392786217,30.30967657844385,cumulative,hansen,59.0,91.0,146.0,False,0.0003817019578801795,71.46529562982005,53.157498842398674,31.363095517946995,34.0,71.46529562982005,834.0,59.0,0.0003817019578801795,133.5963044056554,180.0,ANG MO KIO
CHONG BOON,education_institutions,education_institutions,46.723194691529756,91.26506024096386,30.0,Needs improvement,Low agreement,86.86220102950246,36.18339352921805,cumulative,hansen,35.0,53.0,90.0,False,0.006485839184419444,86.86868686868688,58.6950231320741,93.72023529620137,35.0,86.86868686868688,344.0,17.0,0.006485839184419444,1037.8690644864982,107.0,ANG MO KIO
CHONG BOON,emergency_services,emergency_services,12.072783569233833,47.28915662650602,176.0,Priority for action,Low agreement,44.444301370512335,19.623341968197018,cumulative,hansen,125.0,112.66666666666667,67.0,False,0.0001430739321093412,44.44444444444444,6.367703516330622,3.6500188643652143,140.0,44.44444444444444,4.0,125.0,0.0001430739321093412,35.76850690174781,73.0,ANG MO KIO
CHONG BOON,essential_services,essential_services,45.11576195043726,86.74698795180723,45.0,Needs improvement,Low agreement,75.98510188291608,32.68430967147322,cumulative,hansen,58.0,65.33333333333333,54.0,False,0.003598682055673512,75.98870056497175,59.83388446565242,144.38382878216507,42.0,75.98870056497175,269.0,58.0,0.003598682055673512,1727.405012223829,96.0,ANG MO KIO
CHONG BOON,transport_services,transport_services,42.495698950036136,82.53012048192771,59.0,Needs improvement,Low agreement,75.63116547770453,31.88761761807987,cumulative,hansen,62.0,89.0,103.0,False,0.011292622854133906,75.64245810055866,54.72763908613633,179.88765985983278,51.0,75.64245810055866,677.0,62.0,0.011292622854133906,1807.3537237754815,154.0,ANG MO KIO
CITY HALL,community_spaces,community_spaces,28.89657264994038,59.337349397590366,136.0,Priority for action,Low agreement,80.20209300076071,33.43824382630069,cumulative,hansen,41.0,102.0,195.0,False,0.0035625262315717126,80.20565552699229,25.7087455733449,15.168242686774036,230.0,80.20565552699229,936.0,35.0,0.0035625262315717126,1246.8899597198028,41.0,DOWNTOWN CORE
CITY HALL,education_institutions,education_institutions,22.549744193148804,31.024096385542173,230.0,Priority for action,Low agreement,63.633939893319315,26.60497611108355,cumulative,hansen,198.0,179.66666666666666,163.0,False,0.0024237430443183284,63.63636363636363,19.643488685925565,31.36539153482668,252.0,63.63636363636363,252.0,89.0,0.0024237430443183284,387.849259661761,198.0,DOWNTOWN CORE
CITY HALL,emergency_services,emergency_services,23.425067111348017,96.3855421686747,13.0,Priority for action,Low agreement,99.9996171291451,45.61162091708069,cumulative,hansen,20.0,46.333333333333336,117.0,False,0.00038287085490219905,100.0,6.849904500183094,3.926420346149531,118.0,100.0,9.0,1.0,0.00038287085490219905,95.71777761431407,20.0,DOWNTOWN CORE
CITY HALL,essential_services,essential_services,27.012322090485206,43.97590361445783,187.0,Priority for action,Low agreement,71.4671998896616,29.577566010372212,cumulative,hansen,168.0,157.33333333333334,164.0,False,0.0017266640107149445,71.46892655367232,25.43603756109506,61.37914201820029,234.0,71.46892655367232,253.0,70.0,0.0017266640107149445,828.8167780293878,168.0,DOWNTOWN CORE
CITY HALL,transport_services,transport_services,29.002942297179775,38.55421686746988,205.0,Priority for action,Low agreement,79.64445625132176,33.151255763035884,cumulative,hansen,100.0,138.66666666666666,214.0,False,0.020348217951997764,79.66480446927375,26.127753875878852,85.88092928196764,265.0,79.66480446927375,713.0,51.0,0.020348217951997764,3256.677209783506,100.0,DOWNTOWN CORE
CITY TERMINALS,community_spaces,community_spaces,21.129540594106807,30.120481927710845,233.0,Priority for action,Low agreement,52.35630523713817,21.496900609420145,cumulative,hansen,257.0,222.0,127.0,False,0.0001643429817993429,52.35646958011997,21.316394750376542,12.576741555061394,268.0,52.35646958011997,611.0,141.0,0.0001643429817993429,57.520310205718694,257.0,BUKIT MERAH
CITY TERMINALS,education_institutions,education_institutions,15.76536919640471,17.16867469879518,276.0,Priority for action,Low agreement,43.43293221139663,18.086178613294912,cumulative,hansen,237.0,243.33333333333334,81.0,False,0.0014112229468063496,43.43434343434344,14.156154285303957,22.603587829289506,287.0,43.43434343434344,172.0,206.0,0.0014112229468063496,225.82500088843776,237.0,BUKIT MERAH
CITY TERMINALS,emergency_services,emergency_services,18.737413500986506,82.83132530120481,58.0,Priority for action,Low agreement,77.77725950377908,35.26061868779854,cumulative,hansen,33.0,63.333333333333336,129.0,False,0.0005182739987102101,77.77777777777779,6.363404926462675,3.6475548780838274,143.0,77.77777777777779,7.0,33.0,0.0005182739987102101,129.56858616072284,14.0,BUKIT MERAH
CITY TERMINALS,essential_services,essential_services,19.059732298097867,20.783132530120483,264.0,Priority for action,Low agreement,48.30405147640364,19.881037516632894,cumulative,hansen,214.0,214.66666666666666,118.0,False,0.0010332693590676416,48.30508474576271,18.796810736275205,45.35816999404517,274.0,48.30508474576271,171.0,156.0,0.0010332693590676416,495.9800955510361,214.0,BUKIT MERAH
CITY TERMINALS,transport_services,transport_services,22.809856182063584,17.16867469879518,276.0,Priority for action,Low agreement,60.767084777026454,25.176278148074477,cumulative,hansen,125.0,178.33333333333334,188.0,False,0.01503812800148038,60.78212290502793,21.2978403253151,70.00518787516711,299.0,60.78212290502793,544.0,111.0,0.01503812800148038,2406.811685217874,125.0,BUKIT MERAH
CLARKE QUAY,community_spaces,community_spaces,23.134303717017918,39.1566265060241,203.0,Priority for action,Low agreement,67.17995867639658,28.230635650955843,cumulative,hansen,102.0,149.66666666666666,205.0,False,0.000846807750810635,67.18080548414738,19.395777155726392,11.443570988608458,276.0,67.18080548414738,784.0,71.0,0.000846807750810635,296.38408636583114,102.0,SINGAPORE RIVER
CLARKE QUAY,education_institutions,education_institutions,20.545582626913237,25.602409638554217,248.0,Priority for action,Low agreement,59.84434578732176,25.16285461769622,cumulative,hansen,146.0,172.0,160.0,False,0.004139061163092849,59.84848484848485,17.14928787773468,27.38282071117046,265.0,59.84848484848485,237.0,105.0,0.004139061163092849,662.3358080649199,146.0,SINGAPORE RIVER
CLARKE QUAY,emergency_services,emergency_services,15.283441709218094,67.16867469879519,110.0,Priority for action,Low agreement,66.66647095210321,30.549176336352538,cumulative,hansen,70.0,124.66666666666667,226.0,False,0.000195714563451343,66.66666666666666,3.900099323031453,2.235568296396744,265.0,66.66666666666666,6.0,70.0,0.000195714563451343,48.92867352126732,39.0,SINGAPORE RIVER
CLARKE QUAY,essential_services,essential_services,24.779142532567505,36.44578313253012,212.0,Priority for action,Low agreement,66.94768110973017,27.792613029265453,cumulative,hansen,186.0,171.0,175.0,False,0.001471432642713727,66.94915254237289,22.777741188600224,54.96446558984851,251.0,66.94915254237289,237.0,76.0,0.001471432642713727,706.3030528540936,186.0,SINGAPORE RIVER
CLARKE QUAY,transport_services,transport_services,27.522697980334478,32.22891566265061,226.0,Priority for action,Low agreement,77.08453296452787,32.188632383000645,cumulative,hansen,164.0,166.66666666666666,222.0,False,0.010439102511236906,77.09497206703911,24.20114367234657,79.54823511202504,279.0,77.09497206703911,690.0,57.0,0.010439102511236906,1670.7501029888092,164.0,SINGAPORE RIVER
CLEANTECH,community_spaces,community_spaces,0.0,2.2590361445783134,319.0,Priority for action,High agreement,0.0,0.0,2sfca,2sfca,319.0,319.0,0.0,True,0.0,0.0,0.0,0.0,319.0,0.0,0.0,319.0,0.0,0.0,319.0,WESTERN WATER CATCHMENT
CLEANTECH,education_institutions,education_institutions,0.0,2.4096385542168677,318.0,Priority for action,High agreement,0.0,0.0,2sfca,2sfca,318.0,318.0,0.0,True,0.0,0.0,0.0,0.0,318.0,0.0,0.0,318.0,0.0,0.0,318.0,WESTERN WATER CATCHMENT
CLEANTECH,emergency_services,emergency_services,0.0,2.5602409638554215,317.0,Priority for action,High agreement,0.0,0.0,2sfca,2sfca,317.0,317.0,0.0,True,0.0,0.0,0.0,0.0,317.0,0.0,0.0,317.0,0.0,0.0,317.0,WESTERN WATER CATCHMENT
CLEANTECH,essential_services,essential_services,0.0,1.5060240963855422,324.0,Priority for action,High agreement,0.0,0.0,2sfca,2sfca,324.0,324.0,0.0,True,0.0,0.0,0.0,0.0,324.0,0.0,0.0,324.0,0.0,0.0,324.0,WESTERN WATER CATCHMENT
CLEANTECH,transport_services,transport_services,0.0,1.2048192771084338,326.0,Priority for action,High agreement,0.0,0.0,2sfca,2sfca,326.0,326.0,0.0,True,0.0,0.0,0.0,0.0,326.0,0.0,0.0,326.0,0.0,0.0,326.0,WESTERN WATER CATCHMENT
CLEMENTI CENTRAL,community_spaces,community_spaces,30.911296546859447,66.26506024096386,113.0,Priority for action,Low agreement,49.01422804058772,21.681576760735965,cumulative,hansen,158.0,143.66666666666666,115.0,False,0.00033922590756356734,49.014567266495284,42.21656265157625,24.907907928593456,79.0,49.014567266495284,572.0,158.0,0.00033922590756356734,118.72961789568105,194.0,CLEMENTI
CLEMENTI CENTRAL,education_institutions,education_institutions,26.260774316152137,43.373493975903614,189.0,Priority for action,Low agreement,44.947339428549135,19.21083513194866,cumulative,hansen,199.0,189.66666666666666,48.0,False,0.002155520945814989,44.94949494949495,34.540457339938804,55.15186154460385,161.0,44.94949494949495,178.0,199.0,0.002155520945814989,344.92814945030193,209.0,CLEMENTI
CLEMENTI CENTRAL,emergency_services,emergency_services,15.74325197125929,70.18072289156626,100.0,Priority for action,Low agreement,55.5553896879106,24.30161075856382,cumulative,hansen,58.0,66.66666666666667,42.0,False,0.00016586764495758738,55.55555555555556,9.264182199709383,5.310303739037961,50.0,55.55555555555556,5.0,92.0,0.00016586764495758738,41.46693891734292,58.0,CLEMENTI
CLEMENTI CENTRAL,essential_services,essential_services,28.205641674034304,46.98795180722892,177.0,Priority for action,Low agreement,43.77971332009418,19.58707770494809,cumulative,hansen,146.0,133.0,105.0,False,0.005597414369095571,43.78531073446328,38.893800605661845,93.8537736181778,146.0,43.78531073446328,155.0,179.0,0.005597414369095571,2686.817420123481,74.0,CLEMENTI
CLEMENTI CENTRAL,transport_services,transport_services,37.92926340036915,71.3855421686747,96.0,Priority for action,Low agreement,58.75825453470051,26.314906315315344,cumulative,hansen,119.0,109.66666666666667,70.0,False,0.012695185969881312,58.770949720670394,52.342529800888215,172.0478967164245,70.0,58.770949720670394,526.0,119.0,0.012695185969881312,2031.8301543461043,140.0,CLEMENTI
CLEMENTI NORTH,community_spaces,community_spaces,33.8968354676816,77.40963855421687,76.0,Priority for action,Low agreement,52.52754089530197,23.52472088659267,cumulative,hansen,139.0,133.0,142.0,False,0.0003082906449031754,52.52784918594687,46.7823462865975,27.60173497798119,59.0,52.52784918594687,613.0,139.0,0.0003082906449031754,107.90222578535824,201.0,CLEMENTI
CLEMENTI NORTH,education_institutions,education_institutions,29.404217209761477,57.22891566265061,143.0,Priority for action,Low agreement,50.144892107357734,21.432730427244,cumulative,hansen,137.0,110.66666666666667,121.0,False,0.10763314516751075,50.252525252525245,38.64284443141235,61.70227524192635,137.0,50.252525252525245,199.0,158.0,0.10763314516751075,17223.540162866844,37.0,CLEMENTI
CLEMENTI NORTH,emergency_services,emergency_services,15.743246457954841,69.87951807228916,101.0,Priority for action,Low agreement,55.5554080655921,24.301616205073408,cumulative,hansen,68.0,70.0,42.0,False,0.00014748996345759425,55.55555555555556,9.264182199709383,5.310303739037961,50.0,55.55555555555556,5.0,92.0,0.00014748996345759425,36.8725154757039,68.0,CLEMENTI
CLEMENTI NORTH,essential_services,essential_services,29.96144469699913,52.71084337349398,158.0,Priority for action,Low agreement,46.53680676829696,20.78683660322485,cumulative,hansen,136.0,111.33333333333333,134.0,False,0.07336272322845651,46.61016949152542,41.234803963451014,99.50279726101908,136.0,46.61016949152542,165.0,166.0,0.07336272322845651,35214.87418301745,32.0,CLEMENTI
CLEMENTI NORTH,transport_services,transport_services,52.547713049960336,94.57831325301204,19.0,Needs improvement,High agreement,9.330227447577272,4.114565804577595,cumulative,hansen,75.0,72.66666666666667,89.0,False,49.999381490970215,59.32960893854749,51.36395362991956,168.83135421012184,75.0,59.32960893854749,531.0,116.0,49.999381490970215,8002265.681891191,27.0,CLEMENTI
CLEMENTI WEST,community_spaces,community_spaces,23.78225298517843,41.566265060240966,195.0,Priority for action,Low agreement,36.242736510764246,16.38626863804433,cumulative,hansen,140.0,131.0,175.0,True,0.004050121626496304,36.246786632390744,33.06336124442466,19.507489619247956,140.0,36.246786632390744,423.0,214.0,0.004050121626496304,1417.5491388576522,39.0,CLEMENTI
CLEMENTI WEST,education_institutions,education_institutions,19.23021860729358,23.19277108433735,256.0,Priority for action,Low agreement,32.31510781835236,13.91098935697201,cumulative,hansen,211.0,188.33333333333334,176.0,True,0.008124504879966677,32.323232323232325,25.52626958236625,40.75861740629142,211.0,32.323232323232325,128.0,265.0,0.008124504879966677,1300.0896321085363,89.0,CLEMENTI
CLEMENTI WEST,emergency_services,emergency_services,12.573156952532164,53.6144578313253,155.0,Priority for action,Low agreement,44.44340657717213,19.448382958135937,cumulative,hansen,90.0,76.0,112.0,False,0.0010378672723148005,44.44444444444444,7.36791340692316,4.22334721729883,90.0,44.44444444444444,4.0,125.0,0.0010378672723148005,259.4669912651851,13.0,CLEMENTI
CLEMENTI WEST,essential_services,essential_services,18.77141277398422,19.879518072289155,267.0,Priority for action,Moderate agreement,28.809980938228193,12.971990420916923,cumulative,hansen,232.0,198.0,168.0,True,0.003578383805705992,28.8135593220339,26.015254788871456,62.77683835347592,232.0,28.8135593220339,102.0,265.0,0.003578383805705992,1717.661640013998,97.0,CLEMENTI
CLEMENTI WEST,transport_services,transport_services,45.642833500046905,88.85542168674698,38.0,Needs improvement,High agreement,7.162063486697754,2.926612751510357,hansen,2sfca,141.0,121.66666666666667,158.0,False,42.83145521838496,49.993518705082714,42.83145521838496,140.7853577513139,141.0,46.14525139664805,413.0,191.0,49.993518705082714,8001327.358877809,33.0,CLEMENTI
CLEMENTI WOODS,community_spaces,community_spaces,21.645418079275586,31.626506024096386,228.0,Priority for action,Low agreement,32.98869408619865,14.915135482244091,cumulative,hansen,175.0,151.66666666666666,176.0,True,0.0018800354808704949,32.99057412167952,30.09347848859084,17.75524922839595,175.0,32.99057412167952,385.0,228.0,0.0018800354808704949,658.0154678552921,52.0,CLEMENTI
CLEMENTI WOODS,education_institutions,education_institutions,33.22844341856623,67.7710843373494,108.0,Priority for action,Moderate agreement,25.757946663508115,10.961028504555074,hansen,2sfca,219.0,171.0,248.0,False,24.237435385503353,49.99538204901147,24.237435385503353,38.70069430238561,219.0,30.555555555555557,121.0,271.0,49.99538204901147,8000300.180198997,23.0,CLEMENTI
CLEMENTI WOODS,emergency_services,emergency_services,12.572893095518651,53.31325301204819,156.0,Priority for action,Low agreement,44.44428610055051,19.44864329867727,cumulative,hansen,90.0,93.0,61.0,False,0.00015834389393946485,44.44444444444444,7.36791340692316,4.22334721729883,90.0,44.44444444444444,4.0,125.0,0.00015834389393946485,39.58599990734155,64.0,CLEMENTI
CLEMENTI WOODS,essential_services,essential_services,27.756615999774645,45.48192771084337,182.0,Priority for action,High agreement,8.668108597343082,3.6481398629983652,hansen,2sfca,238.0,175.66666666666666,253.0,True,24.6655682587655,33.33367685610858,24.6655682587655,59.51993951408535,238.0,27.11864406779661,96.0,271.0,33.33367685610858,16000513.406376736,18.0,CLEMENTI
CLEMENTI WOODS,transport_services,transport_services,28.56620012886884,37.65060240963856,208.0,Priority for action,Low agreement,42.677938384554906,19.529500152219715,cumulative,hansen,210.0,205.33333333333334,90.0,False,0.003625861255153444,42.68156424581006,40.05759904266056,131.66779842350417,158.0,42.68156424581006,382.0,210.0,0.003625861255153444,580.3092803188655,248.0,CLEMENTI
CLIFFORD PIER,community_spaces,community_spaces,22.464703113027355,35.54216867469879,215.0,Priority for action,Low agreement,63.6660773552197,26.637972436567765,cumulative,hansen,82.0,141.0,209.0,False,0.0014462094761088125,63.667523564695806,19.461529074490716,11.482364832442377,275.0,63.667523564695806,743.0,82.0,0.0014462094761088125,506.1756624922173,66.0,DOWNTOWN CORE
CLIFFORD PIER,education_institutions,education_institutions,19.010649676637208,22.590361445783135,258.0,Priority for action,Low agreement,54.54358618314901,22.870815268701364,cumulative,hansen,215.0,208.33333333333334,140.0,False,0.0018683623055323138,54.54545454545454,16.20199651770928,25.87025006347061,275.0,54.54545454545454,216.0,135.0,0.0018683623055323138,298.9767989966332,215.0,DOWNTOWN CORE
CLIFFORD PIER,emergency_services,emergency_services,20.728718384401905,87.34939759036145,43.0,Priority for action,Low agreement,88.88870370645844,40.58310025319884,cumulative,hansen,45.0,75.33333333333333,165.0,False,0.00018518243044629784,88.88888888888889,5.901770103789984,3.3829420852799665,173.0,88.88888888888889,8.0,8.0,0.00018518243044629784,46.29563851253363,45.0,DOWNTOWN CORE
CLIFFORD PIER,essential_services,essential_services,22.088343687038915,26.20481927710843,246.0,Priority for action,Low agreement,59.320121724018186,24.60387683792616,cumulative,hansen,156.0,176.0,158.0,False,0.00191217428689419,59.32203389830508,20.446726510183655,49.339545409203815,265.0,59.32203389830508,210.0,107.0,0.00191217428689419,917.8636501713286,156.0,DOWNTOWN CORE
CLIFFORD PIER,transport_services,transport_services,26.22193171308426,26.20481927710843,246.0,Priority for action,Low agreement,72.83526733044589,30.372787017991037,cumulative,hansen,129.0,163.66666666666666,212.0,False,0.013894680727310527,72.84916201117319,23.29586181326286,76.57260821008948,287.0,72.84916201117319,652.0,75.0,0.013894680727310527,2223.806043782211,129.0,DOWNTOWN CORE
COMMONWEALTH,community_spaces,community_spaces,26.148887242813938,48.795180722891565,171.0,Priority for action,Low agreement,53.381958995362254,21.884923065710854,cumulative,hansen,131.0,115.0,126.0,False,0.002788219719149759,53.384747215081404,30.942202667763823,18.255999227539295,170.0,53.384747215081404,623.0,131.0,0.002788219719149759,975.8814243921504,44.0,QUEENSTOWN
COMMONWEALTH,education_institutions,education_institutions,25.59958960456324,38.55421686746988,205.0,Priority for action,Low agreement,54.283961989390356,22.188436322071986,cumulative,hansen,137.0,134.66666666666666,101.0,False,0.008967303538936744,54.292929292929294,29.476627109831394,47.06628059853643,184.0,54.292929292929294,215.0,137.0,0.008967303538936744,1434.9549334001588,83.0,QUEENSTOWN
COMMONWEALTH,emergency_services,emergency_services,11.210884910276741,44.87951807228915,184.0,Priority for action,Low agreement,44.44439836002773,19.94700962057146,cumulative,hansen,201.0,189.0,116.0,False,4.608441670753342e-05,44.44444444444444,4.64396439212568,2.6619577361332296,241.0,44.44444444444444,4.0,125.0,4.608441670753342e-05,11.521111866882215,201.0,QUEENSTOWN
COMMONWEALTH,essential_services,essential_services,23.046154117418645,28.915662650602407,237.0,Priority for action,Low agreement,45.18203676055136,18.620124609791823,cumulative,hansen,171.0,145.0,172.0,False,0.01570335244298762,45.19774011299435,28.003790178173755,67.57532930455424,218.0,45.19774011299435,160.0,171.0,0.01570335244298762,7537.773356767786,46.0,QUEENSTOWN
COMMONWEALTH,transport_services,transport_services,27.882072259777892,33.734939759036145,221.0,Priority for action,Low agreement,57.19461460092458,23.43599597193022,cumulative,hansen,147.0,160.33333333333334,62.0,False,0.01208930968994207,57.20670391061452,32.87420936949601,108.05627087098082,198.0,57.20670391061452,512.0,136.0,0.01208930968994207,1934.861295575215,147.0,QUEENSTOWN
COMPASSVALE,community_spaces,community_spaces,27.499266866409737,53.6144578313253,155.0,Priority for action,Low agreement,46.10057340786988,19.868369537056715,cumulative,hansen,144.0,142.66666666666666,54.0,False,0.0005405595679933772,46.101113967437875,36.55776381010353,21.5691983871957,115.0,46.101113967437875,538.0,169.0,0.0005405595679933772,189.19672562356212,144.0,SENGKANG
COMPASSVALE,education_institutions,education_institutions,48.755954965826504,92.7710843373494,25.0,Needs improvement,Low agreement,82.06123502934011,35.30591035782911,cumulative,hansen,25.0,40.0,61.0,False,0.009472041366968309,82.07070707070707,64.67794387855,103.27335769393048,17.0,82.07070707070707,325.0,25.0,0.009472041366968309,1515.72347583465,78.0,SENGKANG
COMPASSVALE,emergency_services,emergency_services,6.261740312693638,15.060240963855422,283.0,Priority for action,Moderate agreement,22.222094638347567,9.732723246960862,cumulative,hansen,252.0,202.66666666666666,194.0,True,0.0001275838746536338,22.22222222222222,3.6345151861735934,2.0833333333333335,275.0,22.22222222222222,2.0,252.0,0.0001275838746536338,31.895989953031293,81.0,SENGKANG
COMPASSVALE,essential_services,essential_services,50.29691825852477,94.27710843373494,20.0,Needs improvement,Low agreement,74.85428021126224,34.33714263641291,cumulative,hansen,64.0,54.666666666666664,70.0,False,0.00447685088465186,74.85875706214689,70.64764758166,170.47828238777728,15.0,74.85875706214689,265.0,64.0,0.00447685088465186,2148.93523170081,85.0,SENGKANG
COMPASSVALE,transport_services,transport_services,41.58398185897623,80.72289156626506,65.0,Needs improvement,Low agreement,66.57292928583907,29.29864620996626,cumulative,hansen,95.0,81.0,60.0,False,0.01924948511064543,66.59217877094972,56.51954251850619,185.77757801684447,44.0,66.59217877094972,596.0,95.0,0.01924948511064543,3080.8279922985166,104.0,SENGKANG
CONEY ISLAND,community_spaces,community_spaces,16.8547031110514,17.46987951807229,275.0,Priority for action,Moderate agreement,15.996815391972204,7.473756671246435,2sfca,hansen,263.0,185.33333333333334,277.0,True,5.714756586740792,21.711571978712996,21.711571978712996,12.80989739250174,263.0,21.422450728363323,250.0,285.0,5.714756586740792,2000174.0750989516,8.0,PUNGGOL
CONEY ISLAND,education_institutions,education_institutions,46.08066959009098,90.66265060240963,32.0,Needs improvement,High agreement,6.148942053841381,2.5769863569023235,hansen,2sfca,102.0,102.0,184.0,False,43.86821604065553,50.017158094496914,43.86821604065553,70.04579451487048,102.0,45.707070707070706,181.0,194.0,50.017158094496914,8003784.800047497,10.0,PUNGGOL
CONEY ISLAND,emergency_services,emergency_services,6.261725508941436,14.457831325301203,285.0,Priority for action,Moderate agreement,22.22214398418824,9.732737813071736,cumulative,hansen,252.0,223.66666666666666,131.0,True,7.82380339825778e-05,22.22222222222222,3.6345151861735934,2.0833333333333335,275.0,22.22222222222222,2.0,252.0,7.82380339825778e-05,19.55952155104224,144.0,PUNGGOL
CONEY ISLAND,essential_services,essential_services,44.3413759087821,86.14457831325302,47.0,Needs improvement,Moderate agreement,16.745339242285233,6.933712228296864,2sfca,hansen,90.0,90.33333333333333,167.0,False,33.80269076915387,50.5480300114391,50.5480300114391,121.9763379166358,90.0,44.632768361581924,158.0,174.0,33.80269076915387,16225644.988345709,7.0,PUNGGOL
CONEY ISLAND,transport_services,transport_services,21.862233498694923,15.36144578313253,282.0,Priority for action,Low agreement,31.4782126737963,14.7443550243375,cumulative,hansen,218.0,190.33333333333334,197.0,True,0.030167214471857263,31.508379888268156,31.103014713399467,102.23442167079928,218.0,31.508379888268156,282.0,275.0,0.030167214471857263,4828.181027199149,78.0,PUNGGOL
CORONATION ROAD,community_spaces,community_spaces,19.031916386913323,22.89156626506024,257.0,Priority for action,Low agreement,37.103517236869116,15.306608945465513,cumulative,hansen,251.0,238.33333333333334,48.0,True,0.0001674246561617281,37.10368466152528,23.222258454422835,13.701207278541151,251.0,37.10368466152528,433.0,208.0,0.0001674246561617281,58.598901231247446,256.0,BUKIT TIMAH
CORONATION ROAD,education_institutions,education_institutions,18.803812867790914,21.987951807228914,260.0,Priority for action,Low agreement,35.605150537175874,14.770252925104426,cumulative,hansen,253.0,244.33333333333334,32.0,True,0.0009100688847361712,35.60606060606061,23.364655451826742,37.30709845079326,224.0,35.60606060606061,141.0,253.0,0.0009100688847361712,145.62993548905686,256.0,BUKIT TIMAH
CORONATION ROAD,emergency_services,emergency_services,5.413842029102108,9.939759036144578,300.0,Priority for action,Moderate agreement,22.222212565817703,10.049893565871214,cumulative,hansen,306.0,289.0,57.0,True,9.656404517965027e-06,22.22222222222222,1.9387893754726166,1.1113296616837136,309.0,22.22222222222222,2.0,252.0,9.656404517965027e-06,2.4141027408328997,306.0,BUKIT TIMAH
CORONATION ROAD,essential_services,essential_services,14.68567665419646,15.36144578313253,282.0,Priority for action,Moderate agreement,25.988375113874756,10.977968474315146,cumulative,hansen,275.0,275.3333333333333,5.0,True,0.00032545109699611295,25.98870056497175,18.975677811746024,45.78979019437448,273.0,25.98870056497175,92.0,275.0,0.00032545109699611295,156.21992926508008,278.0,BUKIT TIMAH
CORONATION ROAD,transport_services,transport_services,17.395349643477207,8.132530120481928,306.0,Priority for action,Low agreement,33.406162984676286,13.818462129320835,cumulative,hansen,297.0,287.3333333333333,33.0,True,0.001658244373989401,33.40782122905028,21.42657584870991,70.42833662470251,297.0,33.40782122905028,299.0,266.0,0.001658244373989401,265.3975239385913,299.0,BUKIT TIMAH
CRAWFORD,community_spaces,community_spaces,32.7118433381376,73.19277108433735,90.0,Priority for action,Low agreement,85.86166659589264,35.508068660545774,cumulative,hansen,26.0,70.66666666666667,152.0,False,0.08520572630100712,85.94687232219366,30.99381431161713,18.28645026363504,169.0,85.94687232219366,1003.0,17.0,0.08520572630100712,29822.142415071416,26.0,KALLANG
CRAWFORD,education_institutions,education_institutions,27.756256497938658,51.204819277108435,163.0,Priority for action,Low agreement,71.96634766880794,29.70292246434923,cumulative,hansen,163.0,140.66666666666666,137.0,False,0.0033493008890298015,71.96969696969697,26.722624627465112,42.668876067782485,198.0,71.96969696969697,285.0,61.0,0.0033493008890298015,535.9577506534046,163.0,KALLANG
CRAWFORD,emergency_services,emergency_services,21.252039814175042,93.97590361445783,21.0,Priority for action,Low agreement,88.88877173377487,40.3646270171008,cumulative,hansen,90.0,67.66666666666667,97.0,False,0.00011715511401042556,88.88888888888889,6.948453779726117,3.982909585712763,105.0,88.88888888888889,8.0,8.0,0.00011715511401042556,29.288798052006328,90.0,KALLANG
CRAWFORD,essential_services,essential_services,35.365587628464965,70.18072289156626,100.0,Priority for action,Low agreement,85.00902896230711,34.81289676536533,cumulative,hansen,43.0,76.0,137.0,False,0.0192196252635052,85.02824858757062,36.70834404674357,88.58009652982406,161.0,85.02824858757062,301.0,24.0,0.0192196252635052,9225.621074498911,43.0,KALLANG
CRAWFORD,transport_services,transport_services,34.16544968178346,59.93975903614458,134.0,Priority for action,Low agreement,88.0296213150124,36.30514509202551,cumulative,hansen,124.0,112.33333333333333,177.0,False,0.015071422417757108,88.04469273743017,33.103979415144195,108.81151623708342,195.0,88.04469273743017,788.0,18.0,0.015071422417757108,2412.14036643002,124.0,KALLANG
DAIRY FARM,community_spaces,community_spaces,36.45913291133764,85.8433734939759,48.0,Priority for action,Low agreement,53.298055999951245,24.733761957807474,cumulative,hansen,87.0,85.66666666666667,96.0,False,0.0010014122167023847,53.29905741216795,51.59804201047808,30.443010964671696,37.0,53.29905741216795,622.0,133.0,0.0010014122167023847,350.4959002073301,87.0,BUKIT PANJANG
DAIRY FARM,education_institutions,education_institutions,31.8114458526724,62.65060240963856,125.0,Priority for action,Low agreement,47.72510374755392,21.783510909396007,cumulative,hansen,175.0,159.66666666666666,112.0,False,0.0021689797188022687,47.72727272727273,44.53068122660443,71.10357402988944,96.0,47.72727272727273,189.0,175.0,0.0021689797188022687,347.0818328414967,208.0,BUKIT PANJANG
DAIRY FARM,emergency_services,emergency_services,12.988990116141899,56.325301204819276,146.0,Priority for action,Low agreement,44.444386022617735,19.310885975925412,cumulative,hansen,125.0,124.0,101.0,False,5.8421826704528295e-05,44.44444444444444,8.200167401409999,4.700401899890391,73.0,44.44444444444444,4.0,125.0,5.8421826704528295e-05,14.605466424845693,174.0,BUKIT PANJANG
DAIRY FARM,essential_services,essential_services,31.21500623478913,56.62650602409639,145.0,Priority for action,Low agreement,45.81833340749917,20.661395325056425,2sfca,hansen,192.0,174.33333333333334,109.0,False,0.000943481596046761,45.819276889095214,45.819276889095214,110.5654879063617,111.0,41.52542372881356,147.0,192.0,0.000943481596046761,452.88103053802354,220.0,BUKIT PANJANG
DAIRY FARM,transport_services,transport_services,28.44143073954529,37.34939759036144,209.0,Priority for action,Low agreement,41.00188944122038,19.20542492053648,cumulative,hansen,220.0,206.33333333333334,93.0,False,0.003697150958396737,41.00558659217877,40.47840855164404,133.05098321060342,153.0,41.00558659217877,367.0,220.0,0.003697150958396737,591.7190043739328,246.0,BUKIT PANJANG
DEFU INDUSTRIAL PARK,community_spaces,community_spaces,23.13984943455034,39.45783132530121,202.0,Priority for action,Low agreement,45.75806266825907,18.83453204928099,cumulative,hansen,204.0,194.33333333333334,37.0,False,0.0002920875249870508,45.75835475578406,27.97618171427206,16.506037312506557,204.0,45.75835475578406,534.0,171.0,0.0002920875249870508,102.23110753210727,208.0,HOUGANG
DEFU INDUSTRIAL PARK,education_institutions,education_institutions,39.40034164448586,78.6144578313253,72.0,Priority for action,Low agreement,75.7561481364062,31.32968926541048,cumulative,hansen,69.0,115.33333333333333,193.0,False,0.0014276211695514866,75.75757575757575,48.49679641323969,77.43639798443313,69.0,75.75757575757575,300.0,42.0,0.0014276211695514866,228.4490573313759,235.0,HOUGANG
DEFU INDUSTRIAL PARK,emergency_services,emergency_services,8.913783810220234,24.397590361445783,252.0,Priority for action,Low agreement,33.33330588273688,14.768591341455394,cumulative,hansen,244.0,228.33333333333334,77.0,True,2.7450596446324025e-05,33.33333333333333,4.494217816749269,2.5761217948717947,244.0,33.33333333333333,3.0,182.0,2.7450596446324025e-05,6.86265369219785,259.0,HOUGANG
DEFU INDUSTRIAL PARK,essential_services,essential_services,42.427122160457465,83.73493975903614,55.0,Needs improvement,Low agreement,74.29295916929465,31.493154090139694,cumulative,hansen,67.0,116.33333333333333,166.0,False,0.0008261414398174778,74.29378531073446,55.13623451175725,133.0480331426374,58.0,74.29378531073446,263.0,67.0,0.0008261414398174778,396.5565287149093,224.0,HOUGANG
DEFU INDUSTRIAL PARK,transport_services,transport_services,38.29147824904484,73.19277108433735,90.0,Priority for action,Low agreement,70.71294398579498,29.503405899490122,cumulative,hansen,95.0,103.66666666666667,52.0,False,0.013312997445240674,70.72625698324022,48.28446590632646,158.70919565523954,95.0,70.72625698324022,633.0,82.0,0.013312997445240674,2130.7092088408012,134.0,HOUGANG
DEPOT ROAD,community_spaces,community_spaces,24.362317988874807,43.373493975903614,189.0,Priority for action,Low agreement,49.01421723831675,20.127690900657754,cumulative,hansen,187.0,179.0,34.0,False,0.00035002817853326505,49.014567266495284,29.118599054244378,17.18006722240015,187.0,49.014567266495284,572.0,158.0,0.00035002817853326505,122.51043025712336,192.0,BUKIT MERAH
DEPOT ROAD,education_institutions,education_institutions,19.587062719871078,24.096385542168676,253.0,Priority for action,Low agreement,48.48074312329986,19.90387305961502,cumulative,hansen,169.0,189.0,104.0,False,0.004105361548623741,48.484848484848484,19.777722828873582,31.57972751751407,251.0,48.484848484848484,192.0,169.0,0.004105361548623741,656.9431693718992,147.0,BUKIT MERAH
DEPOT ROAD,emergency_services,emergency_services,19.161166233340815,84.63855421686746,52.0,Priority for action,Low agreement,77.77767193232641,35.0887974691382,cumulative,hansen,102.0,79.0,69.0,False,0.00010584545136742553,77.77777777777779,7.211157848299692,4.133493670474233,102.0,77.77777777777779,7.0,33.0,0.00010584545136742553,26.46138050403936,102.0,BUKIT MERAH
DEPOT ROAD,essential_services,essential_services,22.239740092022764,26.506024096385545,245.0,Priority for action,Low agreement,51.127334966854434,20.885273535127975,cumulative,hansen,136.0,169.33333333333334,114.0,False,0.0026085359704224953,51.12994350282486,24.025937661333334,57.97646100707826,243.0,51.12994350282486,181.0,136.0,0.0026085359704224953,1252.1245389739347,129.0,BUKIT MERAH
DEPOT ROAD,transport_services,transport_services,26.586115894982605,27.710843373493976,241.0,Priority for action,Low agreement,60.88067230914893,24.86655023297906,cumulative,hansen,136.0,162.0,132.0,False,0.013182439454417777,60.893854748603346,28.80678042685122,94.6867872543584,241.0,60.893854748603346,545.0,109.0,0.013182439454417777,2109.8137557710984,136.0,BUKIT MERAH
DHOBY GHAUT,community_spaces,community_spaces,30.676004973098575,65.36144578313254,116.0,Priority for action,Low agreement,85.85925970942863,35.84680484502837,cumulative,hansen,51.0,96.33333333333333,202.0,False,0.0019228098515720314,85.8611825192802,27.006383252574125,15.933853096737352,220.0,85.8611825192802,1002.0,18.0,0.0019228098515720314,672.9865669838867,51.0,MUSEUM
DHOBY GHAUT,education_institutions,education_institutions,25.930232288923044,41.566265060240966,195.0,Priority for action,Low agreement,73.47811595059869,30.7437001317758,cumulative,hansen,104.0,129.33333333333334,186.0,False,0.006732534249789209,73.48484848484848,22.462485663356823,35.86657487075703,235.0,73.48484848484848,291.0,49.0,0.006732534249789209,1077.345402000974,104.0,MUSEUM
DHOBY GHAUT,emergency_services,emergency_services,17.91710449864405,75.6024096385542,82.0,Priority for action,Low agreement,77.77762867046236,35.60378295656162,cumulative,hansen,67.0,113.0,206.0,False,0.00014910731541640254,77.77777777777779,4.723008421787737,2.7072664096042907,239.0,77.77777777777779,7.0,33.0,0.00014910731541640254,37.27685373528971,67.0,MUSEUM
DHOBY GHAUT,essential_services,essential_services,29.93210923527487,52.108433734939766,160.0,Priority for action,Low agreement,79.37648644946954,32.861786125874715,cumulative,hansen,149.0,135.0,178.0,False,0.0020446239767806817,79.37853107344633,28.111579266785135,67.83543278026265,217.0,79.37853107344633,281.0,39.0,0.0020446239767806817,981.44088612545,149.0,MUSEUM
DHOBY GHAUT,transport_services,transport_services,61.964307895406435,99.09638554216868,4.0,Adequate,Low agreement,71.33395404158937,31.212370102204122,hansen,2sfca,17.0,87.33333333333333,243.0,False,28.66604595841063,100.0,28.66604595841063,94.22419843064633,244.0,88.15642458100558,789.0,17.0,100.0,16004729.345174767,1.0,MUSEUM
DOVER,community_spaces,community_spaces,35.01103224380781,81.32530120481928,63.0,Priority for action,Low agreement,52.41114995378907,22.8705876644862,cumulative,hansen,63.0,66.33333333333333,100.0,False,2.858772925388307,55.26992287917738,46.19883158071168,27.257459422220343,63.0,55.26992287917738,645.0,118.0,2.858772925388307,1000575.1610179364,18.0,QUEENSTOWN
DOVER,education_institutions,education_institutions,52.602182739346105,96.3855421686747,13.0,Needs improvement,Low agreement,71.64633082797661,31.03269961452367,hansen,2sfca,187.0,137.33333333333334,217.0,False,28.34242507076211,99.98875589873872,28.34242507076211,45.255263645091915,187.0,42.17171717171717,167.0,221.0,99.98875589873872,16000279.006776182,4.0,QUEENSTOWN
DOVER,emergency_services,emergency_services,15.2494403349765,66.56626506024097,112.0,Priority for action,Low agreement,55.5553618151152,24.472663374641797,cumulative,hansen,72.0,68.0,52.0,False,0.00019374044036083972,55.55555555555556,8.276542203466558,4.744180550632164,72.0,55.55555555555556,5.0,92.0,0.00019374044036083972,48.435142419224206,40.0,QUEENSTOWN
DOVER,essential_services,essential_services,31.51858632392188,57.831325301204814,141.0,Priority for action,High agreement,7.979884635006126,3.2842457586725087,cumulative,2sfca,214.0,153.33333333333334,208.0,True,28.46079333109557,36.440677966101696,28.46079333109557,68.67811354752364,214.0,36.440677966101696,129.0,227.0,33.33351355051253,16000435.017983211,19.0,QUEENSTOWN
DOVER,transport_services,transport_services,30.603103725681944,45.48192771084337,182.0,Priority for action,Low agreement,51.948713477204294,22.27350931827999,cumulative,hansen,161.0,173.33333333333334,51.0,False,0.00659378536553177,51.955307262569825,40.42012827511664,132.85941816713432,154.0,51.955307262569825,465.0,161.0,0.00659378536553177,1055.3175013551024,205.0,QUEENSTOWN
DUNEARN,community_spaces,community_spaces,22.086051235461763,33.734939759036145,221.0,Priority for action,Low agreement,43.701407677490195,17.986327384806806,cumulative,hansen,182.0,194.0,44.0,False,0.00039180837098261214,43.70179948586118,26.691147591556465,15.747863041477748,222.0,43.70179948586118,510.0,182.0,0.00039180837098261214,137.13356538482418,178.0,NOVENA
DUNEARN,education_institutions,education_institutions,29.078879881566685,56.62650602409639,145.0,Priority for action,Low agreement,47.725632898630984,20.759923505435825,cumulative,hansen,175.0,176.66666666666666,89.0,False,0.0016398286417391927,47.72727272727273,39.06586677503924,62.377728652874886,133.0,47.72727272727273,189.0,175.0,0.0016398286417391927,262.4066631822236,222.0,NOVENA
DUNEARN,emergency_services,emergency_services,5.413843712416874,10.240963855421686,299.0,Priority for action,Moderate agreement,22.222206954768485,10.049892067032838,cumulative,hansen,293.0,284.6666666666667,57.0,True,1.5267453737646022e-05,22.22222222222222,1.9387893754726166,1.1113296616837136,309.0,22.22222222222222,2.0,252.0,1.5267453737646022e-05,3.816865982055812,293.0,NOVENA
DUNEARN,essential_services,essential_services,23.26674987994249,29.819277108433734,234.0,Priority for action,Low agreement,42.93732375465522,17.919227895127378,cumulative,hansen,209.0,214.66666666666666,65.0,False,0.0005293526894148469,42.93785310734463,29.358040905333482,70.84324190733031,209.0,42.93785310734463,152.0,185.0,0.0005293526894148469,254.09482548972628,250.0,NOVENA
DUNEARN,transport_services,transport_services,20.969999970986798,13.55421686746988,288.0,Priority for action,Low agreement,47.92990939334275,19.57551998231701,cumulative,hansen,262.0,244.0,110.0,False,0.003051500511999528,47.93296089385475,22.7649846841245,74.82763535855645,290.0,47.93296089385475,429.0,180.0,0.003051500511999528,488.38439791214665,262.0,NOVENA
EAST COAST,community_spaces,community_spaces,41.963743089536905,92.16867469879519,27.0,Needs improvement,Low agreement,62.975278452489476,27.52643756940569,2sfca,hansen,36.0,67.33333333333333,116.0,False,0.006012434085214698,62.98129088657469,62.98129088657469,37.15916446286497,25.0,52.35646958011997,611.0,141.0,0.006012434085214698,2104.3616824187907,36.0,MARINE PARADE
EAST COAST,education_institutions,education_institutions,33.644016525055754,68.67469879518072,105.0,Priority for action,Low agreement,48.39668045988284,22.542341636506386,2sfca,hansen,181.0,160.66666666666666,159.0,False,0.001539813337365219,48.398220273220204,48.398220273220204,77.27899828435244,71.0,47.22222222222222,187.0,181.0,0.001539813337365219,246.40213586765375,230.0,MARINE PARADE
EAST COAST,emergency_services,emergency_services,18.658452973606558,81.92771084337349,61.0,Priority for action,Low agreement,66.66657554002454,29.241718766812895,cumulative,hansen,70.0,77.0,87.0,False,9.112664211199241e-05,66.66666666666666,10.650184604561188,6.104771463672202,37.0,66.66666666666666,6.0,70.0,9.112664211199241e-05,22.7816757340878,124.0,MARINE PARADE
EAST COAST,essential_services,essential_services,33.55823171370233,66.26506024096386,113.0,Priority for action,Low agreement,50.1659932856668,22.04229167051968,2sfca,hansen,187.0,169.0,132.0,False,0.0008234996031070197,50.16681678526991,50.16681678526991,121.0564406766646,94.0,42.3728813559322,150.0,187.0,0.0008234996031070197,395.2884194725472,226.0,MARINE PARADE
EAST COAST,transport_services,transport_services,30.16702578432865,43.97590361445783,187.0,Priority for action,Low agreement,43.88181029471096,20.065544912022762,2sfca,hansen,218.0,201.33333333333334,122.0,False,0.003321187277918082,43.88513148198888,43.88513148198888,144.2487513943548,132.0,41.11731843575419,368.0,218.0,0.003321187277918082,531.5470348771663,254.0,MARINE PARADE
EVERTON PARK,community_spaces,community_spaces,15.417989991767758,14.759036144578314,284.0,Priority for action,Low agreement,43.70158623353006,18.28509627933182,cumulative,hansen,238.0,240.0,118.0,False,0.0002132523311214094,43.70179948586118,13.355132237792372,7.879571032311476,300.0,43.70179948586118,510.0,182.0,0.0002132523311214094,74.63866180286838,238.0,BUKIT MERAH
EVERTON PARK,education_institutions,education_institutions,16.48401619706322,18.072289156626507,273.0,Priority for action,Low agreement,46.708510588294736,19.543890038720885,cumulative,hansen,187.0,185.0,200.0,False,0.008661128876983662,46.717171717171716,14.27596702993156,22.794896700447385,284.0,46.717171717171716,185.0,187.0,0.008661128876983662,1385.960624269881,84.0,BUKIT MERAH
EVERTON PARK,emergency_services,emergency_services,21.22545276585091,91.26506024096386,30.0,Priority for action,Low agreement,88.88878092466183,40.37561129861935,cumulative,hansen,98.0,71.33333333333333,100.0,False,0.00010796422705803078,88.88888888888889,6.895285197610029,3.952432926864315,108.0,88.88888888888889,8.0,8.0,0.00010796422705803078,26.991074780245818,98.0,BUKIT MERAH
EVERTON PARK,essential_services,essential_services,19.325840754654227,21.084337349397593,263.0,Priority for action,Low agreement,50.84075107426329,21.02516060756616,cumulative,hansen,138.0,160.33333333333334,209.0,False,0.006706552855358003,50.847457627118644,18.30867452674778,44.18025925787626,276.0,50.847457627118644,180.0,138.0,0.006706552855358003,3219.21548996672,67.0,BUKIT MERAH
EVERTON PARK,transport_services,transport_services,24.15051288911088,20.783132530120483,264.0,Priority for action,Low agreement,65.91415670476299,27.407711436077978,cumulative,hansen,192.0,195.33333333333334,196.0,False,0.007631004734226204,65.92178770949721,21.92773209158233,72.07561805799392,295.0,65.92178770949721,590.0,99.0,0.007631004734226204,1221.3216540303772,192.0,BUKIT MERAH
FABER,community_spaces,community_spaces,28.52636635132181,56.92771084337349,144.0,Priority for action,Low agreement,44.90046558691698,19.93845801669228,cumulative,hansen,99.0,121.0,88.0,False,0.0009911397325471838,44.90145672664953,39.091555328144274,23.06414354325884,99.0,44.90145672664953,524.0,176.0,0.0009911397325471838,346.9005140903134,88.0,CLEMENTI
FABER,education_institutions,education_institutions,25.763732495253393,40.06024096385542,200.0,Priority for action,Low agreement,43.93788458174191,18.805626025176828,cumulative,hansen,204.0,200.33333333333334,67.0,False,0.0015093576520277098,43.93939393939394,33.95080180015799,54.210339538425984,165.0,43.93939393939394,174.0,204.0,0.0015093576520277098,241.52859325416003,232.0,CLEMENTI
FABER,emergency_services,emergency_services,15.743275214029989,70.48192771084338,99.0,Priority for action,Low agreement,55.555312212008275,24.301587797404814,cumulative,hansen,50.0,58.0,60.0,False,0.00024334354727940702,55.55555555555556,9.264182199709383,5.310303739037961,50.0,55.55555555555556,5.0,92.0,0.00024334354727940702,60.8359274260205,32.0,CLEMENTI
FABER,essential_services,essential_services,26.312770967218913,41.265060240963855,196.0,Priority for action,Low agreement,40.11188890018057,18.133578793148306,cumulative,hansen,203.0,192.0,47.0,False,0.0011054501019239899,40.11299435028249,36.57968092426368,88.26962238273137,163.0,40.11299435028249,142.0,203.0,0.0011054501019239899,530.6276067974164,210.0,CLEMENTI
FABER,transport_services,transport_services,32.50418273983476,54.81927710843374,151.0,Priority for action,Low agreement,51.17055034074825,22.72006620624731,cumulative,hansen,165.0,189.0,144.0,False,0.002634016793651,51.1731843575419,44.53751132657656,146.39309903189667,129.0,51.1731843575419,458.0,165.0,0.002634016793651,421.567258730293,273.0,CLEMENTI
FAJAR,community_spaces,community_spaces,26.433176586647313,50.30120481927711,166.0,Priority for action,Low agreement,38.16128384124362,17.668488350515254,2sfca,hansen,165.0,160.0,107.0,True,0.0004369700640096237,38.16172081130763,38.16172081130763,22.515538183667097,104.0,36.760925449871465,429.0,211.0,0.0004369700640096237,152.94023119974088,165.0,BUKIT PANJANG
FAJAR,education_institutions,education_institutions,27.032868626517704,46.98795180722892,177.0,Priority for action,Low agreement,38.68687297918411,18.16247608886838,2sfca,hansen,136.0,145.33333333333334,182.0,True,0.01583057519746993,38.70270355438158,38.70270355438158,61.79785423295387,136.0,38.38383838383838,152.0,241.0,0.01583057519746993,2533.2210379113726,59.0,BUKIT PANJANG
FAJAR,emergency_services,emergency_services,9.818634351877646,33.13253012048193,223.0,Priority for action,Low agreement,33.33327206366969,14.4585066587268,cumulative,hansen,169.0,166.0,35.0,True,6.126966363733905e-05,33.33333333333333,6.303898608623778,3.613445378151261,147.0,33.33333333333333,3.0,182.0,6.126966363733905e-05,15.317426133260271,169.0,BUKIT PANJANG
FAJAR,essential_services,essential_services,25.16563087815544,37.65060240963856,208.0,Priority for action,Low agreement,37.778016782029425,16.503459048609734,2sfca,hansen,153.0,157.33333333333334,189.0,True,0.006795058078450043,37.78481184010788,37.78481184010788,91.17769725313744,153.0,31.35593220338983,111.0,254.0,0.006795058078450043,3261.6989224044783,65.0,BUKIT PANJANG
FAJAR,transport_services,transport_services,24.021932983501305,19.57831325301205,268.0,Priority for action,Low agreement,35.05293006182497,15.874782300111274,2sfca,hansen,187.0,174.33333333333334,206.0,True,0.0746422033058561,35.12757226513083,35.12757226513083,115.46298866256576,187.0,32.17877094972067,288.0,271.0,0.0746422033058561,11946.28261637736,65.0,BUKIT PANJANG
FARRER COURT,community_spaces,community_spaces,20.7581081911815,28.614457831325304,238.0,Priority for action,Low agreement,41.64360569903257,17.106938883052194,cumulative,hansen,192.0,161.66666666666666,183.0,False,0.0016385169057327057,41.645244215938305,24.85713558584423,14.665790051423222,238.0,41.645244215938305,486.0,192.0,0.0016385169057327057,573.4835747968424,55.0,BUKIT TIMAH
FARRER COURT,education_institutions,education_institutions,22.259914597647906,30.120481927710845,233.0,Priority for action,Low agreement,45.704294131537296,18.72662428664043,cumulative,hansen,194.0,194.33333333333334,19.0,False,0.0027765755334082727,45.707070707070706,26.235334967147487,41.89080496080616,204.0,45.707070707070706,181.0,194.0,0.0027765755334082727,444.3097908220015,185.0,BUKIT TIMAH
FARRER COURT,emergency_services,emergency_services,8.090380970295739,22.289156626506024,259.0,Priority for action,Low agreement,33.333315941263116,15.087186123273758,cumulative,hansen,286.0,255.66666666666666,117.0,True,1.7392070215774918e-05,33.33333333333333,2.847418172016015,1.6321629950170469,299.0,33.33333333333333,3.0,182.0,1.7392070215774918e-05,4.34802045611782,286.0,BUKIT TIMAH
FARRER COURT,essential_services,essential_services,17.51112354149786,17.771084337349397,274.0,Priority for action,Low agreement,33.61461012293931,13.905856053436764,cumulative,hansen,242.0,234.66666666666666,52.0,True,0.0012090861002365305,33.61581920903955,21.57519394771976,52.06262532859285,257.0,33.61581920903955,119.0,242.0,0.0012090861002365305,580.3739695386502,205.0,BUKIT TIMAH
FARRER COURT,transport_services,transport_services,20.88287029845806,12.650602409638553,291.0,Priority for action,Low agreement,43.235803341764026,17.70180911756178,cumulative,hansen,235.0,239.0,70.0,False,0.00442012192312534,43.24022346368715,24.46699913828738,80.42209187668041,276.0,43.24022346368715,387.0,206.0,0.00442012192312534,707.4285505229446,235.0,BUKIT TIMAH
FARRER PARK,community_spaces,community_spaces,36.824481615880416,86.44578313253012,46.0,Priority for action,Low agreement,93.54289284086163,38.949994293747125,cumulative,hansen,20.0,54.0,136.0,False,2.858135436773345,96.40102827763496,33.37367065864284,19.690573173030216,139.0,96.40102827763496,1125.0,3.0,2.858135436773345,1000352.0389686482,20.0,ROCHOR
FARRER PARK,education_institutions,education_institutions,43.280912583642326,87.04819277108435,44.0,Needs improvement,Low agreement,50.91091236712101,20.79354319782777,cumulative,2sfca,37.0,88.0,185.0,False,25.856764400555754,76.76767676767676,25.856764400555754,41.28632913502178,206.0,76.76767676767676,304.0,37.0,49.996650099430326,8000503.0946198655,21.0,ROCHOR
FARRER PARK,emergency_services,emergency_services,21.019058402697688,90.06024096385542,34.0,Priority for action,Low agreement,88.88877062968794,40.46129731070318,cumulative,hansen,88.0,78.0,130.0,False,0.00011825920094818074,88.88888888888889,6.482490294319246,3.715815568618746,138.0,88.88888888888889,8.0,8.0,0.00011825920094818074,29.56481997068153,88.0,ROCHOR
FARRER PARK,essential_services,essential_services,35.337964706325764,69.87951807228916,101.0,Priority for action,Low agreement,88.98086397229284,36.59619504457512,cumulative,hansen,139.0,109.33333333333333,155.0,False,0.00218687516477995,88.98305084745762,35.08139694856961,84.6541463202027,172.0,88.98305084745762,315.0,17.0,0.00218687516477995,1049.7229436518523,139.0,ROCHOR
FARRER PARK,transport_services,transport_services,34.57646775058235,61.74698795180723,128.0,Priority for action,Low agreement,91.72021770826987,37.97515334241947,cumulative,hansen,150.0,120.33333333333333,195.0,False,0.011625867149115596,91.73184357541899,32.453222550707636,106.6725032733236,203.0,91.73184357541899,821.0,8.0,0.011625867149115596,1860.688571245537,150.0,ROCHOR
FERNVALE,community_spaces,community_spaces,20.146069532340853,24.69879518072289,251.0,Priority for action,Low agreement,32.47624798098487,14.247207181959135,cumulative,hansen,232.0,231.66666666666666,37.0,True,0.00018732321392744497,32.4764353041988,27.30145254907383,16.10794493198285,213.0,32.4764353041988,379.0,232.0,0.00018732321392744497,65.56342872611746,250.0,SENGKANG
FERNVALE,education_institutions,education_institutions,38.5102023583931,76.80722891566265,78.0,Priority for action,Low agreement,63.88272710363014,27.654751433034352,cumulative,hansen,86.0,85.33333333333333,54.0,False,0.006161785258750613,63.888888888888886,51.4611520900754,82.16968024091217,58.0,63.888888888888886,253.0,86.0,0.006161785258750613,986.0137015775592,112.0,SENGKANG
FERNVALE,emergency_services,emergency_services,9.631670913726683,31.626506024096386,228.0,Priority for action,Low agreement,33.33331661255269,14.51901987023026,cumulative,hansen,182.0,212.33333333333334,119.0,True,1.672078063847592e-05,33.33333333333333,5.9299984616516515,3.399122807017544,168.0,33.33333333333333,3.0,182.0,1.672078063847592e-05,4.180197949776548,287.0,SENGKANG
FERNVALE,essential_services,essential_services,40.759938551322264,80.12048192771084,67.0,Needs improvement,Low agreement,59.88378404776694,27.69799903982343,cumulative,hansen,101.0,84.66666666666667,57.0,False,0.0032216019505803307,59.887005649717516,57.56314188158718,138.90434986492622,48.0,59.887005649717516,212.0,101.0,0.0032216019505803307,1546.402619272518,105.0,SENGKANG
FERNVALE,transport_services,transport_services,32.331870584270455,53.915662650602414,154.0,Priority for action,Low agreement,49.51842303506918,22.201629033826492,cumulative,hansen,128.0,115.33333333333333,126.0,False,0.3139791995676799,49.83240223463687,44.54239275494555,146.4091441005445,128.0,49.83240223463687,446.0,172.0,0.3139791995676799,50251.52109095331,46.0,SENGKANG
FLORA DRIVE,community_spaces,community_spaces,61.18181157501316,99.3975903614458,3.0,Adequate,Low agreement,99.12381912993483,40.666667600822585,2sfca,hansen,102.0,88.66666666666667,160.0,False,0.0004559187268402699,99.12427504866167,99.12427504866167,58.48364152187682,2.0,58.09768637532133,678.0,102.0,0.0004559187268402699,159.57229392653934,162.0,PASIR RIS
FLORA DRIVE,education_institutions,education_institutions,46.024663394736905,90.06024096385542,34.0,Needs improvement,Low agreement,72.14731923676868,30.15091080246551,2sfca,hansen,161.0,127.66666666666667,204.0,False,0.0018860335720204764,72.1492052703407,72.1492052703407,115.20296157231142,9.0,49.74747474747475,197.0,161.0,0.0018860335720204764,301.8045688960811,213.0,PASIR RIS
FLORA DRIVE,emergency_services,emergency_services,21.202763422283788,90.66265060240963,32.0,Priority for action,Low agreement,55.55537437078312,22.96121737898767,cumulative,hansen,47.0,48.0,87.0,False,0.00018118477243746152,55.55555555555556,20.18319591148189,11.569170208876091,5.0,55.55555555555556,5.0,92.0,0.00018118477243746152,45.296223343244705,47.0,PASIR RIS
FLORA DRIVE,essential_services,essential_services,42.800445070264566,84.33734939759037,53.0,Needs improvement,Low agreement,69.55412255502435,28.506504853305263,2sfca,hansen,203.0,145.66666666666666,200.0,False,0.0009811533698677378,69.55510370839421,69.55510370839421,167.84188883012413,17.0,40.11299435028249,142.0,203.0,0.0009811533698677378,470.9638758438833,217.0,PASIR RIS
FLORA DRIVE,transport_services,transport_services,54.33197358221913,95.78313253012048,15.0,Needs improvement,Low agreement,88.5366213868229,36.25546784523536,2sfca,hansen,168.0,113.66666666666667,163.0,False,0.009746208774957956,88.54636759559786,88.54636759559786,291.04852907670244,5.0,50.27932960893855,450.0,168.0,0.009746208774957956,1559.8543358476943,168.0,PASIR RIS
FOREST HILL,community_spaces,community_spaces,22.195836466508002,34.036144578313255,220.0,Priority for action,Low agreement,34.875595662916304,15.501375810405646,cumulative,hansen,220.0,217.0,85.0,True,0.00015412285919679398,34.8757497857755,30.441280544990285,17.9604535618153,173.0,34.8757497857755,407.0,220.0,0.00015412285919679398,53.94325071706432,258.0,TENGAH
FOREST HILL,education_institutions,education_institutions,24.83779146560255,36.144578313253014,213.0,Priority for action,Low agreement,39.39298689037757,17.423251832115817,cumulative,hansen,234.0,217.66666666666666,87.0,True,0.0009525035618230422,39.39393939393939,33.91743567149225,54.15706276532649,166.0,39.39393939393939,156.0,234.0,0.0009525035618230422,152.4203657414344,253.0,TENGAH
FOREST HILL,emergency_services,emergency_services,9.287821308163755,28.915662650602407,237.0,Priority for action,Low agreement,33.33331085438267,14.635183755391264,cumulative,hansen,205.0,219.33333333333334,89.0,True,2.2478950659262483e-05,33.33333333333333,5.242295795623783,3.0049261083743843,205.0,33.33333333333333,3.0,182.0,2.2478950659262483e-05,5.6197414158255565,271.0,TENGAH
FOREST HILL,essential_services,essential_services,24.603944025080054,34.93975903614458,217.0,Priority for action,Low agreement,35.53483534898309,16.441324010542736,2sfca,hansen,240.0,222.0,88.0,True,0.0004601981226400036,35.535295547105726,35.535295547105726,85.74943903136077,169.0,34.18079096045198,121.0,240.0,0.0004601981226400036,220.89991040221528,257.0,TENGAH
FOREST HILL,transport_services,transport_services,24.664462639315044,21.987951807228914,260.0,Priority for action,Low agreement,35.56072047982523,16.499311929982962,2sfca,hansen,256.0,243.33333333333334,112.0,True,0.001776043945774055,35.562496523771,35.562496523771,116.8925680928042,181.0,34.41340782122905,308.0,256.0,0.001776043945774055,284.2510265725,293.0,TENGAH
FORT CANNING,community_spaces,community_spaces,25.38141924134468,45.78313253012048,181.0,Priority for action,Low agreement,73.0427954639288,30.654889395490713,cumulative,hansen,52.0,115.66666666666667,237.0,False,0.050606421246873215,73.09340188517567,21.49511387587097,12.68218641469228,266.0,73.09340188517567,853.0,52.0,0.050606421246873215,17712.32952360281,29.0,MUSEUM
FORT CANNING,education_institutions,education_institutions,20.3083374672482,25.0,250.0,Priority for action,Low agreement,58.836828474305996,24.71434382575873,cumulative,hansen,228.0,202.0,154.0,False,0.0015553640778378894,58.838383838383834,17.08038818069616,27.27280634413023,266.0,58.838383838383834,233.0,112.0,0.0015553640778378894,248.89057753380143,228.0,MUSEUM
FORT CANNING,emergency_services,emergency_services,15.23090225903539,66.26506024096386,113.0,Priority for action,Low agreement,66.66651541042364,30.571711794921278,cumulative,hansen,70.0,134.33333333333334,201.0,False,0.000151256243015328,66.66666666666666,3.7950470976583097,2.17535151598727,267.0,66.66666666666666,6.0,70.0,0.000151256243015328,37.8140859936076,66.0,MUSEUM
FORT CANNING,essential_services,essential_services,25.051425885156426,37.34939759036144,209.0,Priority for action,Low agreement,67.51310496677286,28.01654681757868,cumulative,hansen,215.0,179.66666666666666,176.0,False,0.0010193270124602735,67.51412429378531,23.09659045659125,55.733873735885936,250.0,67.51412429378531,239.0,74.0,0.0010193270124602735,489.2876234073079,215.0,MUSEUM
FORT CANNING,transport_services,transport_services,26.198066291202633,25.903614457831324,247.0,Priority for action,Low agreement,73.73630248145244,30.815657055072577,cumulative,hansen,204.0,188.0,218.0,False,0.006714278324094683,73.74301675977654,22.89489731150019,75.2546532039284,289.0,73.74301675977654,660.0,71.0,0.006714278324094683,1074.6020732530903,204.0,MUSEUM
FRANKEL,community_spaces,community_spaces,55.15076004341441,97.59036144578313,9.0,Needs improvement,Low agreement,86.06760933256133,36.09761496148064,2sfca,hansen,88.0,82.0,138.0,False,0.0005215564643104037,86.06813088902564,86.06813088902564,50.780474418609224,10.0,60.582690659811476,707.0,88.0,0.0005215564643104037,182.5456085101422,148.0,BEDOK
FRANKEL,education_institutions,education_institutions,50.157764885717036,94.87951807228916,18.0,Needs improvement,Low agreement,75.13736533063545,32.91057356115979,2sfca,hansen,58.0,53.0,87.0,False,0.016655805802166967,75.15402113643762,75.15402113643762,120.00084791709888,7.0,62.878787878787875,249.0,94.0,0.016655805802166967,2665.275085403025,58.0,BEDOK
FRANKEL,emergency_services,emergency_services,18.928469094654595,83.73493975903614,55.0,Priority for action,Low agreement,66.66657862996246,29.149591210074284,cumulative,hansen,70.0,78.0,96.0,False,8.803670420094133e-05,66.66666666666666,11.190218700620001,6.414323350464655,34.0,66.66666666666666,6.0,70.0,8.803670420094133e-05,22.009190740714313,130.0,BEDOK
FRANKEL,essential_services,essential_services,50.613788759397806,95.18072289156626,17.0,Needs improvement,Low agreement,78.05953918410617,33.08681469453551,2sfca,hansen,113.0,82.66666666666667,119.0,False,0.0026228292373893583,78.06216201334357,78.06216201334357,188.37008386059713,8.0,57.909604519774014,205.0,113.0,0.0026228292373893583,1258.9854565592177,127.0,BEDOK
FRANKEL,transport_services,transport_services,45.36391143677264,88.25301204819277,40.0,Needs improvement,Low agreement,69.10886010059731,29.657558690701386,2sfca,hansen,101.0,91.66666666666667,134.0,False,0.020231621360633195,69.12909172195795,69.12909172195795,227.2246847434155,20.0,53.96648044692738,483.0,154.0,0.020231621360633195,3238.0162409099075,101.0,BEDOK
GALI BATU,community_spaces,community_spaces,21.935282141035543,32.53012048192771,225.0,Priority for action,Low agreement,32.18229862525288,14.523122803408032,2sfca,hansen,252.0,224.33333333333334,121.0,True,0.00011033713948481518,32.182408962392365,32.182408962392365,18.987724935622644,150.0,29.220222793487576,341.0,252.0,0.00011033713948481518,38.618177794335224,271.0,SUNGEI KADUT
GALI BATU,education_institutions,education_institutions,26.446131798159552,45.18072289156627,183.0,Priority for action,Low agreement,38.14385186103443,17.688156314611852,2sfca,hansen,246.0,222.66666666666666,142.0,True,0.0005856173812079209,38.14443747841563,38.14443747841563,60.90645279539613,140.0,36.868686868686865,146.0,246.0,0.0005856173812079209,93.71095185976344,282.0,SUNGEI KADUT
GALI BATU,emergency_services,emergency_services,18.971422073253194,84.03614457831326,54.0,Priority for action,Low agreement,55.555514090962085,23.38179475380116,cumulative,hansen,92.0,103.33333333333333,206.0,False,4.1464593472178385e-05,55.55555555555556,15.720597045528084,9.011172650878532,6.0,55.55555555555556,5.0,92.0,4.1464593472178385e-05,10.366155287144355,212.0,SUNGEI KADUT
GALI BATU,essential_services,essential_services,25.48692650247976,38.55421686746988,205.0,Priority for action,Low agreement,38.54400191632266,16.689965079607482,2sfca,hansen,258.0,229.33333333333334,136.0,True,0.0002953484771370832,38.544297264799795,38.544297264799795,93.01039480404133,147.0,31.07344632768362,110.0,258.0,0.0002953484771370832,141.77035699915106,283.0,SUNGEI KADUT
GALI BATU,transport_services,transport_services,31.29956616753352,48.19277108433735,173.0,Priority for action,Low agreement,48.3390289996411,20.461780015402148,2sfca,hansen,255.0,212.33333333333334,196.0,False,0.0019500595015476661,48.34097905914265,48.34097905914265,158.89495223054888,93.0,35.64245810055866,319.0,255.0,0.0019500595015476661,312.1017452925681,289.0,SUNGEI KADUT
GARDEN,community_spaces,community_spaces,21.996748271639667,32.831325301204814,224.0,Priority for action,Low agreement,36.932228291430086,15.907006779822183,cumulative,hansen,209.0,226.66666666666666,101.0,True,7.676426828930783e-05,36.93230505569837,29.220528462439017,17.240205901512464,185.0,36.93230505569837,431.0,209.0,7.676426828930783e-05,26.86761841833428,286.0,TENGAH
GARDEN,education_institutions,education_institutions,32.1011395319373,64.1566265060241,120.0,Priority for action,Low agreement,53.28209361181904,23.06126483960751,cumulative,hansen,144.0,174.33333333333334,155.0,False,0.0007346710092476068,53.28282828282829,42.88870694813773,68.48178077525628,112.0,53.28282828282829,211.0,144.0,0.0007346710092476068,117.56263012269196,267.0,TENGAH
GARDEN,emergency_services,emergency_services,9.500227437118347,30.120481927710845,233.0,Priority for action,Low agreement,33.333312863399016,14.562682888984641,cumulative,hansen,182.0,214.33333333333334,99.0,True,2.046993431515783e-05,33.33333333333333,5.667109258942774,3.248432601880878,181.0,33.33333333333333,3.0,182.0,2.046993431515783e-05,5.117486994559534,280.0,TENGAH
GARDEN,essential_services,essential_services,31.668492111371084,58.43373493975904,139.0,Priority for action,Low agreement,46.89226873150904,21.58072435197562,cumulative,hansen,164.0,183.33333333333334,150.0,False,0.00038663572259764234,46.89265536723164,44.57969009441595,107.57426831361832,118.0,46.89265536723164,166.0,164.0,0.00038663572259764234,185.58918926083143,268.0,TENGAH
GARDEN,transport_services,transport_services,27.98146481316624,34.93975903614458,217.0,Priority for action,Low agreement,44.132386254308685,19.576069105017645,cumulative,hansen,201.0,220.66666666666666,133.0,False,0.0016919579818168876,44.134078212290504,38.30828316662719,125.91786393793248,164.0,44.134078212290504,395.0,201.0,0.0016919579818168876,270.79329562387414,297.0,TENGAH
GEYLANG BAHRU,community_spaces,community_spaces,38.80660249020161,89.7590361445783,35.0,Priority for action,Low agreement,94.08642922212621,38.55480362088659,cumulative,hansen,89.0,61.333333333333336,87.0,False,0.0009743768455039966,94.08740359897172,39.977658914707234,23.586947513147717,89.0,94.08740359897172,1098.0,4.0,0.0009743768455039966,341.03347643460864,91.0,KALLANG
GEYLANG BAHRU,education_institutions,education_institutions,55.32864327720594,97.28915662650603,10.0,Needs improvement,Low agreement,48.38135673762008,21.494133868926806,cumulative,2sfca,19.0,42.333333333333336,98.0,False,43.790360434097096,92.17171717171718,43.790360434097096,69.92147995843243,103.0,92.17171717171718,365.0,5.0,49.99706541937988,8000569.554443374,19.0,KALLANG
GEYLANG BAHRU,emergency_services,emergency_services,24.42599054078286,97.89156626506023,8.0,Priority for action,Low agreement,99.99988922674578,45.198704191768975,cumulative,hansen,61.0,51.666666666666664,92.0,False,0.00011077325422551804,100.0,8.851914617613184,5.073988645541823,61.0,100.0,9.0,1.0,0.00011077325422551804,27.69333204085343,93.0,KALLANG
GEYLANG BAHRU,essential_services,essential_services,76.86599422948414,100.0,1.0,Adequate,Low agreement,45.816034139901774,21.336542605100124,hansen,2sfca,2.0,24.0,68.0,False,54.183965860098226,100.0,54.183965860098226,130.75013463272722,69.0,98.87005649717514,350.0,2.0,100.0,48001045.53555889,1.0,KALLANG
GEYLANG BAHRU,transport_services,transport_services,58.451212921905,97.28915662650603,10.0,Needs improvement,Low agreement,50.91045509366362,23.4368847470395,cumulative,2sfca,22.0,41.333333333333336,98.0,False,47.52529909628051,98.43575418994413,47.52529909628051,156.21384333997744,100.0,98.43575418994413,881.0,2.0,50.0047084525864,8003118.247680183,22.0,KALLANG
GEYLANG EAST,community_spaces,community_spaces,48.45406109922822,94.87951807228916,18.0,Needs improvement,Low agreement,79.690541971416,34.63205071639427,cumulative,hansen,36.0,49.333333333333336,68.0,False,0.0009747380955651053,79.69151670951156,65.03093067179448,38.36845853728745,22.0,79.69151670951156,930.0,36.0,0.0009747380955651053,341.15991454196984,90.0,GEYLANG
GEYLANG EAST,education_institutions,education_institutions,47.65339113350004,91.56626506024097,29.0,Needs improvement,Low agreement,74.23324357929879,33.145993219923184,cumulative,hansen,45.0,46.333333333333336,66.0,False,0.009180663125466566,74.24242424242425,65.6043041721551,104.75250703322575,14.0,74.24242424242425,294.0,45.0,0.009180663125466566,1469.096901490099,80.0,GEYLANG
GEYLANG EAST,emergency_services,emergency_services,24.064065077459105,97.59036144578313,9.0,Priority for action,Low agreement,88.88840452639201,39.27597907323663,cumulative,hansen,17.0,15.666666666666666,14.0,False,0.00048436249687461096,88.88888888888889,12.572283981864532,7.206534284185023,22.0,88.88888888888889,8.0,8.0,0.00048436249687461096,121.09070504309004,17.0,GEYLANG
GEYLANG EAST,essential_services,essential_services,53.105700411521866,96.98795180722891,11.0,Needs improvement,Low agreement,76.83236237218426,35.902517604620556,cumulative,hansen,53.0,51.333333333333336,83.0,False,0.0037958199061347364,76.8361581920904,75.4746600542639,182.1262398720335,9.0,76.8361581920904,272.0,53.0,0.0037958199061347364,1822.0332415915436,92.0,GEYLANG
GEYLANG EAST,transport_services,transport_services,46.09427671897705,89.7590361445783,35.0,Needs improvement,Low agreement,71.3836521072908,31.976010333932066,cumulative,hansen,79.0,81.66666666666667,108.0,False,0.012995937401942124,71.39664804469274,63.62209665763584,209.12340225576108,29.0,71.39664804469274,639.0,79.0,0.012995937401942124,2079.9646070491744,137.0,GEYLANG
GHIM MOH,community_spaces,community_spaces,24.759927709584787,44.27710843373494,186.0,Priority for action,Low agreement,44.81520186118087,18.80110377774346,cumulative,hansen,163.0,159.66666666666666,38.0,False,0.0005650625552091727,44.81576692373608,31.593209612142015,18.64009542137855,163.0,44.81576692373608,523.0,177.0,0.0005650625552091727,197.7728108946701,139.0,QUEENSTOWN
GHIM MOH,education_institutions,education_institutions,26.65217120377688,46.08433734939759,180.0,Priority for action,Low agreement,48.97699191978208,20.459636347611603,cumulative,hansen,165.0,131.66666666666666,106.0,False,0.012907070116912285,48.98989898989899,33.70063856952402,53.810895844797685,168.0,48.98989898989899,194.0,165.0,0.012907070116912285,2065.3994659135956,62.0,QUEENSTOWN
GHIM MOH,emergency_services,emergency_services,11.66423446314397,46.3855421686747,179.0,Priority for action,Low agreement,44.444385553321446,19.773268508134752,cumulative,hansen,173.0,160.33333333333334,58.0,False,5.889112299919515e-05,44.44444444444444,5.550655813836363,3.1816805506321635,183.0,44.44444444444444,4.0,125.0,5.889112299919515e-05,14.72279057682278,173.0,QUEENSTOWN
GHIM MOH,essential_services,essential_services,21.744844611721277,25.301204819277107,249.0,Priority for action,Low agreement,36.99743535467949,15.847536542173732,cumulative,hansen,210.0,163.0,167.0,True,0.008214362834632404,37.005649717514125,28.68250071873612,69.21311076160575,210.0,37.005649717514125,131.0,223.0,0.008214362834632404,3942.9800447079265,56.0,QUEENSTOWN
GHIM MOH,transport_services,transport_services,27.115389093441024,30.72289156626506,231.0,Priority for action,Low agreement,50.144322387169986,20.91156418172234,cumulative,hansen,170.0,152.0,96.0,False,0.023275378193141776,50.167597765363126,34.14977385382091,112.24900262256205,191.0,50.167597765363126,449.0,170.0,0.023275378193141776,3725.1612838781703,95.0,QUEENSTOWN
GOMBAK,community_spaces,community_spaces,34.687700997453575,80.12048192771084,67.0,Priority for action,Low agreement,53.38351977675355,24.001038442828687,cumulative,hansen,73.0,85.33333333333333,79.0,False,0.0012274383278502552,53.384747215081404,48.02076664587788,28.33240697845728,52.0,53.384747215081404,623.0,131.0,0.0012274383278502552,429.6054057394352,73.0,BUKIT BATOK
GOMBAK,education_institutions,education_institutions,37.86834271346831,76.20481927710844,80.0,Priority for action,Low agreement,57.826708536653584,26.115719130318773,cumulative,hansen,118.0,133.0,171.0,False,0.0015742916292454659,57.82828282828283,52.604427720645944,83.99518529036725,55.0,57.82828282828283,229.0,118.0,0.0015742916292454659,251.9193791296831,226.0,BUKIT BATOK
GOMBAK,emergency_services,emergency_services,9.818668256327406,34.036144578313255,220.0,Priority for action,Low agreement,33.33315904883716,14.458472233980276,cumulative,hansen,147.0,127.0,130.0,True,0.00017428449616709447,33.33333333333333,6.303898608623778,3.613445378151261,147.0,33.33333333333333,3.0,182.0,0.00017428449616709447,43.571153124219975,52.0,BUKIT BATOK
GOMBAK,essential_services,essential_services,37.54091266218155,75.90361445783132,81.0,Priority for action,Low agreement,54.74158597231601,24.938136088914824,2sfca,hansen,138.0,143.33333333333334,170.0,False,0.0007851882497660933,54.742371160565774,54.742371160565774,132.0976101645898,61.0,50.847457627118644,180.0,138.0,0.0007851882497660933,376.8985693100803,231.0,BUKIT BATOK
GOMBAK,transport_services,transport_services,34.199734322345805,60.24096385542169,133.0,Priority for action,Low agreement,49.605339907926066,23.139477693905754,cumulative,hansen,175.0,171.66666666666666,158.0,False,0.0035986395599692956,49.608938547486034,48.553734041961214,159.59426973486353,91.0,49.608938547486034,444.0,175.0,0.0035986395599692956,575.952521681474,249.0,BUKIT BATOK
GOODWOOD PARK,community_spaces,community_spaces,25.153174668987013,45.48192771084337,182.0,Priority for action,Low agreement,67.86612393499567,28.167860822167363,cumulative,hansen,242.0,187.33333333333334,184.0,False,0.00019997245934451935,67.86632390745501,23.159699791516417,13.664297465947708,252.0,67.86632390745501,792.0,68.0,0.00019997245934451935,69.99068514006488,242.0,NEWTON
GOODWOOD PARK,education_institutions,education_institutions,23.37227694396195,32.831325301204814,224.0,Priority for action,Low agreement,63.88752996723305,26.570343292512447,cumulative,hansen,238.0,187.66666666666666,153.0,False,0.0013589216558365798,63.888888888888886,21.188182979374844,33.8318547018487,238.0,63.888888888888886,253.0,86.0,0.0013589216558365798,217.45570735728924,239.0,NEWTON
GOODWOOD PARK,emergency_services,emergency_services,10.039484235562082,34.93975903614458,217.0,Priority for action,Low agreement,44.444377588727356,20.43051884724074,cumulative,hansen,156.0,195.33333333333334,180.0,False,6.68557170898484e-05,44.44444444444444,2.301150579916131,1.319038018164338,305.0,44.44444444444444,4.0,125.0,6.68557170898484e-05,16.713940428519287,156.0,NEWTON
GOODWOOD PARK,essential_services,essential_services,24.836540465700605,36.74698795180723,211.0,Priority for action,Low agreement,64.68846454509504,26.714618414726665,cumulative,hansen,228.0,186.66666666666666,160.0,False,0.0008009916281122861,64.68926553672316,23.79689412173508,57.42376108628339,246.0,64.68926553672316,229.0,86.0,0.0008009916281122861,384.48435614619297,228.0,NEWTON
GOODWOOD PARK,transport_services,transport_services,26.64259126910862,28.012048192771083,240.0,Priority for action,Low agreement,72.06338740339962,29.921846422719113,cumulative,hansen,247.0,200.0,201.0,False,0.0036517027456251156,72.06703910614524,24.45617587411177,80.38651622062972,277.0,72.06703910614524,645.0,76.0,0.0036517027456251156,584.4451409276155,247.0,NEWTON
GREENWOOD PARK,community_spaces,community_spaces,21.195390556339717,30.42168674698795,232.0,Priority for action,Low agreement,32.14184819040605,13.872654045275764,2sfca,hansen,219.0,212.66666666666666,117.0,True,0.0002703086402297525,32.14211849904628,32.14211849904628,18.963953432487557,151.0,25.621251071122536,299.0,268.0,0.0002703086402297525,94.60846254016028,219.0,WOODLANDS
GREENWOOD PARK,education_institutions,education_institutions,33.323363117317506,68.37349397590361,106.0,Priority for action,Low agreement,49.772576809168726,21.891906585123678,2sfca,hansen,159.0,148.0,157.0,False,0.0034140979871307518,49.77599090715586,49.77599090715586,79.47892906393646,64.0,42.17171717171717,167.0,221.0,0.0034140979871307518,546.3266330254846,159.0,WOODLANDS
GREENWOOD PARK,emergency_services,emergency_services,10.920718203886867,42.46987951807229,192.0,Priority for action,Low agreement,33.33327760986751,14.141300484169646,cumulative,hansen,180.0,142.33333333333334,117.0,True,5.572346581791759e-05,33.33333333333333,8.50806964036091,4.8768939393939394,65.0,33.33333333333333,3.0,182.0,5.572346581791759e-05,13.930875752923845,180.0,WOODLANDS
GREENWOOD PARK,essential_services,essential_services,32.836823136830915,62.65060240963856,125.0,Priority for action,Low agreement,50.64309151557394,21.465976106771855,2sfca,hansen,190.0,165.66666666666666,129.0,False,0.0014413565732850238,50.64453287214723,50.64453287214723,122.20920684436636,89.0,37.570621468926554,133.0,218.0,0.0014413565732850238,691.8662250723155,190.0,WOODLANDS
GREENWOOD PARK,transport_services,transport_services,34.48064636179677,61.44578313253012,129.0,Priority for action,Low agreement,53.22022785517139,22.538527328056322,2sfca,hansen,217.0,171.0,164.0,False,0.00576330812697388,53.22599116329836,53.22599116329836,174.95180047902622,66.0,39.32960893854748,352.0,230.0,0.00576330812697388,922.4018670506308,217.0,WOODLANDS
GUILIN,community_spaces,community_spaces,34.082410043309544,78.01204819277109,74.0,Priority for action,Low agreement,54.58225084417787,24.022232395352,cumulative,hansen,62.0,78.0,72.0,False,0.00215361169187902,54.58440445586975,46.32976613725605,27.33471123227401,62.0,54.58440445586975,637.0,122.0,0.00215361169187902,753.7675854682539,50.0,BUKIT BATOK
GUILIN,education_institutions,education_institutions,36.013842353931594,72.89156626506023,91.0,Priority for action,Low agreement,59.08323533052485,25.70330769095346,cumulative,hansen,95.0,91.66666666666667,36.0,False,0.007673760384246706,59.09090909090909,48.38671681526899,77.26063034226163,72.0,59.09090909090909,234.0,108.0,0.007673760384246706,1227.9611449855242,95.0,BUKIT BATOK
GUILIN,emergency_services,emergency_services,12.14665234012829,49.39759036144578,169.0,Priority for action,Low agreement,44.4444076773278,19.596941817471016,cumulative,hansen,133.0,163.0,106.0,False,3.676711663729586e-05,44.44444444444444,6.515504842208817,3.7347397729706575,133.0,44.44444444444444,4.0,125.0,3.676711663729586e-05,9.191785294566747,231.0,BUKIT BATOK
GUILIN,essential_services,essential_services,36.124075677626635,72.59036144578313,92.0,Priority for action,Low agreement,53.10578707283946,24.553626336988845,cumulative,hansen,131.0,132.0,95.0,False,0.0015575599288972888,53.10734463276836,51.004278966188586,123.0773022206065,85.0,53.10734463276836,188.0,131.0,0.0015575599288972888,747.6450507136061,180.0,BUKIT BATOK
GUILIN,transport_services,transport_services,35.068558051944265,64.7590361445783,118.0,Priority for action,Low agreement,54.73949159265444,24.371664651188976,cumulative,hansen,97.0,101.0,92.0,False,0.12084360287629514,54.86033519553073,48.12047586395046,158.17016664803344,97.0,54.86033519553073,491.0,149.0,0.12084360287629514,19340.691571308867,57.0,BUKIT BATOK
GUL BASIN,community_spaces,community_spaces,0.06421872119438779,4.518072289156627,318.0,Priority for action,High agreement,0.0941613168123427,0.04253213520336123,2sfca,hansen,318.0,318.0,0.0,True,1.2775690721367505e-07,0.09416144456924992,0.09416144456924992,0.0555555555555555,318.0,0.08568980291345331,1.0,318.0,1.2775690721367505e-07,0.0447151247555324,318.0,PIONEER
GUL BASIN,education_institutions,education_institutions,0.19786596926188804,5.421686746987952,315.0,Priority for action,High agreement,0.2947157882347869,0.13013021250660958,2sfca,hansen,314.0,314.0,2.0,True,3.7807993051028736e-06,0.29471956903409197,0.29471956903409197,0.4705882352941176,315.0,0.25252525252525254,1.0,313.0,3.7807993051028736e-06,0.6050064650422815,314.0,PIONEER
GUL BASIN,emergency_services,emergency_services,4.40293398412423,8.132530120481928,306.0,Priority for action,High agreement,11.111102277118272,4.5708841808532465,cumulative,hansen,299.0,284.6666666666667,63.0,True,8.833992838074573e-06,11.11111111111111,4.361418223408312,2.5,246.0,11.11111111111111,1.0,299.0,8.833992838074573e-06,2.208499683626372,309.0,PIONEER
GUL BASIN,essential_services,essential_services,0.9672960223450847,3.91566265060241,320.0,Priority for action,High agreement,1.595540985992477,0.6517971510790386,2sfca,hansen,314.0,315.0,11.0,True,4.2504906396683144e-05,1.5955834908988737,1.5955834908988737,3.8502673796791447,321.0,0.847457627118644,3.0,314.0,4.2504906396683144e-05,20.40279947431856,310.0,PIONEER
GUL BASIN,transport_services,transport_services,31.931815049653352,51.204819277108435,163.0,Priority for action,Low agreement,52.46224260310645,21.44404421822824,2sfca,hansen,265.0,205.66666666666666,214.0,False,0.002962157192194718,52.46520476029865,52.46520476029865,172.45112462357045,69.0,28.49162011173184,255.0,283.0,0.002962157192194718,474.085241389393,265.0,PIONEER
GUL CIRCLE,community_spaces,community_spaces,1.0990498240965034,5.120481927710843,316.0,Priority for action,High agreement,1.6496817628238034,0.7210201604430658,2sfca,hansen,316.0,315.3333333333333,2.0,True,1.966701938827135e-06,1.6496837295257423,1.6496837295257423,0.9733187134502924,316.0,1.371036846615253,16.0,314.0,1.966701938827135e-06,0.6883488687192453,316.0,PIONEER
GUL CIRCLE,education_institutions,education_institutions,1.183800792039772,6.325301204819277,312.0,Priority for action,High agreement,1.7615146588714652,0.7788361020440414,2sfca,hansen,311.0,310.6666666666667,3.0,True,1.644946717033124e-05,1.7615311083386356,1.7615311083386356,2.8126934984520124,312.0,1.5151515151515151,6.0,309.0,1.644946717033124e-05,2.632256615980407,311.0,PIONEER
GUL CIRCLE,emergency_services,emergency_services,4.402940785538097,8.734939759036145,304.0,Priority for action,High agreement,11.111079605738714,4.570875653862163,cumulative,hansen,246.0,262.3333333333333,57.0,True,3.150537239589528e-05,11.11111111111111,4.361418223408312,2.5,246.0,11.11111111111111,1.0,299.0,3.150537239589528e-05,7.876348356201645,242.0,PIONEER
GUL CIRCLE,essential_services,essential_services,2.484077490611946,5.421686746987952,315.0,Priority for action,High agreement,3.9511065306945916,1.6350090885617825,2sfca,hansen,310.0,309.6666666666667,9.0,True,6.206124182898059e-05,3.951168591936421,3.951168591936421,9.534477905994931,314.0,2.5423728813559325,9.0,310.0,6.206124182898059e-05,29.790044950262295,305.0,PIONEER
GUL CIRCLE,transport_services,transport_services,54.55872020667653,96.08433734939759,14.0,Needs improvement,Low agreement,31.965572682254738,13.052013509119732,2sfca,cumulative,26.0,100.66666666666667,254.0,False,33.63128491620112,65.59685759845586,65.59685759845586,215.61436606049608,26.0,33.63128491620112,301.0,265.0,50.11344808069461,8020521.730849851,11.0,PIONEER
HENDERSON HILL,community_spaces,community_spaces,28.376812497798063,56.62650602409639,145.0,Priority for action,Low agreement,70.52127037921369,28.96386249903102,cumulative,hansen,67.0,107.66666666666667,132.0,False,0.001437418558381647,70.52270779777207,28.543679425352273,16.840862789747202,194.0,70.52270779777207,823.0,62.0,0.001437418558381647,503.09882702821864,67.0,BUKIT MERAH
HENDERSON HILL,education_institutions,education_institutions,22.341418412353015,30.42168674698795,232.0,Priority for action,Low agreement,60.095369111002306,24.931990425339794,cumulative,hansen,119.0,155.0,142.0,False,0.005640990007788036,60.1010101010101,20.63904819029732,32.955033484385844,244.0,60.1010101010101,238.0,102.0,0.005640990007788036,902.6756377532212,119.0,BUKIT MERAH
HENDERSON HILL,emergency_services,emergency_services,21.225573706579656,93.67469879518072,22.0,Priority for action,Low agreement,88.88837778889933,40.375505035825604,cumulative,hansen,15.0,43.666666666666664,100.0,False,0.0005110999895457363,88.88888888888889,6.895285197610029,3.952432926864315,108.0,88.88888888888889,8.0,8.0,0.0005110999895457363,127.77508267249424,15.0,BUKIT MERAH
HENDERSON HILL,essential_services,essential_services,26.157086768588428,40.66265060240964,198.0,Priority for action,Low agreement,64.1205769156034,26.30067810263348,cumulative,hansen,94.0,136.0,138.0,False,0.0037168697073521255,64.12429378531074,26.662225901228148,64.33803009537492,226.0,64.12429378531074,227.0,88.0,0.0037168697073521255,1784.136320723488,94.0,BUKIT MERAH
HENDERSON HILL,transport_services,transport_services,29.255369580608242,39.45783132530121,202.0,Priority for action,Low agreement,75.04080645597635,30.949752558170818,cumulative,hansen,66.0,122.66666666666667,192.0,False,0.15472427028063732,75.19553072625699,28.339692308545306,93.1514864456,247.0,75.19553072625699,673.0,66.0,0.15472427028063732,24763.20068971268,55.0,BUKIT MERAH
HILLCREST,community_spaces,community_spaces,15.490716483354815,15.060240963855422,283.0,Priority for action,Moderate agreement,29.734077759711578,12.300827283566584,cumulative,hansen,248.0,246.33333333333334,63.0,True,0.00028385125671807535,29.734361610968296,19.08751801156828,11.261697100764808,277.0,29.734361610968296,347.0,248.0,0.00028385125671807535,99.34840027815576,214.0,BUKIT TIMAH
HILLCREST,education_institutions,education_institutions,15.55114405106199,16.265060240963855,279.0,Priority for action,Moderate agreement,27.77670198548579,11.698835258517084,cumulative,hansen,249.0,258.3333333333333,28.0,True,0.001075792291989921,27.77777777777778,19.990531515637674,31.919526006931612,249.0,27.77777777777778,110.0,277.0,0.001075792291989921,172.14912487370086,249.0,BUKIT TIMAH
HILLCREST,emergency_services,emergency_services,3.1703579046077097,5.72289156626506,314.0,Priority for action,High agreement,11.111106824469857,4.85301547601119,cumulative,hansen,311.0,308.3333333333333,16.0,True,4.286641253947264e-06,11.11111111111111,1.8962687927862223,1.0869565217391304,311.0,11.11111111111111,1.0,299.0,4.286641253947264e-06,1.071661028788619,315.0,BUKIT TIMAH
HILLCREST,essential_services,essential_services,11.44609370859374,11.74698795180723,294.0,Priority for action,Moderate agreement,18.926222332691907,8.205238163113922,cumulative,hansen,289.0,286.3333333333333,18.0,True,0.00033133962447551226,18.926553672316384,15.321367144486238,36.97165360821722,294.0,18.926553672316384,67.0,289.0,0.00033133962447551226,159.04648402184046,276.0,BUKIT TIMAH
HILLCREST,transport_services,transport_services,11.028656356852675,5.120481927710843,316.0,Priority for action,Moderate agreement,20.78093207980199,8.629688749876655,cumulative,hansen,311.0,308.6666666666667,9.0,True,0.0011908252259443624,20.782122905027933,13.74374905655861,45.17517833345394,312.0,20.782122905027933,186.0,303.0,0.0011908252259443624,190.58835438646108,311.0,BUKIT TIMAH
HILLVIEW,community_spaces,community_spaces,23.100191669399322,38.855421686746986,204.0,Priority for action,Low agreement,35.73245238745051,16.019084229925426,cumulative,hansen,217.0,206.33333333333334,90.0,True,0.00019542745951547905,35.732647814910024,31.90720695635893,18.82535486573755,156.0,35.732647814910024,417.0,217.0,0.00019542745951547905,68.39992782758937,246.0,BUKIT BATOK
HILLVIEW,education_institutions,education_institutions,22.455532567568685,30.72289156626506,231.0,Priority for action,Low agreement,36.11041311607736,15.860411453556225,cumulative,hansen,250.0,233.33333333333334,94.0,True,0.0006979950337466889,36.11111111111111,30.46620189367268,48.64636655192475,178.0,36.11111111111111,143.0,250.0,0.0006979950337466889,111.69371180696984,272.0,BUKIT BATOK
HILLVIEW,emergency_services,emergency_services,6.675355240529495,18.072289156626507,273.0,Priority for action,Moderate agreement,22.222201108943512,9.598414528292937,cumulative,hansen,252.0,258.0,32.0,True,2.111327870881326e-05,22.22222222222222,4.461808924202876,2.557544757033248,245.0,22.22222222222222,2.0,252.0,2.111327870881326e-05,5.278323200326765,277.0,BUKIT BATOK
HILLVIEW,essential_services,essential_services,21.95876804913695,25.602409638554217,248.0,Priority for action,Low agreement,31.638054380213333,14.82638425700149,cumulative,hansen,252.0,238.66666666666666,78.0,True,0.000363698882714975,31.63841807909605,31.26195064730585,75.43752457268921,193.0,31.63841807909605,112.0,252.0,0.000363698882714975,174.57926630433406,271.0,BUKIT BATOK
HILLVIEW,transport_services,transport_services,20.028234430913724,12.048192771084338,293.0,Priority for action,Low agreement,30.948227434033935,13.881934558030862,cumulative,hansen,278.0,277.6666666666667,49.0,True,0.0014932363571265905,30.949720670391063,27.67568465185675,90.96891863369936,253.0,30.949720670391063,277.0,278.0,0.0014932363571265905,238.9884374418581,302.0,BUKIT BATOK
HOLLAND DRIVE,community_spaces,community_spaces,31.725327593214413,70.78313253012048,98.0,Priority for action,Low agreement,60.068271574969714,24.91895615222372,cumulative,hansen,96.0,133.66666666666666,127.0,False,0.00028026736104841697,60.06855184233076,39.42306628907989,23.25973607788685,96.0,60.06855184233076,701.0,89.0,0.00028026736104841697,98.09403098044288,216.0,QUEENSTOWN
HOLLAND DRIVE,education_institutions,education_institutions,45.013415905705486,88.25301204819277,40.0,Needs improvement,Moderate agreement,21.64042398695304,8.912169119295786,cumulative,2sfca,114.0,91.66666666666667,129.0,False,36.6929093463803,58.333333333333336,36.6929093463803,58.588751041240606,145.0,58.333333333333336,231.0,114.0,50.00098188616222,8001196.270524347,16.0,QUEENSTOWN
HOLLAND DRIVE,emergency_services,emergency_services,14.211936956720333,62.951807228915655,124.0,Priority for action,Low agreement,55.5554923329059,24.856663601051665,cumulative,hansen,155.0,135.66666666666666,68.0,False,6.322264965656666e-05,55.55555555555556,6.201613757628648,3.5548148789903724,155.0,55.55555555555556,5.0,92.0,6.322264965656666e-05,15.805672963957386,160.0,QUEENSTOWN
HOLLAND DRIVE,essential_services,essential_services,35.48851668562251,70.78313253012048,98.0,Priority for action,High agreement,13.884266197968131,6.3448613328972465,cumulative,2sfca,168.0,123.0,173.0,False,32.44341741785108,46.32768361581921,32.44341741785108,78.28849601526944,187.0,46.32768361581921,164.0,168.0,33.33757084511042,16002382.561810656,14.0,QUEENSTOWN
HOLLAND DRIVE,transport_services,transport_services,30.128043981369196,43.674698795180724,188.0,Priority for action,Low agreement,58.84218393735399,24.261944972911717,cumulative,hansen,118.0,120.0,100.0,False,0.04049762689182116,58.88268156424581,36.678716760904976,120.56154138854944,171.0,58.88268156424581,527.0,118.0,0.04049762689182116,6481.535575254688,71.0,QUEENSTOWN
HOLLAND ROAD,community_spaces,community_spaces,22.83151278776296,37.95180722891566,207.0,Priority for action,Low agreement,36.50222553077846,16.07861318053141,cumulative,hansen,167.0,145.33333333333334,157.0,True,0.0016305103526483102,36.50385604113111,31.060504852861886,18.325797897755375,167.0,36.50385604113111,426.0,213.0,0.0016305103526483102,570.6812682301081,56.0,BUKIT TIMAH
HOLLAND ROAD,education_institutions,education_institutions,26.271210819098506,43.674698795180724,188.0,Priority for action,Low agreement,43.43345968488981,18.831215826783055,cumulative,hansen,206.0,206.66666666666666,102.0,False,0.0008837494536245859,43.43434343434344,35.16815401478746,56.15412505728849,156.0,43.43434343434344,172.0,206.0,0.0008837494536245859,141.4182795153445,258.0,BUKIT TIMAH
HOLLAND ROAD,emergency_services,emergency_services,12.158044240293876,50.602409638554214,165.0,Priority for action,Low agreement,44.444419623226466,19.592888526934157,cumulative,hansen,132.0,174.0,140.0,False,2.4821217974219842e-05,44.44444444444444,6.538295810079188,3.747803739037961,132.0,44.44444444444444,4.0,125.0,2.4821217974219842e-05,6.205308635413567,265.0,BUKIT TIMAH
HOLLAND ROAD,essential_services,essential_services,23.680944967249808,31.626506024096386,228.0,Priority for action,Low agreement,35.87528803828,16.278693787008663,cumulative,hansen,230.0,225.66666666666666,77.0,True,0.000418176409267454,35.87570621468927,33.011356542778344,79.6589774089564,185.0,35.87570621468927,127.0,230.0,0.000418176409267454,200.7290486314357,262.0,BUKIT TIMAH
HOLLAND ROAD,transport_services,transport_services,23.05457326711631,17.771084337349397,274.0,Priority for action,Low agreement,39.55113469842235,16.889599139871844,cumulative,hansen,229.0,248.66666666666666,63.0,True,0.001937927275973952,39.55307262569833,30.286754727587706,99.55140626694104,229.0,39.55307262569833,354.0,227.0,0.001937927275973952,310.1600154259491,290.0,BUKIT TIMAH
HONG KAH,community_spaces,community_spaces,22.634267941355507,36.74698795180723,211.0,Priority for action,Low agreement,35.131548403822066,15.719247054616057,cumulative,hansen,166.0,152.33333333333334,147.0,True,0.001270790693788229,35.132819194515854,31.2146457304884,18.416741511986615,166.0,35.132819194515854,410.0,219.0,0.001270790693788229,444.77880413833213,72.0,JURONG WEST
HONG KAH,education_institutions,education_institutions,32.71302073974641,66.56626506024097,112.0,Priority for action,Low agreement,50.499009736145865,22.662782857727155,cumulative,hansen,115.0,121.0,66.0,False,0.006040768904643023,50.505050505050505,45.220396816129835,72.20486514263553,91.0,50.505050505050505,200.0,157.0,0.006040768904643023,966.6485698414948,115.0,JURONG WEST
HONG KAH,emergency_services,emergency_services,9.557625102121676,31.024096385542173,230.0,Priority for action,Low agreement,33.33327758634443,14.54349536962724,cumulative,hansen,179.0,178.66666666666666,7.0,True,5.574698890198587e-05,33.33333333333333,5.781883422716678,3.3142220755650884,175.0,33.33333333333333,3.0,182.0,5.574698890198587e-05,13.936756527866155,179.0,JURONG WEST
HONG KAH,essential_services,essential_services,32.76924138240274,62.048192771084345,127.0,Priority for action,Low agreement,47.22477807511924,21.92427832520987,2sfca,hansen,105.0,117.0,92.0,False,0.005387464952207668,47.23016554007145,47.23016554007145,113.97007223566747,105.0,45.76271186440678,162.0,169.0,0.005387464952207668,2586.0395049214785,77.0,JURONG WEST
HONG KAH,transport_services,transport_services,36.975211294749826,68.37349397590361,106.0,Priority for action,Low agreement,52.96802949970813,24.87235949908617,cumulative,hansen,68.0,95.33333333333333,100.0,False,0.10459619861589446,53.072625698324025,52.6586145910005,173.08685535158676,68.0,53.072625698324025,475.0,159.0,0.10459619861589446,16740.338493815343,59.0,JURONG WEST
HONG KAH NORTH,community_spaces,community_spaces,35.04032691863194,81.92771084337349,61.0,Priority for action,Low agreement,56.21169477400993,24.71894223885025,cumulative,hansen,106.0,91.33333333333333,60.0,False,0.0008159372154372654,56.21251071122536,47.59515999044447,28.08129768102764,54.0,56.21251071122536,656.0,114.0,0.0008159372154372654,285.5793489109584,106.0,BUKIT BATOK
HONG KAH NORTH,education_institutions,education_institutions,40.15417902450322,79.51807228915662,69.0,Needs improvement,Low agreement,63.62826796461807,28.152945186785992,cumulative,hansen,89.0,75.0,44.0,False,0.008095671745566765,63.63636363636363,54.84895519141365,87.57909464867512,46.0,63.63636363636363,252.0,89.0,0.008095671745566765,1295.4757313664802,90.0,BUKIT BATOK
HONG KAH NORTH,emergency_services,emergency_services,15.963179510004124,71.6867469879518,95.0,Priority for action,Low agreement,55.555502092289956,24.227940636238017,cumulative,hansen,92.0,108.0,140.0,False,5.346326560395175e-05,55.55555555555556,9.70410471982666,5.562470865407633,46.0,55.55555555555556,5.0,92.0,5.346326560395175e-05,13.36582532227806,186.0,BUKIT BATOK
HONG KAH NORTH,essential_services,essential_services,40.388455525137395,79.81927710843374,68.0,Needs improvement,Low agreement,57.947902377306704,27.109943163669808,2sfca,hansen,117.0,97.66666666666667,84.0,False,0.0025936974412154494,57.95049607474792,57.95049607474792,139.83906573709191,46.0,57.06214689265536,202.0,117.0,0.0025936974412154494,1245.0018898124536,130.0,BUKIT BATOK
HONG KAH NORTH,transport_services,transport_services,37.07436525082128,68.97590361445783,104.0,Priority for action,Low agreement,56.18956922211836,25.485463520623618,cumulative,hansen,144.0,123.0,79.0,False,0.011548096317400532,56.201117318435756,51.66135471647782,169.8089002251534,73.0,56.201117318435756,503.0,144.0,0.011548096317400532,1848.2415601200496,152.0,BUKIT BATOK
HOUGANG CENTRAL,community_spaces,community_spaces,23.463748828543697,41.265060240963855,196.0,Priority for action,Low agreement,44.30080162814827,18.388979384046916,cumulative,hansen,178.0,155.66666666666666,83.0,False,0.0008264781070816919,44.30162810625535,29.206350527721003,17.231840874366878,186.0,44.30162810625535,517.0,178.0,0.0008264781070816919,289.26867808457996,103.0,HOUGANG
HOUGANG CENTRAL,education_institutions,education_institutions,45.448740902983104,89.45783132530121,36.0,Needs improvement,Low agreement,82.76411810827359,34.64906579071464,cumulative,hansen,39.0,34.333333333333336,16.0,False,0.06416472000922666,82.82828282828282,57.72766984264754,92.17563111918948,39.0,82.82828282828282,328.0,24.0,0.06416472000922666,10267.688734711532,40.0,HOUGANG
HOUGANG CENTRAL,emergency_services,emergency_services,9.165407048837919,25.301204819277107,249.0,Priority for action,Low agreement,33.333296027743636,14.678043507198634,cumulative,hansen,225.0,211.66666666666666,46.0,True,3.7305589693495304e-05,33.33333333333333,4.99745838098869,2.8645833333333335,225.0,33.33333333333333,3.0,182.0,3.7305589693495304e-05,9.326403648470349,228.0,HOUGANG
HOUGANG CENTRAL,essential_services,essential_services,47.20773930550024,90.66265060240963,32.0,Needs improvement,Low agreement,77.35887450987506,33.66099261954649,cumulative,hansen,38.0,40.666666666666664,14.0,False,0.04225543362776385,77.40112994350282,63.42967337342269,153.06074779942094,35.0,77.40112994350282,274.0,49.0,0.04225543362776385,20283.04993691079,38.0,HOUGANG
HOUGANG CENTRAL,transport_services,transport_services,40.08708735563822,78.01204819277109,74.0,Needs improvement,Low agreement,70.60290315504301,29.867907987561928,cumulative,hansen,83.0,101.66666666666667,80.0,False,0.011621984621793367,70.6145251396648,51.921391464637445,170.66363108665416,71.0,70.6145251396648,632.0,83.0,0.011621984621793367,1860.067183255862,151.0,HOUGANG
HOUGANG EAST,community_spaces,community_spaces,27.64689344523242,54.21686746987952,153.0,Priority for action,Low agreement,42.89891144206152,18.26038806692278,cumulative,hansen,123.0,103.33333333333333,155.0,False,2.8594433137225406,45.75835475578406,35.274778999917686,20.81223321715953,123.0,45.75835475578406,534.0,171.0,2.8594433137225406,1000809.7980223356,16.0,HOUGANG
HOUGANG EAST,education_institutions,education_institutions,48.87772124448061,93.07228915662651,24.0,Needs improvement,Low agreement,83.32469258673173,35.667074690463245,cumulative,hansen,21.0,41.666666666666664,66.0,False,0.008640746601614333,83.33333333333334,64.41692470766692,102.8565799705972,19.0,83.33333333333334,330.0,21.0,0.008640746601614333,1382.699036606639,85.0,HOUGANG
HOUGANG EAST,emergency_services,emergency_services,6.261786856374823,15.66265060240964,281.0,Priority for action,Moderate agreement,22.221939492743616,9.732677450655174,cumulative,hansen,252.0,185.33333333333334,246.0,True,0.00028272947860588096,22.22222222222222,3.6345151861735934,2.0833333333333335,275.0,22.22222222222222,2.0,252.0,0.00028272947860588096,70.68241682987724,29.0,HOUGANG
HOUGANG EAST,essential_services,essential_services,51.01465223228614,95.48192771084338,16.0,Needs improvement,Low agreement,77.11444591880586,35.036191363358434,cumulative,hansen,50.0,50.666666666666664,76.0,False,0.0041981489907486486,77.11864406779661,71.17932794805918,171.76126856984752,13.0,77.11864406779661,273.0,50.0,0.0041981489907486486,2015.155408699865,89.0,HOUGANG
HOUGANG EAST,transport_services,transport_services,41.59899543448349,81.02409638554217,64.0,Needs improvement,Low agreement,68.2461465233024,29.685205068606283,cumulative,hansen,91.0,78.66666666666667,49.0,False,0.022009901278612503,68.26815642458101,55.877522358367415,183.66728226649377,48.0,68.26815642458101,611.0,91.0,0.022009901278612503,3522.6251287820915,97.0,HOUGANG
HOUGANG WEST,community_spaces,community_spaces,29.04675591894811,60.54216867469879,132.0,Priority for action,Low agreement,51.75618821692269,21.81515405481984,cumulative,hansen,145.0,140.0,51.0,False,0.000452742803110243,51.7566409597258,37.39058380832404,22.060564868355517,112.0,51.7566409597258,604.0,145.0,0.000452742803110243,158.46071546945683,163.0,HOUGANG
HOUGANG WEST,education_institutions,education_institutions,49.81404532552904,93.97590361445783,21.0,Needs improvement,Low agreement,88.62711260141147,37.37172214577184,cumulative,hansen,21.0,37.333333333333336,67.0,False,0.009251034952176789,88.63636363636364,64.16799457554131,102.4591052051025,21.0,88.63636363636364,351.0,12.0,0.009251034952176789,1480.3578562990613,79.0,HOUGANG
HOUGANG WEST,emergency_services,emergency_services,9.21084112483491,26.20481927710843,246.0,Priority for action,Low agreement,33.3332872405109,14.662042033875874,cumulative,hansen,200.0,201.33333333333334,40.0,True,4.609282243268677e-05,33.33333333333333,5.08832126064303,2.916666666666667,222.0,33.33333333333333,3.0,182.0,4.609282243268677e-05,11.523213299573197,200.0,HOUGANG
HOUGANG WEST,essential_services,essential_services,50.462418285749564,94.57831325301204,19.0,Needs improvement,Low agreement,79.83844555965983,35.31930422219832,cumulative,hansen,30.0,29.0,19.0,False,0.10505726519891583,79.94350282485875,68.88440108243627,166.22343109543286,19.0,79.94350282485875,283.0,38.0,0.10505726519891583,50428.58570654444,30.0,HOUGANG
HOUGANG WEST,transport_services,transport_services,58.919434329865666,97.59036144578313,9.0,Needs improvement,Moderate agreement,24.966997544855566,10.424942093185653,cumulative,hansen,39.0,42.333333333333336,46.0,False,50.005069494250584,74.97206703910615,57.84700014753853,190.1408805535,39.0,74.97206703910615,671.0,67.0,50.005069494250584,8003176.031421359,21.0,HOUGANG
INSTITUTION HILL,community_spaces,community_spaces,24.094540975218674,42.168674698795186,193.0,Priority for action,Low agreement,68.37999572536008,28.61698455789233,cumulative,hansen,157.0,164.66666666666666,203.0,False,0.0004669995756456884,68.38046272493573,20.83661666071767,12.293670936972276,270.0,68.38046272493573,798.0,67.0,0.0004669995756456884,163.45060898235687,157.0,RIVER VALLEY
INSTITUTION HILL,education_institutions,education_institutions,22.996228253589805,31.92771084337349,227.0,Priority for action,Low agreement,65.40159009929442,27.38110724604743,cumulative,hansen,195.0,176.33333333333334,166.0,False,0.0024503047459978645,65.40404040404042,19.829370162715843,31.66219448015972,250.0,65.40404040404042,259.0,84.0,0.0024503047459978645,392.09968396144654,195.0,RIVER VALLEY
INSTITUTION HILL,emergency_services,emergency_services,17.959943725286667,76.20481927710844,80.0,Priority for action,Low agreement,77.77769741129883,35.58553937867053,cumulative,hansen,140.0,134.66666666666666,198.0,False,8.03664789521891e-05,77.77777777777779,4.808728119574851,2.7564016297300773,231.0,77.77777777777779,7.0,33.0,8.03664789521891e-05,20.091633148613703,140.0,RIVER VALLEY
INSTITUTION HILL,essential_services,essential_services,25.736619590723933,39.45783132530121,202.0,Priority for action,Low agreement,68.92475523601888,28.575575126624045,cumulative,hansen,161.0,159.0,172.0,False,0.0017984362975033597,68.92655367231639,23.901538650742808,57.67627649447013,244.0,68.92655367231639,244.0,72.0,0.0017984362975033597,863.268226092607,161.0,RIVER VALLEY
INSTITUTION HILL,transport_services,transport_services,29.610345200801827,41.566265060240966,195.0,Priority for action,Low agreement,81.6679379673031,34.01512712094444,cumulative,hansen,183.0,163.66666666666666,216.0,False,0.008039686328181337,81.67597765363128,26.545475528354235,87.25396440263694,262.0,81.67597765363128,731.0,46.0,0.008039686328181337,1286.730037026442,183.0,RIVER VALLEY
INTERNATIONAL BUSINESS PARK,community_spaces,community_spaces,0.0,2.2590361445783134,319.0,Priority for action,High agreement,0.0,0.0,2sfca,2sfca,319.0,319.0,0.0,True,0.0,0.0,0.0,0.0,319.0,0.0,0.0,319.0,0.0,0.0,319.0,JURONG EAST
INTERNATIONAL BUSINESS PARK,education_institutions,education_institutions,5.6193841566347364,7.83132530120482,307.0,Priority for action,High agreement,9.515414842108623,4.2333272311851555,2sfca,cumulative,298.0,212.0,286.0,True,0.5050505050505051,10.020465347159128,10.020465347159128,16.0,298.0,0.5050505050505051,2.0,312.0,1.6938046068169055,271043.93937533913,26.0,JURONG EAST
INTERNATIONAL BUSINESS PARK,emergency_services,emergency_services,0.0,2.5602409638554215,317.0,Priority for action,High agreement,0.0,0.0,2sfca,2sfca,317.0,317.0,0.0,True,0.0,0.0,0.0,0.0,317.0,0.0,0.0,317.0,0.0,0.0,317.0,JURONG EAST
INTERNATIONAL BUSINESS PARK,essential_services,essential_services,7.082327734774201,7.83132530120482,307.0,Priority for action,High agreement,12.696099928502656,5.856513202837143,2sfca,cumulative,299.0,213.66666666666666,294.0,True,0.5649717514124294,13.261071679915085,13.261071679915085,32.0,299.0,0.5649717514124294,2.0,318.0,1.1293251484472413,542087.8787506783,24.0,JURONG EAST
INTERNATIONAL BUSINESS PARK,transport_services,transport_services,0.0,1.2048192771084338,326.0,Priority for action,High agreement,0.0,0.0,2sfca,2sfca,326.0,326.0,0.0,True,0.0,0.0,0.0,0.0,326.0,0.0,0.0,326.0,0.0,0.0,326.0,JURONG EAST
ISTANA NEGARA,community_spaces,community_spaces,25.588854897740063,46.68674698795181,178.0,Priority for action,Low agreement,73.60652803438705,30.878080599755318,cumulative,hansen,86.0,132.33333333333334,213.0,False,0.00101266826932408,73.60754070265638,21.734085913455978,12.82318068650928,262.0,73.60754070265638,859.0,49.0,0.00101266826932408,354.4355368830375,86.0,NEWTON
ISTANA NEGARA,education_institutions,education_institutions,20.738427004709678,26.20481927710843,246.0,Priority for action,Low agreement,59.5868932546159,24.99353113024516,cumulative,hansen,106.0,150.0,182.0,False,0.009066341343690684,59.59595959595959,17.633030366229303,28.15522793456436,263.0,59.59595959595959,236.0,106.0,0.009066341343690684,1450.8030404601814,81.0,NEWTON
ISTANA NEGARA,emergency_services,emergency_services,12.683176136346713,54.81927710843374,151.0,Priority for action,Low agreement,55.55548739454693,25.480403925859534,cumulative,hansen,154.0,179.33333333333334,200.0,False,6.81610086301262e-05,55.55555555555556,3.1440891538660245,1.8022171876290607,292.0,55.55555555555556,5.0,92.0,6.81610086301262e-05,17.04026353139968,154.0,NEWTON
ISTANA NEGARA,essential_services,essential_services,26.593002822704015,42.46987951807229,192.0,Priority for action,Low agreement,70.9018691859991,29.37610501358577,cumulative,hansen,143.0,150.33333333333334,166.0,False,0.00208561626078588,70.90395480225989,24.8231723547476,59.90025048692066,237.0,70.90395480225989,251.0,71.0,0.00208561626078588,1001.1176110368508,143.0,NEWTON
ISTANA NEGARA,transport_services,transport_services,27.164832801288114,31.024096385542173,230.0,Priority for action,Low agreement,75.97173363489783,31.715296074662266,cumulative,hansen,214.0,186.0,224.0,False,0.005919996387081915,75.97765363128491,23.935052152230007,78.67360244630788,284.0,75.97765363128491,680.0,60.0,0.005919996387081915,947.4793989965854,214.0,NEWTON
JELEBU,community_spaces,community_spaces,34.140968607127164,78.3132530120482,73.0,Priority for action,Low agreement,49.78454825813108,23.141477623898627,cumulative,hansen,74.0,92.0,102.0,False,0.0012272345852858727,49.78577549271637,48.36689067641661,28.5366212712145,50.0,49.78577549271637,581.0,152.0,0.0012272345852858727,429.53409551141647,74.0,BUKIT PANJANG
JELEBU,education_institutions,education_institutions,32.34890667995182,64.7590361445783,118.0,Priority for action,Low agreement,46.963301301441916,21.892326183973257,cumulative,hansen,108.0,125.33333333333333,100.0,False,0.0063956682550557874,46.96969696969697,45.90609717107181,73.299745000903,84.0,46.96969696969697,186.0,184.0,0.0063956682550557874,1023.4398417688964,108.0,BUKIT PANJANG
JELEBU,emergency_services,emergency_services,9.818673156980896,34.33734939759036,219.0,Priority for action,Low agreement,33.33314271332552,14.458467258130947,cumulative,hansen,147.0,123.66666666666667,140.0,True,0.00019062000780328803,33.33333333333333,6.303898608623778,3.613445378151261,147.0,33.33333333333333,3.0,182.0,0.00019062000780328803,47.655033759137,42.0,BUKIT PANJANG
JELEBU,essential_services,essential_services,30.85959259816109,54.81927710843374,151.0,Priority for action,Low agreement,45.897296809538965,20.305472841346802,2sfca,hansen,173.0,162.66666666666666,97.0,False,0.0016745920219966603,45.898971401560964,45.898971401560964,110.757796979147,109.0,39.548022598870055,140.0,206.0,0.0016745920219966603,803.8216790134531,173.0,BUKIT PANJANG
JELEBU,transport_services,transport_services,29.76951918461222,42.46987951807229,192.0,Priority for action,Low agreement,43.20835355707092,19.819112777570208,2sfca,hansen,158.0,172.0,86.0,False,0.011147281338970446,43.21950083840989,43.21950083840989,142.06084888652032,136.0,40.78212290502793,365.0,222.0,0.011147281338970446,1784.0922076473937,158.0,BUKIT PANJANG
JOO KOON,community_spaces,community_spaces,10.726893813008658,9.939759036144578,300.0,Priority for action,Moderate agreement,15.455442506562598,7.179851941728918,2sfca,hansen,295.0,295.3333333333333,13.0,True,3.682219561734603e-05,15.455479328758216,15.455479328758216,9.11878258043388,289.0,14.995715509854326,175.0,295.0,3.682219561734603e-05,12.88782819427868,302.0,PIONEER
JOO KOON,education_institutions,education_institutions,15.192571543562014,15.66265060240964,281.0,Priority for action,Moderate agreement,22.707791493311408,9.979553949006675,2sfca,hansen,290.0,271.0,59.0,True,0.00036494815308748223,22.708156441464496,22.708156441464496,36.2588453206356,232.0,19.19191919191919,76.0,291.0,0.00036494815308748223,58.39928919928725,290.0,PIONEER
JOO KOON,emergency_services,emergency_services,14.76623041623963,63.55421686746988,122.0,Priority for action,Low agreement,44.44441111779909,18.80336496715655,cumulative,hansen,125.0,131.0,206.0,False,3.332664535336256e-05,44.44444444444444,11.754663058714266,6.737867395762133,31.0,44.44444444444444,4.0,125.0,3.332664535336256e-05,8.331666899480025,237.0,PIONEER
JOO KOON,essential_services,essential_services,12.453703384636682,12.048192771084338,293.0,Priority for action,Moderate agreement,19.25738681153102,8.142398409053959,2sfca,hansen,295.0,286.6666666666667,25.0,True,0.00018902726128188605,19.257575838792302,19.257575838792302,46.470032114727225,270.0,14.124293785310735,50.0,295.0,0.00018902726128188605,90.735061762538,295.0,PIONEER
JOO KOON,transport_services,transport_services,81.02461950663805,100.0,1.0,Well-served,Low agreement,50.274065728637794,20.81129566969198,hansen,cumulative,6.0,61.0,171.0,False,49.72067039106145,99.99473611969924,82.16412918503197,270.0703551317739,6.0,49.72067039106145,445.0,174.0,99.99473611969924,16003886.875379575,3.0,PIONEER
JOO SENG,community_spaces,community_spaces,34.54897534740348,79.51807228915662,69.0,Priority for action,Low agreement,75.74937210672236,30.92761040781262,cumulative,hansen,102.0,105.0,127.0,False,0.000413668770352271,75.74978577549271,38.79778818334766,22.890819981711925,102.0,75.74978577549271,884.0,43.0,0.000413668770352271,144.78474062331986,170.0,TOA PAYOH
JOO SENG,education_institutions,education_institutions,41.213922602452485,82.83132530120481,58.0,Needs improvement,Low agreement,86.612465336079,35.42210049243266,cumulative,hansen,74.0,81.33333333333333,132.0,False,0.003696280082627441,86.61616161616162,47.77916279039075,76.29052924802376,74.0,86.61616161616162,343.0,19.0,0.003696280082627441,591.4816328860313,151.0,TOA PAYOH
JOO SENG,emergency_services,emergency_services,19.436016885426152,85.2409638554217,50.0,Priority for action,Low agreement,77.77770361817178,34.97930735995436,cumulative,hansen,77.0,85.33333333333333,113.0,False,7.415960600705665e-05,77.77777777777779,7.760878163977584,4.448597776248515,77.0,77.77777777777779,7.0,33.0,7.415960600705665e-05,18.539913876604217,146.0,TOA PAYOH
JOO SENG,essential_services,essential_services,46.63378194283601,90.06024096385542,34.0,Needs improvement,Low agreement,89.81117841288864,37.12820772045989,cumulative,hansen,42.0,36.0,36.0,False,0.019330061687638702,89.83050847457628,57.32376245882892,138.32670865212242,51.0,89.83050847457628,318.0,15.0,0.019330061687638702,9278.631712735076,42.0,TOA PAYOH
JOO SENG,transport_services,transport_services,40.12153519897652,78.6144578313253,72.0,Needs improvement,Low agreement,80.77614348392531,33.167349457022404,cumulative,hansen,98.0,119.33333333333333,164.0,False,0.005979421102616291,80.78212290502793,47.92663358328028,157.53301447348468,98.0,80.78212290502793,723.0,48.0,0.005979421102616291,956.9901638820022,212.0,TOA PAYOH
JURONG GATEWAY,community_spaces,community_spaces,34.68973607823894,80.42168674698796,66.0,Priority for action,Low agreement,57.49759157928881,24.901297269395286,cumulative,hansen,105.0,129.0,160.0,False,0.0002661756383496424,57.49785775492716,46.380169349124,27.364449289606476,61.0,57.49785775492716,671.0,105.0,0.0002661756383496424,93.16190517810016,221.0,JURONG EAST
JURONG GATEWAY,education_institutions,education_institutions,34.87487137823668,70.48192771084338,99.0,Priority for action,Low agreement,59.550607234285486,25.46344602831057,cumulative,hansen,85.0,79.0,60.0,False,0.04535236167410629,59.59595959595959,45.88414750108507,73.26469725535219,85.0,59.59595959595959,236.0,106.0,0.04535236167410629,7257.320424476619,46.0,JURONG EAST
JURONG GATEWAY,emergency_services,emergency_services,12.20656308928606,50.903614457831324,164.0,Priority for action,Low agreement,44.44440381673818,19.57566971560887,cumulative,hansen,128.0,156.33333333333334,91.0,False,4.062770626362606e-05,44.44444444444444,6.635324024170584,3.803421091651976,128.0,44.44444444444444,4.0,125.0,4.062770626362606e-05,10.156933345356864,216.0,JURONG EAST
JURONG GATEWAY,essential_services,essential_services,38.6718110222645,78.01204819277109,74.0,Priority for action,Low agreement,58.41616229406384,26.52910077460767,cumulative,hansen,71.0,71.66666666666667,76.0,False,0.0584139771226031,58.47457627118644,53.91874314978086,130.11013155190454,71.0,58.47457627118644,207.0,110.0,0.0584139771226031,28039.319757751666,34.0,JURONG EAST
JURONG GATEWAY,transport_services,transport_services,37.65464500924812,70.78313253012048,98.0,Priority for action,Low agreement,58.235895888926734,25.701061172528597,cumulative,hansen,79.0,79.33333333333333,73.0,False,1.093713049620752,59.32960893854749,50.921218613304795,167.37610111668064,79.0,59.32960893854749,531.0,116.0,1.093713049620752,175045.81340465837,43.0,JURONG EAST
JURONG ISLAND AND BUKOM,community_spaces,community_spaces,0.0,2.2590361445783134,319.0,Priority for action,High agreement,0.0,0.0,2sfca,2sfca,319.0,319.0,0.0,True,0.0,0.0,0.0,0.0,319.0,0.0,0.0,319.0,0.0,0.0,319.0,WESTERN ISLANDS
JURONG ISLAND AND BUKOM,education_institutions,education_institutions,0.0,2.4096385542168677,318.0,Priority for action,High agreement,0.0,0.0,2sfca,2sfca,318.0,318.0,0.0,True,0.0,0.0,0.0,0.0,318.0,0.0,0.0,318.0,0.0,0.0,318.0,WESTERN ISLANDS
JURONG ISLAND AND BUKOM,emergency_services,emergency_services,24.029321982269455,97.28915662650603,10.0,Priority for action,Low agreement,43.614153424064206,18.505555205650584,2sfca,hansen,252.0,184.66666666666666,296.0,False,2.8810018910066225e-05,43.61418223408312,43.61418223408312,25.0,3.0,11.11111111111111,1.0,299.0,2.8810018910066225e-05,7.202509534977047,252.0,WESTERN ISLANDS
JURONG ISLAND AND BUKOM,essential_services,essential_services,0.0,1.5060240963855422,324.0,Priority for action,High agreement,0.0,0.0,2sfca,2sfca,324.0,324.0,0.0,True,0.0,0.0,0.0,0.0,324.0,0.0,0.0,324.0,0.0,0.0,324.0,WESTERN ISLANDS
JURONG ISLAND AND BUKOM,transport_services,transport_services,2.4785761702009275,2.4096385542168677,325.0,Priority for action,High agreement,4.867633970639994,2.243827297997645,2sfca,hansen,324.0,323.6666666666667,3.0,True,8.305931345392542e-05,4.867717029953448,4.867717029953448,16.0,324.0,0.22346368715083798,2.0,325.0,8.305931345392542e-05,13.293418314261096,322.0,WESTERN ISLANDS
JURONG PORT,community_spaces,community_spaces,0.0,2.2590361445783134,319.0,Priority for action,High agreement,0.0,0.0,2sfca,2sfca,319.0,319.0,0.0,True,0.0,0.0,0.0,0.0,319.0,0.0,0.0,319.0,0.0,0.0,319.0,JURONG EAST
JURONG PORT,education_institutions,education_institutions,0.0,2.4096385542168677,318.0,Priority for action,High agreement,0.0,0.0,2sfca,2sfca,318.0,318.0,0.0,True,0.0,0.0,0.0,0.0,318.0,0.0,0.0,318.0,0.0,0.0,318.0,JURONG EAST
JURONG PORT,emergency_services,emergency_services,0.0,2.5602409638554215,317.0,Priority for action,High agreement,0.0,0.0,2sfca,2sfca,317.0,317.0,0.0,True,0.0,0.0,0.0,0.0,317.0,0.0,0.0,317.0,0.0,0.0,317.0,JURONG EAST
JURONG PORT,essential_services,essential_services,0.0,1.5060240963855422,324.0,Priority for action,High agreement,0.0,0.0,2sfca,2sfca,324.0,324.0,0.0,True,0.0,0.0,0.0,0.0,324.0,0.0,0.0,324.0,0.0,0.0,324.0,JURONG EAST
JURONG PORT,transport_services,transport_services,0.0,1.2048192771084338,326.0,Priority for action,High agreement,0.0,0.0,2sfca,2sfca,326.0,326.0,0.0,True,0.0,0.0,0.0,0.0,326.0,0.0,0.0,326.0,0.0,0.0,326.0,JURONG EAST
JURONG RIVER,community_spaces,community_spaces,15.237078901470644,14.457831325301203,285.0,Priority for action,Moderate agreement,23.73602273614549,10.59948551347765,cumulative,hansen,276.0,281.0,29.0,True,5.2670881075520555e-05,23.736075407026565,20.979696037602018,12.378088230140571,269.0,23.736075407026565,277.0,276.0,5.2670881075520555e-05,18.434893812329346,298.0,JURONG EAST
JURONG RIVER,education_institutions,education_institutions,11.499437613617031,11.74698795180723,294.0,Priority for action,Moderate agreement,18.434052212524957,8.109235274679357,cumulative,hansen,293.0,288.0,19.0,True,0.00029122181847717935,18.434343434343432,15.624963120405603,24.948882239023582,276.0,18.434343434343432,73.0,293.0,0.00029122181847717935,46.60154340968628,295.0,JURONG EAST
JURONG RIVER,emergency_services,emergency_services,3.779874709085756,7.530120481927711,308.0,Priority for action,High agreement,11.111100706575893,4.679679427370108,cumulative,hansen,299.0,298.0,9.0,True,1.0404535217784787e-05,11.11111111111111,3.115298731005937,1.7857142857142858,293.0,11.11111111111111,1.0,299.0,1.0404535217784787e-05,2.6011355406266605,302.0,JURONG EAST
JURONG RIVER,essential_services,essential_services,13.309939332335139,13.55421686746988,288.0,Priority for action,Moderate agreement,19.048942291274933,8.951003751810989,2sfca,hansen,289.0,284.6666666666667,21.0,True,0.00019681529299648965,19.049139106567928,19.049139106567928,45.96705802694802,272.0,18.926553672316384,67.0,289.0,0.00019681529299648965,94.47339841218864,293.0,JURONG EAST
JURONG RIVER,transport_services,transport_services,25.288035968510965,23.49397590361446,255.0,Priority for action,Low agreement,36.986791312075844,16.768895850798344,2sfca,hansen,262.0,243.33333333333334,128.0,True,0.0016802788594611553,36.988471590935305,36.988471590935305,121.57969368663665,170.0,33.96648044692737,304.0,262.0,0.0016802788594611553,268.9240837009474,298.0,JURONG EAST
JURONG WEST CENTRAL,community_spaces,community_spaces,20.43982098194528,27.710843373493976,241.0,Priority for action,Moderate agreement,29.90262552568614,13.868718680905195,cumulative,hansen,190.0,159.33333333333334,204.0,True,0.003115691109058187,29.9057412167952,28.915476062507047,17.060224003089992,190.0,29.9057412167952,349.0,246.0,0.003115691109058187,1090.496942041873,42.0,JURONG WEST
JURONG WEST CENTRAL,education_institutions,education_institutions,27.074356909610792,47.89156626506024,174.0,Priority for action,Low agreement,38.76284493768905,18.179615023437698,2sfca,hansen,135.0,143.66666666666666,186.0,True,0.020208454998235495,38.783053392687286,38.783053392687286,61.926151409617006,135.0,38.38383838383838,152.0,241.0,0.020208454998235495,3233.772791363707,55.0,JURONG WEST
JURONG WEST CENTRAL,emergency_services,emergency_services,13.33756440270213,59.337349397590366,136.0,Priority for action,Low agreement,44.444162987938,19.200828460366836,cumulative,hansen,54.0,69.66666666666667,95.0,False,0.00028145650644600695,44.44444444444444,8.897182153722614,5.099936361279374,54.0,44.44444444444444,4.0,125.0,0.00028145650644600695,70.36417357749086,30.0,JURONG WEST
JURONG WEST CENTRAL,essential_services,essential_services,24.501843601201355,34.63855421686747,218.0,Priority for action,Low agreement,36.32999690342876,16.132273249507133,2sfca,hansen,166.0,156.33333333333334,201.0,True,0.01145191708470867,36.34144882051346,36.34144882051346,87.69474974015655,166.0,31.63841807909605,112.0,252.0,0.01145191708470867,5497.039934525456,51.0,JURONG WEST
JURONG WEST CENTRAL,transport_services,transport_services,46.91459947332757,90.66265060240963,32.0,Needs improvement,Low agreement,71.76615105973293,30.662118284440986,2sfca,hansen,110.0,89.66666666666667,135.0,False,0.018455208655990367,71.78460626838893,71.78460626838893,235.95325965470244,12.0,55.08379888268157,493.0,147.0,0.018455208655990367,2953.706195478524,110.0,JURONG WEST
KAKI BUKIT,community_spaces,community_spaces,30.69573905496007,65.66265060240963,115.0,Priority for action,Low agreement,47.04356282109686,21.20168265256671,cumulative,hansen,163.0,167.66666666666666,188.0,False,0.00013897838899874277,47.04370179948586,42.5739140030924,25.118746376886463,76.0,47.04370179948586,549.0,163.0,0.00013897838899874277,48.64266158234382,264.0,BEDOK
KAKI BUKIT,education_institutions,education_institutions,48.16366326429845,91.86746987951807,28.0,Needs improvement,Low agreement,69.05171893754428,32.347788182892934,2sfca,hansen,76.0,101.66666666666667,209.0,False,0.0018001989533517906,69.05351913649763,69.05351913649763,110.2599797420782,10.0,68.18181818181817,270.0,76.0,0.0018001989533517906,288.0692460110752,219.0,BEDOK
KAKI BUKIT,emergency_services,emergency_services,19.621846818893886,86.14457831325302,47.0,Priority for action,Low agreement,66.66661696485549,28.921944327356968,cumulative,hansen,70.0,94.33333333333333,171.0,False,4.9701811165732997e-05,66.66666666666666,12.576997150034408,7.209235910083097,21.0,66.66666666666666,6.0,70.0,4.9701811165732997e-05,12.425461085058265,192.0,BEDOK
KAKI BUKIT,essential_services,essential_services,48.932155711735604,92.7710843373494,25.0,Needs improvement,Low agreement,71.87394309862145,32.37748081063273,2sfca,hansen,85.0,103.33333333333333,201.0,False,0.0010423499237465592,71.8749854485452,71.8749854485452,173.4399443626395,12.0,64.97175141242938,230.0,85.0,0.0010423499237465592,500.3388615374492,213.0,BEDOK
KAKI BUKIT,transport_services,transport_services,43.2468924267868,83.73493975903614,55.0,Needs improvement,Low agreement,62.34308264740962,29.203669789156915,cumulative,hansen,107.0,132.66666666666666,223.0,False,0.0032860676741813394,62.3463687150838,61.55326572693558,202.32323398642336,34.0,62.3463687150838,558.0,107.0,0.0032860676741813394,525.9262373520028,257.0,BEDOK
KALLANG BAHRU,community_spaces,community_spaces,36.413633981865104,85.2409638554217,50.0,Priority for action,Low agreement,92.45849485837175,38.062286252797136,cumulative,hansen,107.0,78.0,113.0,False,0.0008024852443601788,92.45929734361611,35.84306753513714,21.14752528318928,120.0,92.45929734361611,1079.0,7.0,0.0008024852443601788,280.8711372139289,107.0,KALLANG
KALLANG BAHRU,education_institutions,education_institutions,33.247409760868976,68.07228915662651,107.0,Priority for action,Low agreement,80.80441629482281,33.119007648728484,cumulative,hansen,153.0,114.66666666666667,137.0,False,0.0036645132579825115,80.8080808080808,34.169388490550844,54.55936395247449,164.0,80.8080808080808,320.0,27.0,0.0036645132579825115,586.3982807339859,153.0,KALLANG
KALLANG BAHRU,emergency_services,emergency_services,24.426006847568942,98.19277108433735,7.0,Priority for action,Low agreement,99.99983487079217,45.19868964677094,cumulative,hansen,59.0,40.333333333333336,60.0,False,0.00016512920783089675,100.0,8.851914617613184,5.073988645541823,61.0,100.0,9.0,1.0,0.00016512920783089675,41.28232951244899,59.0,KALLANG
KALLANG BAHRU,essential_services,essential_services,41.64466127595962,81.92771084337349,61.0,Needs improvement,Low agreement,93.21457309475001,38.05579559540102,cumulative,hansen,73.0,63.0,100.0,False,0.0057658883008226405,93.22033898305084,45.997727425718416,110.99610296597196,108.0,93.22033898305084,330.0,8.0,0.0057658883008226405,2767.6866688073383,73.0,KALLANG
KALLANG BAHRU,transport_services,transport_services,39.066986737831904,75.30120481927712,83.0,Priority for action,Low agreement,94.04242468106125,38.51759818448961,cumulative,hansen,75.0,77.0,148.0,False,0.03578760944154555,94.07821229050279,40.48121599379776,133.0602111657584,152.0,94.07821229050279,842.0,4.0,0.03578760944154555,5727.710030227576,75.0,KALLANG
KALLANG WAY,community_spaces,community_spaces,36.23853596911131,84.33734939759037,53.0,Priority for action,Low agreement,83.03290647744006,33.914684599673585,cumulative,hansen,97.0,90.33333333333333,124.0,False,0.0005125456961810216,83.03341902313625,39.26339680155041,23.165530566007224,97.0,83.03341902313625,969.0,25.0,0.0005125456961810216,179.39182504875473,149.0,GEYLANG
KALLANG WAY,education_institutions,education_institutions,41.3510724323596,83.13253012048193,57.0,Needs improvement,Low agreement,91.15874684687695,37.2166777184769,cumulative,hansen,82.0,89.66666666666667,171.0,False,0.0028693147392189625,91.16161616161617,46.23577681122921,73.82615510859463,82.0,91.16161616161617,361.0,8.0,0.0028693147392189625,459.1499911475322,179.0,GEYLANG
KALLANG WAY,emergency_services,emergency_services,19.436018957174042,85.54216867469879,49.0,Priority for action,Low agreement,77.77769671234547,34.97930548356233,cumulative,hansen,77.0,83.0,106.0,False,8.106543230809734e-05,77.77777777777779,7.760878163977584,4.448597776248515,77.0,77.77777777777779,7.0,33.0,8.106543230809734e-05,20.266371604223476,139.0,GEYLANG
KALLANG WAY,essential_services,essential_services,47.46834723627438,90.96385542168674,31.0,Needs improvement,Low agreement,97.17307672993414,39.827008187138524,cumulative,hansen,55.0,69.0,142.0,False,0.002064513003715347,97.17514124293785,56.0653992675714,135.2901801503401,55.0,97.17514124293785,344.0,5.0,0.002064513003715347,990.9878270009384,147.0,GEYLANG
KALLANG WAY,transport_services,transport_services,41.625882233301525,81.32530120481928,63.0,Needs improvement,Low agreement,89.82341658239615,36.68759925359976,cumulative,hansen,103.0,97.66666666666667,164.0,False,0.008985652240720546,89.83240223463687,47.313412181403876,155.51737914184008,103.0,89.83240223463687,804.0,13.0,0.008985652240720546,1438.1293210259553,177.0,GEYLANG
KAMPONG BUGIS,community_spaces,community_spaces,0.0,2.2590361445783134,319.0,Priority for action,High agreement,0.0,0.0,2sfca,2sfca,319.0,319.0,0.0,True,0.0,0.0,0.0,0.0,319.0,0.0,0.0,319.0,0.0,0.0,319.0,KALLANG
KAMPONG BUGIS,education_institutions,education_institutions,0.0,2.4096385542168677,318.0,Priority for action,High agreement,0.0,0.0,2sfca,2sfca,318.0,318.0,0.0,True,0.0,0.0,0.0,0.0,318.0,0.0,0.0,318.0,0.0,0.0,318.0,KALLANG
KAMPONG BUGIS,emergency_services,emergency_services,0.0,2.5602409638554215,317.0,Priority for action,High agreement,0.0,0.0,2sfca,2sfca,317.0,317.0,0.0,True,0.0,0.0,0.0,0.0,317.0,0.0,0.0,317.0,0.0,0.0,317.0,KALLANG
KAMPONG BUGIS,essential_services,essential_services,0.0,1.5060240963855422,324.0,Priority for action,High agreement,0.0,0.0,2sfca,2sfca,324.0,324.0,0.0,True,0.0,0.0,0.0,0.0,324.0,0.0,0.0,324.0,0.0,0.0,324.0,KALLANG
KAMPONG BUGIS,transport_services,transport_services,0.0,1.2048192771084338,326.0,Priority for action,High agreement,0.0,0.0,2sfca,2sfca,326.0,326.0,0.0,True,0.0,0.0,0.0,0.0,326.0,0.0,0.0,326.0,0.0,0.0,326.0,KALLANG
KAMPONG GLAM,community_spaces,community_spaces,31.067594503552094,66.56626506024097,112.0,Priority for action,Low agreement,83.28889152560595,34.53609177156981,cumulative,hansen,59.0,91.0,168.0,False,0.0015969062706670937,83.29048843187661,28.818035490591136,17.002733751839035,191.0,83.29048843187661,972.0,23.0,0.0015969062706670937,558.9197850284829,59.0,ROCHOR
KAMPONG GLAM,education_institutions,education_institutions,27.495279008111027,49.096385542168676,170.0,Priority for action,Low agreement,72.97649389431128,30.216100445551476,cumulative,hansen,165.0,143.33333333333334,151.0,False,0.0033040854867005818,72.97979797979798,25.796656373010844,41.19035271003557,208.0,72.97979797979798,289.0,57.0,0.0033040854867005818,528.7223465705313,165.0,ROCHOR
KAMPONG GLAM,emergency_services,emergency_services,18.191080628378728,79.21686746987952,70.0,Priority for action,Low agreement,77.77766958880285,35.48768643520201,cumulative,hansen,97.0,108.33333333333333,162.0,False,0.00010818897493578381,77.77777777777779,5.270985232261381,3.0213711241743013,195.0,77.77777777777779,7.0,33.0,0.00010818897493578381,27.047261787187228,97.0,ROCHOR
KAMPONG GLAM,essential_services,essential_services,34.12153975943056,67.46987951807229,109.0,Priority for action,Low agreement,84.74346269006622,34.8028797699978,cumulative,hansen,138.0,112.66666666666667,150.0,False,0.0023000217981792486,84.7457627118644,34.34339442103646,82.87328867527876,175.0,84.7457627118644,300.0,25.0,0.0023000217981792486,1104.0345106718014,138.0,ROCHOR
KAMPONG GLAM,transport_services,transport_services,33.47928393163178,57.53012048192772,142.0,Priority for action,Low agreement,87.91422228921599,36.34881802441527,cumulative,hansen,108.0,112.66666666666667,190.0,False,0.018738604638772097,87.93296089385476,31.774140342938388,104.44038598765388,210.0,87.93296089385476,787.0,20.0,0.018738604638772097,2999.062955497838,108.0,ROCHOR
KAMPONG JAVA,community_spaces,community_spaces,34.77103973721857,80.72289156626506,65.0,Priority for action,Low agreement,93.65783213575709,38.862921398620834,cumulative,hansen,78.0,78.66666666666667,148.0,False,0.0011224486473592264,93.65895458440446,32.07782417148695,18.926019572158953,153.0,93.65895458440446,1093.0,5.0,0.0011224486473592264,392.8588472668822,78.0,KALLANG
KAMPONG JAVA,education_institutions,education_institutions,27.53455984235455,50.0,167.0,Priority for action,Low agreement,73.42374422264925,30.43120047641994,cumulative,hansen,49.0,100.33333333333333,168.0,False,0.061104262199243725,73.48484848484848,25.63851773345016,40.93784764711569,210.0,73.48484848484848,291.0,49.0,0.061104262199243725,9777.951879721704,42.0,KALLANG
KAMPONG JAVA,emergency_services,emergency_services,18.57541792613308,81.62650602409639,62.0,Priority for action,Low agreement,77.77765370527999,35.327355197537756,cumulative,hansen,83.0,93.0,130.0,False,0.00012407249780241206,77.77777777777779,6.039650297656367,3.4619761212309115,163.0,77.77777777777779,7.0,33.0,0.00012407249780241206,31.01814515429061,83.0,KALLANG
KAMPONG JAVA,essential_services,essential_services,33.38170124713106,65.66265060240963,115.0,Priority for action,Low agreement,82.16058138145353,33.7163868030449,cumulative,hansen,37.0,82.0,149.0,False,0.04280844905495341,82.20338983050848,33.85636149262575,81.6980402424732,179.0,82.20338983050848,291.0,30.0,0.04280844905495341,20548.50312393471,37.0,KALLANG
KAMPONG JAVA,transport_services,transport_services,34.11502248253389,59.036144578313255,137.0,Priority for action,Low agreement,89.23398880031529,36.877862875873134,cumulative,hansen,73.0,96.0,187.0,False,0.039754216444499106,89.27374301675978,32.49669522849715,106.81539630518064,201.0,89.27374301675978,799.0,14.0,0.039754216444499106,6362.554745237041,73.0,KALLANG
KAMPONG TIONG BAHRU,community_spaces,community_spaces,24.238687485618538,42.77108433734939,191.0,Priority for action,Low agreement,60.839317389641906,25.013291758915848,cumulative,hansen,164.0,164.66666666666666,156.0,False,0.0004426789099344945,60.83976006855184,24.141205336470378,14.24338889854222,243.0,60.83976006855184,710.0,87.0,0.0004426789099344945,154.9383365335978,164.0,BUKIT MERAH
KAMPONG TIONG BAHRU,education_institutions,education_institutions,18.592422650963126,21.686746987951807,261.0,Priority for action,Low agreement,50.99996383216012,21.223961224281396,cumulative,hansen,155.0,167.0,194.0,False,0.010137177940885018,51.010101010101,16.77472259112132,26.78474024502596,270.0,51.010101010101,202.0,155.0,0.010137177940885018,1622.1591511725485,76.0,BUKIT MERAH
KAMPONG TIONG BAHRU,emergency_services,emergency_services,21.22547372531935,92.46987951807229,26.0,Priority for action,Low agreement,88.88871105976703,40.37559288284642,cumulative,hansen,49.0,55.0,100.0,False,0.00017782912185457977,88.88888888888889,6.895285197610029,3.952432926864315,108.0,88.88888888888889,8.0,8.0,0.00017782912185457977,44.4573101375747,49.0,BUKIT MERAH
KAMPONG TIONG BAHRU,essential_services,essential_services,21.703990412999573,25.0,250.0,Priority for action,Low agreement,54.5133380614453,22.414735840617688,cumulative,hansen,127.0,150.33333333333334,186.0,False,0.006435949854134885,54.51977401129944,21.596209651566888,52.113337860682286,255.0,54.51977401129944,193.0,127.0,0.006435949854134885,3089.323220129022,69.0,BUKIT MERAH
KAMPONG TIONG BAHRU,transport_services,transport_services,26.549975871174574,27.40963855421687,242.0,Priority for action,Low agreement,70.27142171099342,29.085250365863875,cumulative,hansen,186.0,180.66666666666666,186.0,False,0.007907897945114697,70.27932960893854,24.983475160006666,82.11972883804413,271.0,70.27932960893854,629.0,85.0,0.007907897945114697,1265.6376630082443,186.0,BUKIT MERAH
KAMPONG UBI,community_spaces,community_spaces,45.50587717112042,93.97590361445783,21.0,Needs improvement,Low agreement,77.37760293539807,33.15687953751782,cumulative,hansen,39.0,92.66666666666667,181.0,False,0.00028909545025328323,77.37789203084833,60.060424072631356,35.435843635590835,29.0,77.37789203084833,903.0,39.0,0.00028909545025328323,101.18387652193162,210.0,GEYLANG
KAMPONG UBI,education_institutions,education_institutions,49.00409799804203,93.37349397590361,23.0,Needs improvement,Low agreement,81.31026981322134,35.19694664350927,cumulative,hansen,26.0,73.66666666666667,165.0,False,0.002861499909981845,81.31313131313132,65.48122657088553,104.5559850602346,15.0,81.31313131313132,322.0,26.0,0.002861499909981845,457.89945605425805,180.0,GEYLANG
KAMPONG UBI,emergency_services,emergency_services,21.562160173591426,94.57831325301204,19.0,Priority for action,Low agreement,77.77764204995204,34.18684407153539,cumulative,hansen,33.0,44.333333333333336,54.0,False,0.0001357278257508763,77.77777777777779,12.013127799376285,6.886021463672202,23.0,77.77777777777779,7.0,33.0,0.0001357278257508763,33.93197908630399,77.0,GEYLANG
KAMPONG UBI,essential_services,essential_services,51.34376761899265,96.3855421686747,13.0,Needs improvement,Low agreement,79.37673793284632,35.59570111649374,cumulative,hansen,39.0,71.66666666666667,148.0,False,0.0017931406000053064,79.37853107344633,70.93504692424676,171.1717994114961,14.0,79.37853107344633,281.0,39.0,0.0017931406000053064,860.7262359251409,162.0,GEYLANG
KAMPONG UBI,transport_services,transport_services,77.86308044827675,99.69879518072288,2.0,Adequate,Low agreement,35.128602883664584,14.550099407586313,hansen,2sfca,27.0,29.333333333333332,51.0,False,64.85394850131809,99.98255138498267,64.85394850131809,213.17245222675015,27.0,77.20670391061452,691.0,56.0,99.98255138498267,16001936.74156676,5.0,GEYLANG
KANGKAR,community_spaces,community_spaces,22.489359945563546,35.8433734939759,214.0,Priority for action,Low agreement,41.30214851258688,17.258402190962048,cumulative,hansen,196.0,196.0,2.0,False,0.00033649169760670066,41.30248500428449,28.45752399439473,16.790030808007003,197.0,41.30248500428449,482.0,195.0,0.00033649169760670066,117.77263997569564,196.0,HOUGANG
KANGKAR,education_institutions,education_institutions,62.79149143441792,98.79518072289156,5.0,Adequate,Low agreement,33.33231547128376,13.766322623703749,cumulative,hansen,21.0,21.333333333333332,13.0,False,50.00101786204958,83.33333333333334,62.24903881827276,99.39504669558414,28.0,83.33333333333334,330.0,21.0,50.00101786204958,8001202.02741401,15.0,HOUGANG
KANGKAR,emergency_services,emergency_services,6.261717550319508,13.253012048192772,289.0,Priority for action,Moderate agreement,22.222170512927995,9.732745643949652,cumulative,hansen,252.0,238.33333333333334,87.0,True,5.170929422445735e-05,22.22222222222222,3.6345151861735934,2.0833333333333335,275.0,22.22222222222222,2.0,252.0,5.170929422445735e-05,12.927332184723356,188.0,HOUGANG
KANGKAR,essential_services,essential_services,68.08118945802332,99.3975903614458,3.0,Adequate,High agreement,8.640705345177182,3.9714552979627253,cumulative,2sfca,24.0,30.333333333333332,61.0,False,66.21805171696971,74.85875706214689,66.21805171696971,159.78932216710555,24.0,74.85875706214689,265.0,64.0,66.66804062369691,32001356.53744565,3.0,HOUGANG
KANGKAR,transport_services,transport_services,40.442481624072826,78.91566265060241,71.0,Needs improvement,Low agreement,68.92967866825829,29.507301315043385,cumulative,hansen,89.0,110.66666666666667,115.0,False,0.00886881777522896,68.93854748603351,53.304222963067105,175.20894541752563,64.0,68.93854748603351,617.0,89.0,0.00886881777522896,1419.4302810421452,179.0,HOUGANG
KATONG,community_spaces,community_spaces,44.307074703112136,93.67469879518072,22.0,Needs improvement,Low agreement,65.46613054800791,30.169990470357053,cumulative,hansen,74.0,67.0,73.0,False,0.0008788778704114314,65.46700942587832,62.4268183091507,36.83202385643071,27.0,65.46700942587832,764.0,74.0,0.0008788778704114314,307.6086802461138,100.0,MARINE PARADE
KATONG,education_institutions,education_institutions,40.32992748146742,79.81927710843374,68.0,Needs improvement,Low agreement,60.84661181612583,27.67347000214128,cumulative,hansen,64.0,69.33333333333333,58.0,False,0.01197404246002796,60.858585858585855,56.30923619402448,89.91077239340154,43.0,60.858585858585855,241.0,101.0,0.01197404246002796,1916.0956497294385,64.0,MARINE PARADE
KATONG,emergency_services,emergency_services,21.562160464656497,94.87951807228916,18.0,Priority for action,Low agreement,77.77764107973513,34.18684378839726,cumulative,hansen,33.0,43.666666666666664,52.0,False,0.00013669804265531075,77.77777777777779,12.013127799376285,6.886021463672202,23.0,77.77777777777779,7.0,33.0,0.00013669804265531075,34.17453347431044,75.0,MARINE PARADE
KATONG,essential_services,essential_services,44.23672780017853,85.8433734939759,48.0,Needs improvement,Low agreement,63.72273195667508,29.61019471269432,2sfca,hansen,92.0,76.66666666666667,74.0,False,0.0031005823859847495,63.72583253906106,63.72583253906106,153.77540295921332,32.0,61.86440677966102,219.0,92.0,0.0031005823859847495,1488.3119629640578,106.0,MARINE PARADE
KATONG,transport_services,transport_services,38.62325813287578,74.3975903614458,86.0,Priority for action,Low agreement,57.97938721452695,26.451290950371376,cumulative,hansen,125.0,118.0,117.0,False,0.009439601115504282,57.988826815642454,54.04532177882528,177.64490892550387,56.0,57.988826815642454,519.0,125.0,0.009439601115504282,1510.7826098005587,173.0,MARINE PARADE
KEAT HONG,community_spaces,community_spaces,35.083310011775765,82.2289156626506,60.0,Priority for action,Low agreement,53.46987722970835,24.175963845121945,cumulative,hansen,130.0,106.66666666666667,92.0,False,0.0005597882865010766,53.470437017994854,48.77810934338169,28.779241609109363,49.0,53.470437017994854,624.0,130.0,0.0005597882865010766,195.92680829159937,141.0,CHOA CHU KANG
KEAT HONG,education_institutions,education_institutions,37.5304802959126,75.90361445783132,81.0,Priority for action,Low agreement,56.72599283094218,25.7376638602873,cumulative,hansen,56.0,72.66666666666667,86.0,False,0.0921889872396357,56.81818181818182,52.278374472208675,83.4745655592212,56.0,56.81818181818182,225.0,124.0,0.0921889872396357,14752.153918987877,38.0,CHOA CHU KANG
KEAT HONG,emergency_services,emergency_services,9.818640552171447,33.433734939759034,222.0,Priority for action,Low agreement,33.33325139602369,14.458500363274913,cumulative,hansen,147.0,155.0,46.0,True,8.19373096388963e-05,33.33333333333333,6.303898608623778,3.613445378151261,147.0,33.33333333333333,3.0,182.0,8.19373096388963e-05,20.484341082411348,136.0,CHOA CHU KANG
KEAT HONG,essential_services,essential_services,37.2768808894762,73.79518072289156,88.0,Priority for action,Low agreement,54.45860218780017,24.67614330169752,2sfca,hansen,62.0,80.0,112.0,False,0.059474744470149984,54.51807693227032,54.51807693227032,131.5563707022977,62.0,50.0,177.0,145.0,0.059474744470149984,28548.499175273988,33.0,CHOA CHU KANG
KEAT HONG,transport_services,transport_services,35.557842480501,66.56626506024097,112.0,Priority for action,Low agreement,50.98364758615088,23.866716443990093,2sfca,hansen,142.0,129.33333333333334,90.0,False,0.012690957047310325,50.99633854319819,50.99633854319819,167.6230174577289,78.0,50.27932960893855,450.0,168.0,0.012690957047310325,2031.1533267344005,142.0,CHOA CHU KANG
KEBUN BAHRU,community_spaces,community_spaces,35.51286851020303,83.43373493975903,56.0,Priority for action,Low agreement,49.73436460579837,22.487750607640614,cumulative,hansen,51.0,67.33333333333333,125.0,False,2.879174383061966,52.613538988860334,48.25281679502474,28.469317313802897,51.0,52.613538988860334,614.0,138.0,2.879174383061966,1007715.7042963254,13.0,ANG MO KIO
KEBUN BAHRU,education_institutions,education_institutions,25.990491989285147,42.168674698795186,193.0,Priority for action,Low agreement,42.671118275959344,18.557094423894473,cumulative,hansen,158.0,163.66666666666666,97.0,False,0.0056494008083333835,42.676767676767675,34.90688726737823,55.73695202053598,158.0,42.676767676767675,169.0,215.0,0.0056494008083333835,904.0215406418638,118.0,ANG MO KIO
KEBUN BAHRU,emergency_services,emergency_services,9.2447781317824,26.80722891566265,244.0,Priority for action,Low agreement,33.33329254006881,14.650162241724882,cumulative,hansen,211.0,202.66666666666666,33.0,True,4.079326452081747e-05,33.33333333333333,5.156198454272758,2.9555744199207696,211.0,33.33333333333333,3.0,182.0,4.079326452081747e-05,10.198322937281034,215.0,ANG MO KIO
KEBUN BAHRU,essential_services,essential_services,25.635037121884885,39.1566265060241,203.0,Priority for action,Low agreement,37.85027742950348,17.450207852457257,cumulative,hansen,167.0,167.33333333333334,99.0,True,0.002829915129286964,37.85310734463277,36.12713335683909,87.1775898149925,167.0,37.85310734463277,134.0,217.0,0.002829915129286964,1358.3888498267058,118.0,ANG MO KIO
KEBUN BAHRU,transport_services,transport_services,25.498508314130707,24.397590361445783,252.0,Priority for action,Low agreement,39.325085687111304,17.657626971975233,cumulative,hansen,230.0,216.0,48.0,True,0.004523251436175353,39.32960893854748,35.26245910198072,115.90635654453544,185.0,39.32960893854748,352.0,230.0,0.004523251436175353,723.9341499615957,233.0,ANG MO KIO
KEMBANGAN,community_spaces,community_spaces,49.04454898211698,95.18072289156626,17.0,Needs improvement,Low agreement,74.67694120016353,32.080995439580015,2sfca,hansen,82.0,66.0,82.0,False,0.0010641300718737298,74.6780053302354,74.6780053302354,44.06026365547942,17.0,58.5261353898886,683.0,99.0,0.0010641300718737298,372.44725125010115,82.0,BEDOK
KEMBANGAN,education_institutions,education_institutions,50.093933608771124,94.57831325301204,19.0,Needs improvement,Low agreement,74.8282502620376,32.90956928384139,2sfca,hansen,92.0,83.0,141.0,False,0.0038010012308114945,74.83205126326841,74.83205126326841,119.48674824285892,8.0,63.38383838383839,251.0,92.0,0.0038010012308114945,608.2391930116089,149.0,BEDOK
KEMBANGAN,emergency_services,emergency_services,18.7505415084368,83.13253012048193,57.0,Priority for action,Low agreement,66.66658294527849,29.210083383163365,cumulative,hansen,70.0,80.0,98.0,False,8.372138816232434e-05,66.66666666666666,10.83436611737404,6.210345787996527,36.0,66.66666666666666,6.0,70.0,8.372138816232434e-05,20.930361010973368,134.0,BEDOK
KEMBANGAN,essential_services,essential_services,51.53756623333844,96.6867469879518,12.0,Needs improvement,Low agreement,79.11813954960824,33.691176948305895,2sfca,hansen,101.0,100.0,185.0,False,0.00136916073852353,79.11950871034676,79.11950871034676,190.92154388741747,7.0,59.887005649717516,212.0,101.0,0.00136916073852353,657.211469553674,192.0,BEDOK
KEMBANGAN,transport_services,transport_services,47.260311816639124,91.56626506024097,29.0,Needs improvement,Low agreement,71.52690233796072,30.933382297857165,2sfca,hansen,131.0,93.0,120.0,False,0.01353391013211081,71.54043624809283,71.54043624809283,235.15068212180608,14.0,57.43016759776536,514.0,134.0,0.01353391013211081,2166.06568646352,131.0,BEDOK
KENT RIDGE,community_spaces,community_spaces,18.639117652729635,21.987951807228914,260.0,Priority for action,Low agreement,36.932105609120214,15.197210020885064,cumulative,hansen,244.0,237.33333333333334,50.0,True,0.0001994465781596196,36.93230505569837,22.505193615233026,13.278136714014632,259.0,36.93230505569837,431.0,209.0,0.0001994465781596196,69.80662587233347,244.0,QUEENSTOWN
KENT RIDGE,education_institutions,education_institutions,14.653777459843006,14.457831325301203,285.0,Priority for action,Low agreement,34.84194995460821,14.25738163478415,cumulative,hansen,256.0,213.33333333333334,172.0,True,0.006534893876640703,34.84848484848485,15.364240043966088,24.53257729923205,278.0,34.84848484848485,138.0,256.0,0.006534893876640703,1045.7188347439314,106.0,QUEENSTOWN
KENT RIDGE,emergency_services,emergency_services,11.01353663178757,43.97590361445783,187.0,Priority for action,Low agreement,44.444395152064295,20.025019017013047,cumulative,hansen,193.0,190.0,127.0,False,4.9292380150571404e-05,44.44444444444444,4.249265910369273,2.4357133922418273,252.0,44.44444444444444,4.0,125.0,4.9292380150571404e-05,12.32310326294707,193.0,QUEENSTOWN
KENT RIDGE,essential_services,essential_services,15.550923185326102,16.265060240963855,279.0,Priority for action,Low agreement,33.32903319524695,13.616346420508819,cumulative,hansen,243.0,204.0,195.0,True,0.004300138086375809,33.33333333333333,17.765932954467047,42.870581523512726,282.0,33.33333333333333,118.0,243.0,0.004300138086375809,2064.111240933162,87.0,QUEENSTOWN
KENT RIDGE,transport_services,transport_services,19.033176406090952,9.33734939759036,302.0,Priority for action,Low agreement,40.66874278603465,16.617227001583327,cumulative,hansen,296.0,273.3333333333333,76.0,False,0.001648275417866248,40.67039106145251,21.79720742235018,71.64658845441107,296.0,40.67039106145251,364.0,224.0,0.001648275417866248,263.8020194925414,300.0,QUEENSTOWN
KHATIB,community_spaces,community_spaces,25.082892406994098,44.87951807228915,184.0,Priority for action,Low agreement,37.62060524458238,16.45894749841298,2sfca,hansen,235.0,203.66666666666666,162.0,True,0.00012026429765635246,37.620725508880035,37.620725508880035,22.196349212886098,107.0,31.362467866323907,366.0,235.0,0.00012026429765635246,42.09269925692647,269.0,YISHUN
KHATIB,education_institutions,education_institutions,28.086130051891566,52.108433734939766,160.0,Priority for action,Low agreement,41.52175800518047,18.525371583159032,2sfca,hansen,191.0,186.33333333333334,128.0,False,0.002523407586254361,41.524281412766726,41.524281412766726,66.30315854469038,120.0,36.61616161616162,145.0,248.0,0.002523407586254361,403.7976576963762,191.0,YISHUN
KHATIB,emergency_services,emergency_services,10.280692664118904,36.74698795180723,211.0,Priority for action,Low agreement,33.33331267444385,14.31720159103536,cumulative,hansen,182.0,185.0,185.0,True,2.065888947234375e-05,33.33333333333333,7.228039599570792,4.143170426065163,94.0,33.33333333333333,3.0,182.0,2.065888947234375e-05,5.164725815386518,279.0,YISHUN
KHATIB,essential_services,essential_services,32.85080576165712,62.951807228915655,124.0,Priority for action,Low agreement,50.44656864625402,21.47534470001531,2sfca,hansen,214.0,187.0,161.0,False,0.000503493077893914,50.447072139331915,50.447072139331915,121.73271869901832,93.0,38.13559322033898,135.0,214.0,0.000503493077893914,241.6819415882446,254.0,YISHUN
KHATIB,transport_services,transport_services,24.864050481230283,22.590361445783135,258.0,Priority for action,Low agreement,37.389720430066994,16.302015055866953,2sfca,hansen,279.0,244.0,119.0,True,0.001990626042070406,37.39171105610907,37.39171105610907,122.90512641065878,167.0,30.837988826815643,276.0,279.0,0.001990626042070406,318.59431030793326,286.0,YISHUN
KIAN TECK,community_spaces,community_spaces,19.01902185631912,22.590361445783135,258.0,Priority for action,Moderate agreement,27.591919015424967,12.869908481460309,cumulative,hansen,245.0,243.33333333333334,43.0,True,0.0001975227069933539,27.59211653813196,27.001078583761267,15.93072332505336,221.0,27.59211653813196,322.0,264.0,0.0001975227069933539,69.13326784348527,245.0,JURONG WEST
KIAN TECK,education_institutions,education_institutions,24.80396234340983,35.8433734939759,214.0,Priority for action,Low agreement,35.96902316270397,16.530731773981678,2sfca,hansen,225.0,211.33333333333334,109.0,True,0.0015861798450319232,35.970609342549004,35.970609342549004,57.43543134390967,150.0,34.090909090909086,135.0,259.0,0.0015861798450319232,253.82174072790835,225.0,JURONG WEST
KIAN TECK,emergency_services,emergency_services,10.36330938583776,40.06024096385542,200.0,Priority for action,Low agreement,33.333265661606276,14.29317575910024,cumulative,hansen,155.0,141.33333333333334,95.0,True,6.767172705390895e-05,33.33333333333333,7.393244835305955,4.237867395762133,87.0,33.33333333333333,3.0,182.0,6.767172705390895e-05,16.9179430557001,155.0,JURONG WEST
KIAN TECK,essential_services,essential_services,22.691511000252646,28.313253012048197,239.0,Priority for action,Low agreement,33.96935557588089,14.897719718867577,2sfca,hansen,233.0,225.66666666666666,90.0,True,0.0007731538083316649,33.97012872968922,33.97012872968922,81.97256945654456,177.0,28.53107344632768,101.0,267.0,0.0007731538083316649,371.1219115971901,233.0,JURONG WEST
KIAN TECK,transport_services,transport_services,62.293748739530955,99.3975903614458,3.0,Adequate,Moderate agreement,22.65513905181991,9.800910754600354,2sfca,hansen,12.0,57.333333333333336,140.0,False,50.076439100825134,72.73157815264504,72.73157815264504,239.06592007741452,10.0,54.52513966480447,488.0,150.0,50.076439100825134,8014598.543788331,12.0,JURONG WEST
KIM KEAT,community_spaces,community_spaces,25.145048930275948,45.18072289156627,183.0,Priority for action,Low agreement,59.12574189952115,24.177293989274965,cumulative,hansen,223.0,184.66666666666666,141.0,False,0.00022211076162128893,59.12596401028277,26.63957898998181,15.717437400465029,223.0,59.12596401028277,690.0,95.0,0.00022211076162128893,77.73912684682747,236.0,TOA PAYOH
KIM KEAT,education_institutions,education_institutions,28.48310753650473,53.915662650602414,154.0,Priority for action,Low agreement,65.8856759804042,26.932021868189242,cumulative,hansen,82.0,97.33333333333333,148.0,False,0.27594018121196956,66.16161616161617,30.33600449963581,48.43847617633651,179.0,66.16161616161617,262.0,82.0,0.27594018121196956,44156.16384949526,31.0,TOA PAYOH
KIM KEAT,emergency_services,emergency_services,10.74364044206986,41.566265060240966,195.0,Priority for action,Low agreement,44.44435696720575,20.133995472084923,cumulative,hansen,131.0,176.0,147.0,False,8.74772386952573e-05,44.44444444444444,3.709450620018726,2.1262869266409785,272.0,44.44444444444444,4.0,125.0,8.74772386952573e-05,21.869324270936605,131.0,TOA PAYOH
KIM KEAT,essential_services,essential_services,33.57833086023916,66.56626506024097,112.0,Priority for action,Low agreement,72.59720113151961,29.65004213735607,cumulative,hansen,150.0,131.0,105.0,False,0.0016689249775690225,72.59887005649718,38.11611234289291,91.97715119962186,150.0,72.59887005649718,257.0,69.0,0.0016689249775690225,801.1014384372224,174.0,TOA PAYOH
KIM KEAT,transport_services,transport_services,27.81700300575546,33.13253012048193,223.0,Priority for action,Low agreement,62.67679185633285,25.59036648572155,cumulative,hansen,224.0,186.0,124.0,False,0.004772389477206427,62.68156424581005,30.55851687950057,100.44467808283528,224.0,62.68156424581005,561.0,105.0,0.004772389477206427,763.8080191244898,229.0,TOA PAYOH
KOVAN,community_spaces,community_spaces,26.330468569682502,50.0,167.0,Priority for action,Low agreement,52.52712210427552,21.593841352048408,cumulative,hansen,139.0,139.33333333333334,45.0,False,0.0007270816713524221,52.52784918594687,31.649361215983447,18.67322504848885,162.0,52.52784918594687,613.0,139.0,0.0007270816713524221,254.47976435128152,117.0,HOUGANG
KOVAN,education_institutions,education_institutions,38.818304735379655,77.40963855421687,76.0,Priority for action,Low agreement,76.51163282207848,31.508092883736072,cumulative,hansen,79.0,90.66666666666667,117.0,False,0.0035186930730355284,76.51515151515152,47.02843764885489,75.09182221711934,79.0,76.51515151515152,303.0,38.0,0.0035186930730355284,563.0640205664297,155.0,HOUGANG
KOVAN,emergency_services,emergency_services,8.801949851226368,24.096385542168676,253.0,Priority for action,Low agreement,33.333314957724276,14.809878221941807,cumulative,hansen,250.0,238.33333333333334,101.0,True,1.8375609053193417e-05,33.33333333333333,4.270555343753972,2.447916666666667,250.0,33.33333333333333,3.0,182.0,1.8375609053193417e-05,4.59390532959327,283.0,HOUGANG
KOVAN,essential_services,essential_services,41.79930990024623,82.2289156626506,60.0,Needs improvement,Low agreement,75.13947108498647,31.58579737461768,cumulative,hansen,76.0,101.33333333333333,102.0,False,0.0017718528666375375,75.14124293785311,53.54105951363124,129.1987514878715,76.0,75.14124293785311,266.0,63.0,0.0017718528666375375,850.5079013377899,165.0,HOUGANG
KOVAN,transport_services,transport_services,37.616374739377804,70.48192771084338,99.0,Priority for action,Low agreement,70.49726431161864,29.310706804679082,cumulative,hansen,107.0,137.66666666666666,138.0,False,0.00552898447074333,70.50279329608938,47.02831476963741,154.58027483602402,107.0,70.50279329608938,631.0,84.0,0.00552898447074333,884.8990000792136,222.0,HOUGANG
KRANJI,community_spaces,community_spaces,8.716178939899049,8.132530120481928,306.0,Priority for action,High agreement,13.833348707029725,5.731988138775741,2sfca,hansen,303.0,302.3333333333333,10.0,True,2.3406502083426727e-05,13.833372113531809,13.833372113531809,8.1617340992341,297.0,8.997429305912597,105.0,303.0,2.3406502083426727e-05,8.192313696202447,307.0,SUNGEI KADUT
KRANJI,education_institutions,education_institutions,6.889175091997013,9.036144578313253,303.0,Priority for action,High agreement,10.94993975211745,4.53313744931563,2sfca,hansen,305.0,302.6666666666667,9.0,True,7.975224609314226e-05,10.950019504363542,10.950019504363542,17.484249084249086,297.0,7.07070707070707,28.0,305.0,7.975224609314226e-05,12.762016863172596,306.0,SUNGEI KADUT
KRANJI,emergency_services,emergency_services,4.204688876788689,7.83132530120482,307.0,Priority for action,High agreement,11.111098358629423,4.59764441638935,cumulative,hansen,297.0,286.6666666666667,35.0,True,1.2752481687925315e-05,11.11111111111111,3.96492565764392,2.272727272727273,264.0,11.11111111111111,1.0,299.0,1.2752481687925315e-05,3.1881225499581296,297.0,SUNGEI KADUT
KRANJI,essential_services,essential_services,7.283121592160809,8.433734939759036,305.0,Priority for action,High agreement,11.967306337224588,4.891624989528262,2sfca,hansen,306.0,306.6666666666667,8.0,True,4.174412490864247e-05,11.967348081349497,11.967348081349497,28.87814407814408,303.0,6.497175141242938,23.0,306.0,4.174412490864247e-05,20.037616405818053,311.0,SUNGEI KADUT
KRANJI,transport_services,transport_services,15.829505691739987,6.927710843373494,310.0,Priority for action,Moderate agreement,25.93530771605447,10.606650956224712,2sfca,hansen,291.0,289.6666666666667,44.0,True,0.0018957977275300484,25.937203513782002,25.937203513782002,85.25459751806501,267.0,14.30167597765363,128.0,311.0,0.0018957977275300484,303.417295223158,291.0,SUNGEI KADUT
LAKESIDE (BUSINESS),community_spaces,community_spaces,31.410985223547,68.67469879518072,105.0,Priority for action,Low agreement,52.35626974051651,22.619575474757543,cumulative,hansen,141.0,154.66666666666666,163.0,False,0.00019983960346047912,52.35646958011997,41.879262711283936,24.708899877500805,80.0,52.35646958011997,611.0,141.0,0.00019983960346047912,69.94418536514917,243.0,JURONG EAST
LAKESIDE (BUSINESS),education_institutions,education_institutions,31.484012126420097,61.74698795180723,128.0,Priority for action,Low agreement,54.291168974304966,23.139804142305977,cumulative,hansen,137.0,160.33333333333334,98.0,False,0.0017603186243302963,54.292929292929294,41.24979634449388,65.86487938896128,123.0,54.292929292929294,215.0,137.0,0.0017603186243302963,281.6875645360886,221.0,JURONG EAST
LAKESIDE (BUSINESS),emergency_services,emergency_services,9.036203181612189,24.69879518072289,251.0,Priority for action,Low agreement,33.33330366915553,14.724130749662354,cumulative,hansen,238.0,222.66666666666666,66.0,True,2.966417780525315e-05,33.33333333333333,4.739055231384363,2.716464569912846,238.0,33.33333333333333,3.0,182.0,2.966417780525315e-05,7.416049401305276,248.0,JURONG EAST
LAKESIDE (BUSINESS),essential_services,essential_services,34.91435584473861,69.27710843373494,103.0,Priority for action,Low agreement,53.38864879887683,24.092320677728853,cumulative,hansen,128.0,145.33333333333334,108.0,False,0.0011817095977490026,53.38983050847458,48.47207046032874,116.96688564618724,100.0,53.38983050847458,189.0,128.0,0.0011817095977490026,567.2329621135685,208.0,JURONG EAST
LAKESIDE (BUSINESS),transport_services,transport_services,33.96465813605188,58.734939759036145,138.0,Priority for action,Low agreement,54.18467381534688,23.892374721977227,cumulative,hansen,152.0,163.66666666666666,111.0,False,0.005270318731332915,54.18994413407822,46.250176427233676,152.02256381834417,114.0,54.18994413407822,485.0,152.0,0.005270318731332915,843.5002485778815,225.0,JURONG EAST
LAKESIDE (LEISURE),community_spaces,community_spaces,49.257832581821475,95.48192771084338,16.0,Needs improvement,Low agreement,73.54945908657128,33.83052024112655,hansen,2sfca,225.0,156.66666666666666,243.0,False,26.45054091342873,100.0,26.45054091342873,15.605904326475958,225.0,30.162810625535563,352.0,244.0,100.0,35000162.207078,1.0,JURONG EAST
LAKESIDE (LEISURE),education_institutions,education_institutions,25.819524056656192,40.36144578313253,199.0,Priority for action,Low agreement,41.16040683110797,18.157144086610625,cumulative,hansen,226.0,208.66666666666666,90.0,False,0.001209330508188842,41.16161616161616,35.17367605036101,56.16294226947533,155.0,41.16161616161616,163.0,226.0,0.001209330508188842,193.51801478582033,245.0,JURONG EAST
LAKESIDE (LEISURE),emergency_services,emergency_services,13.337487818023885,57.831325301204814,141.0,Priority for action,Low agreement,44.44441827019882,19.200907259423676,cumulative,hansen,125.0,147.0,208.0,False,2.6174245629094257e-05,44.44444444444444,8.897182153722614,5.099936361279374,54.0,44.44444444444444,4.0,125.0,2.6174245629094257e-05,6.54356577490873,262.0,JURONG EAST
LAKESIDE (LEISURE),essential_services,essential_services,25.51231403195907,38.855421686746986,204.0,Priority for action,Low agreement,36.447255645562294,17.17968873713263,2sfca,hansen,227.0,210.33333333333334,76.0,True,0.0006882699469813068,36.44794391550928,36.44794391550928,87.95173070837103,164.0,36.440677966101696,129.0,227.0,0.0006882699469813068,330.37677065806406,240.0,JURONG EAST
LAKESIDE (LEISURE),transport_services,transport_services,32.897904867964336,56.325301204819276,146.0,Priority for action,Low agreement,47.25877331214152,22.190356678118846,cumulative,hansen,184.0,178.66666666666666,134.0,False,0.00379652026071452,47.262569832402235,46.88850389081135,154.12072181610694,109.0,47.262569832402235,423.0,184.0,0.00379652026071452,607.6227922620824,243.0,JURONG EAST
LAVENDER,community_spaces,community_spaces,34.33715094068512,79.21686746987952,70.0,Priority for action,Low agreement,91.0858730381314,37.711105478471275,cumulative,hansen,46.0,68.33333333333333,139.0,False,0.0023874588694653156,91.08826049700086,32.237565207248224,19.020267297725766,149.0,91.08826049700086,1063.0,10.0,0.0023874588694653156,835.6144769401312,46.0,KALLANG
LAVENDER,education_institutions,education_institutions,32.163388982306884,64.45783132530121,119.0,Priority for action,Low agreement,83.07655605296917,34.271793453278214,cumulative,hansen,143.0,114.33333333333333,154.0,False,0.0042520278389144624,83.08080808080808,31.091903515587195,49.6454444992848,177.0,83.08080808080808,329.0,23.0,0.0042520278389144624,680.4128239790326,143.0,KALLANG
LAVENDER,emergency_services,emergency_services,21.01911672500111,90.36144578313254,33.0,Priority for action,Low agreement,88.88857622200986,40.461246395500794,cumulative,hansen,26.0,57.333333333333336,130.0,False,0.0003126668790206627,88.88888888888889,6.482490294319246,3.715815568618746,138.0,88.88888888888889,8.0,8.0,0.0003126668790206627,78.1667719291567,26.0,KALLANG
LAVENDER,essential_services,essential_services,41.45382436744655,81.32530120481928,63.0,Needs improvement,Low agreement,98.58499002479857,40.340685859277784,cumulative,hansen,124.0,86.0,128.0,False,0.0025805966703570404,98.58757062146893,43.47107212830331,104.89908671654308,124.0,98.58757062146893,349.0,3.0,0.0025805966703570404,1238.7133828271994,131.0,KALLANG
LAVENDER,transport_services,transport_services,39.421863898568105,75.90361445783132,81.0,Priority for action,Low agreement,99.97002455471348,41.15203131231637,cumulative,hansen,79.0,81.0,162.0,False,0.029975445286524342,100.0,38.82574252996429,127.6187331056443,163.0,100.0,895.0,1.0,0.029975445286524342,4797.488888119167,79.0,KALLANG
LEEDON PARK,community_spaces,community_spaces,21.397784998216686,30.72289156626506,231.0,Priority for action,Low agreement,41.81643952516378,17.24394096008847,cumulative,hansen,228.0,223.0,61.0,False,0.00018429660142819232,41.816623821765205,26.06880988976643,15.380681793098686,228.0,41.816623821765205,488.0,190.0,0.00018429660142819232,64.50410944199935,251.0,BUKIT TIMAH
LEEDON PARK,education_institutions,education_institutions,25.22529196688489,37.65060240963856,208.0,Priority for action,Low agreement,48.23097760230274,19.967930850492674,cumulative,hansen,176.0,195.66666666666666,69.0,False,0.0013456300204932811,48.23232323232323,31.156847262828187,49.749142273774936,176.0,48.23232323232323,191.0,171.0,0.0013456300204932811,215.32876946274757,240.0,BUKIT TIMAH
LEEDON PARK,emergency_services,emergency_services,8.772576893665686,23.795180722891565,254.0,Priority for action,Low agreement,33.333310399428065,14.820826256952715,cumulative,hansen,255.0,235.66666666666666,88.0,True,2.293390526435628e-05,33.33333333333333,4.211806693654882,2.4142414679756894,255.0,33.33333333333333,3.0,182.0,2.293390526435628e-05,5.733480143016217,270.0,BUKIT TIMAH
LEEDON PARK,essential_services,essential_services,20.55650490400685,23.795180722891565,254.0,Priority for action,Low agreement,36.1575835793003,15.304120590919608,cumulative,hansen,229.0,233.0,16.0,True,0.000608511095180134,36.15819209039548,26.649367865198396,64.30700265182561,227.0,36.15819209039548,128.0,229.0,0.000608511095180134,292.09168788634423,243.0,BUKIT TIMAH
LEEDON PARK,transport_services,transport_services,25.448344777136754,24.096385542168676,253.0,Priority for action,Low agreement,49.940866089870994,20.579878387548188,cumulative,hansen,220.0,216.33333333333334,87.0,False,0.003267988341291312,49.94413407821229,30.91707512998382,101.6232453603557,220.0,49.94413407821229,447.0,171.0,0.003267988341291312,523.0326890555407,258.0,BUKIT TIMAH
LEONIE HILL,community_spaces,community_spaces,26.046602211953026,48.19277108433735,173.0,Priority for action,Low agreement,72.83593702595546,30.404586649856235,cumulative,hansen,174.0,161.0,203.0,False,0.00039545047984459027,72.8363324764353,22.95843416304402,13.545550096945751,256.0,72.8363324764353,850.0,53.0,0.00039545047984459027,138.40830939427488,174.0,RIVER VALLEY
LEONIE HILL,education_institutions,education_institutions,25.300722550202174,37.95180722891566,207.0,Priority for action,Low agreement,70.95665564228797,29.635214607056653,cumulative,hansen,176.0,159.0,171.0,False,0.002940317307991186,70.95959595959596,22.215842526181167,35.472751823813475,236.0,70.95959595959596,281.0,65.0,0.002940317307991186,470.51187779510593,176.0,RIVER VALLEY
LEONIE HILL,emergency_services,emergency_services,20.823553511682547,89.7590361445783,35.0,Priority for action,Low agreement,88.8888000846783,40.54316212530276,cumulative,hansen,127.0,97.66666666666667,150.0,False,8.880421059365136e-05,88.88888888888889,6.091498185283178,3.491695747377136,158.0,88.88888888888889,8.0,8.0,8.880421059365136e-05,22.20106746696382,127.0,RIVER VALLEY
LEONIE HILL,essential_services,essential_services,28.946263812545936,49.39759036144578,169.0,Priority for action,Low agreement,75.70443147210766,31.281273380464672,cumulative,hansen,164.0,148.0,160.0,False,0.001783217157876578,75.70621468926554,27.60897181909093,66.62260181799779,220.0,75.70621468926554,268.0,60.0,0.001783217157876578,855.9628799502352,164.0,RIVER VALLEY
LEONIE HILL,transport_services,transport_services,32.08061970982088,53.31325301204819,156.0,Priority for action,Low agreement,87.25342577118893,36.2607907350693,cumulative,hansen,176.0,145.66666666666666,217.0,False,0.009144061213306486,87.26256983240224,29.25072504995287,96.14601627813228,239.0,87.26256983240224,781.0,22.0,0.009144061213306486,1463.482248346807,176.0,RIVER VALLEY
LIM CHU KANG,community_spaces,community_spaces,7.4905600225436535,7.530120481927711,308.0,Priority for action,High agreement,14.124207801112043,6.215125507095627,2sfca,hansen,311.0,305.6666666666667,20.0,True,8.884275457929861e-06,14.1242166853875,14.1242166853875,8.333333333333332,293.0,2.1422450728363325,25.0,311.0,8.884275457929861e-06,3.1095108211990734,313.0,LIM CHU KANG
LIM CHU KANG,education_institutions,education_institutions,0.0,2.4096385542168677,318.0,Priority for action,High agreement,0.0,0.0,2sfca,2sfca,318.0,318.0,0.0,True,0.0,0.0,0.0,0.0,318.0,0.0,0.0,318.0,0.0,0.0,318.0,LIM CHU KANG
LIM CHU KANG,emergency_services,emergency_services,0.0,2.5602409638554215,317.0,Priority for action,High agreement,0.0,0.0,2sfca,2sfca,317.0,317.0,0.0,True,0.0,0.0,0.0,0.0,317.0,0.0,0.0,317.0,0.0,0.0,317.0,LIM CHU KANG
LIM CHU KANG,essential_services,essential_services,6.7435328194597455,7.530120481927711,308.0,Priority for action,High agreement,13.261062915849362,6.122507894189476,2sfca,hansen,317.0,311.3333333333333,19.0,True,8.764065723055175e-06,13.261071679915085,13.261071679915085,32.0,299.0,0.5649717514124294,2.0,318.0,8.764065723055175e-06,4.206843178490023,317.0,LIM CHU KANG
LIM CHU KANG,transport_services,transport_services,37.48747975303183,70.18072289156626,100.0,Priority for action,Low agreement,72.650242525989,32.96374782050082,2sfca,hansen,317.0,215.66666666666666,308.0,False,0.0004341460662065571,72.65067667205521,72.65067667205521,238.8,11.0,5.810055865921788,52.0,319.0,0.0004341460662065571,69.48390285908272,317.0,LIM CHU KANG
LITTLE INDIA,community_spaces,community_spaces,32.78146708862892,73.79518072289156,88.0,Priority for action,Low agreement,88.92475135721392,36.942306157405945,cumulative,hansen,31.0,74.33333333333333,166.0,False,0.021264066950608413,88.94601542416453,29.971769567421664,17.683440572926056,179.0,88.94601542416453,1038.0,13.0,0.021264066950608413,7442.45792453461,31.0,ROCHOR
LITTLE INDIA,education_institutions,education_institutions,28.466674143381006,53.6144578313253,155.0,Priority for action,Low agreement,76.66887291708125,31.873684881543266,cumulative,hansen,35.0,90.0,175.0,False,0.3513291031207792,77.02020202020202,25.91447001680874,41.37846955246353,205.0,77.02020202020202,305.0,35.0,0.3513291031207792,56219.95816035368,30.0,ROCHOR
LITTLE INDIA,emergency_services,emergency_services,18.191085372923236,79.51807228915662,69.0,Priority for action,Low agreement,77.77765377365449,35.487682322899516,cumulative,hansen,84.0,104.0,162.0,False,0.00012400412329613644,77.77777777777779,5.270985232261381,3.0213711241743013,195.0,77.77777777777779,7.0,33.0,0.00012400412329613644,31.001051516312216,84.0,ROCHOR
LITTLE INDIA,essential_services,essential_services,35.590419691080676,71.3855421686747,96.0,Priority for action,Low agreement,89.54060060513274,36.82356141406037,cumulative,hansen,61.0,82.33333333333333,154.0,False,0.007421993737329231,89.54802259887006,35.35717714637093,85.31962544154763,170.0,89.54802259887006,317.0,16.0,0.007421993737329231,3562.634593501733,61.0,ROCHOR
LITTLE INDIA,transport_services,transport_services,34.1532258438133,59.63855421686747,135.0,Priority for action,Low agreement,90.93650911946165,37.671199920345884,cumulative,hansen,135.0,118.0,197.0,False,0.013211550929406084,90.94972067039106,31.91863648891254,104.91533930177626,208.0,90.94972067039106,814.0,11.0,0.013211550929406084,2114.4729685513653,135.0,ROCHOR
LIU FANG,community_spaces,community_spaces,15.989628198841885,15.66265060240964,281.0,Priority for action,Moderate agreement,23.650324205849486,10.892011640184975,cumulative,hansen,277.0,276.6666666666667,37.0,True,6.13982636255729e-05,23.65038560411311,22.51906531708035,13.286321062780251,258.0,23.65038560411311,276.0,277.0,6.13982636255729e-05,21.489491861279884,295.0,BOON LAY
LIU FANG,education_institutions,education_institutions,20.029189131770057,24.397590361445783,252.0,Priority for action,Moderate agreement,28.946706422383027,13.378525474807073,2sfca,hansen,277.0,251.33333333333334,105.0,True,0.0003504562787330767,28.94705687866176,28.94705687866176,46.22069874129102,186.0,27.77777777777778,110.0,277.0,0.0003504562787330767,56.080288118441146,291.0,BOON LAY
LIU FANG,emergency_services,emergency_services,10.363299648491209,39.75903614457831,201.0,Priority for action,Low agreement,33.333298119428115,14.29318603511685,cumulative,hansen,182.0,168.0,148.0,True,3.5213905217137335e-05,33.33333333333333,7.393244835305955,4.237867395762133,87.0,33.33333333333333,3.0,182.0,3.5213905217137335e-05,8.803482180346359,235.0,BOON LAY
LIU FANG,essential_services,essential_services,18.897969707034775,20.481927710843372,265.0,Priority for action,Moderate agreement,28.417100037628618,12.391589056826966,2sfca,hansen,280.0,263.0,79.0,True,0.00019268937163015342,28.417292727000248,28.417292727000248,68.57314319786792,215.0,23.44632768361582,83.0,280.0,0.00019268937163015342,92.49291301837224,294.0,BOON LAY
LIU FANG,transport_services,transport_services,38.0413465160212,72.28915662650603,93.0,Priority for action,Low agreement,57.26316524849954,24.935695519816115,2sfca,hansen,186.0,168.0,236.0,False,0.00242832840143917,57.265593576900976,57.265593576900976,188.2298193572641,41.0,47.039106145251395,421.0,186.0,0.00242832840143917,388.64738826234816,277.0,BOON LAY
LORONG 8 TOA PAYOH,community_spaces,community_spaces,39.36157372615288,90.36144578313254,33.0,Priority for action,Low agreement,85.51764776429509,34.922242478647206,cumulative,hansen,66.0,66.0,94.0,False,0.00077554333130711,85.51842330762639,44.51531280325643,26.264177921521277,66.0,85.51842330762639,998.0,19.0,0.00077554333130711,271.44142394366486,113.0,TOA PAYOH
LORONG 8 TOA PAYOH,education_institutions,education_institutions,40.67327774888146,81.02409638554217,64.0,Needs improvement,Low agreement,89.6383183600839,36.59599593005232,cumulative,hansen,88.0,62.333333333333336,77.0,False,0.008146286380753346,89.64646464646465,45.483081867348616,72.6243028307956,88.0,89.64646464646465,355.0,11.0,0.008146286380753346,1303.5751249186076,88.0,TOA PAYOH
LORONG 8 TOA PAYOH,emergency_services,emergency_services,13.838306408632024,61.14457831325302,130.0,Priority for action,Low agreement,55.55538043398101,25.002855113390932,cumulative,hansen,92.0,109.33333333333333,134.0,False,0.0001751215745474061,55.55555555555556,5.454285522097093,3.126440324401371,185.0,55.55555555555556,5.0,92.0,0.0001751215745474061,43.7804228589792,51.0,TOA PAYOH
LORONG 8 TOA PAYOH,essential_services,essential_services,45.212924914419204,87.04819277108435,44.0,Needs improvement,Low agreement,92.93241261416343,38.07371918714961,cumulative,hansen,76.0,54.333333333333336,69.0,False,0.005440493181213952,92.93785310734464,53.24744428999182,128.49023505848731,78.0,92.93785310734464,329.0,9.0,0.005440493181213952,2611.4936092734856,76.0,TOA PAYOH
LORONG 8 TOA PAYOH,transport_services,transport_services,38.42220426578548,73.49397590361446,89.0,Priority for action,Low agreement,81.8757999900161,33.457768616304485,cumulative,hansen,94.0,89.0,89.0,False,0.023641350766008522,81.89944134078212,44.07044718479852,144.8578770330698,131.0,81.89944134078212,733.0,42.0,0.023641350766008522,3783.7342036430655,94.0,TOA PAYOH
LORONG AH SOO,community_spaces,community_spaces,24.295426729078386,43.07228915662651,190.0,Priority for action,Low agreement,50.898791489911154,20.82062996134696,cumulative,hansen,147.0,146.33333333333334,108.0,False,0.0009514406801129508,50.899742930591266,28.230385421512196,16.65601831847574,200.0,50.899742930591266,594.0,147.0,0.0009514406801129508,333.0057813436589,92.0,HOUGANG
LORONG AH SOO,education_institutions,education_institutions,29.51967960294255,57.831325301204814,141.0,Priority for action,Low agreement,59.37466574296332,24.318403233908185,cumulative,hansen,102.0,96.66666666666667,132.0,False,0.7263443580467717,60.1010101010101,34.563148550653,55.18809333213554,160.0,60.1010101010101,238.0,102.0,0.7263443580467717,116230.19287804422,28.0,HOUGANG
LORONG AH SOO,emergency_services,emergency_services,5.852822004953923,10.542168674698797,298.0,Priority for action,Moderate agreement,22.222212469331517,9.878895175870426,cumulative,hansen,300.0,285.6666666666667,53.0,True,9.752890705302304e-06,22.22222222222222,2.816749269284535,1.6145833333333337,300.0,22.22222222222222,2.0,252.0,9.752890705302304e-06,2.438224303767644,305.0,HOUGANG
LORONG AH SOO,essential_services,essential_services,32.71542669917345,61.74698795180723,128.0,Priority for action,Low agreement,60.53288150022571,25.156554642587757,cumulative,hansen,95.0,87.0,116.0,False,0.4840676523166639,61.016949152542374,40.733633145939955,98.29343299940788,141.0,61.016949152542374,216.0,95.0,0.4840676523166639,232357.5342114327,25.0,HOUGANG
LORONG AH SOO,transport_services,transport_services,29.645703765497906,41.86746987951807,194.0,Priority for action,Low agreement,58.08963645637377,23.942751097632677,cumulative,hansen,160.0,152.66666666666666,50.0,False,0.010922202844115015,58.10055865921788,36.044630745602184,118.47732486930332,174.0,58.10055865921788,520.0,124.0,0.010922202844115015,1748.0690037315887,160.0,HOUGANG
LORONG CHUAN,community_spaces,community_spaces,35.48367919894872,83.13253012048193,57.0,Priority for action,Low agreement,75.49234761816199,30.852561617295002,cumulative,hansen,84.0,104.33333333333333,141.0,False,0.0003687485903688854,75.49271636675236,40.77005060204227,24.054461160680244,84.0,75.49271636675236,881.0,44.0,0.0003687485903688854,129.06260476542352,185.0,SERANGOON
LORONG CHUAN,education_institutions,education_institutions,41.36159375411685,83.43373493975903,56.0,Needs improvement,Low agreement,87.87081327347634,35.913753686314905,cumulative,hansen,76.0,61.0,77.0,False,0.007974605311528113,87.87878787878788,47.56688759353164,75.95158259913298,76.0,87.87878787878788,348.0,15.0,0.007974605311528113,1276.1025858006362,92.0,SERANGOON
LORONG CHUAN,emergency_services,emergency_services,14.108282307336413,62.65060240963856,125.0,Priority for action,Low agreement,55.55551759839773,24.896816074661817,cumulative,hansen,165.0,160.66666666666666,133.0,False,3.795715783001918e-05,55.55555555555556,5.994319618155905,3.435992211193824,165.0,55.55555555555556,5.0,92.0,3.795715783001918e-05,9.489295791326969,225.0,SERANGOON
LORONG CHUAN,essential_services,essential_services,45.03667640787587,86.44578313253012,46.0,Needs improvement,Low agreement,88.13363272886265,36.33546600864058,cumulative,hansen,60.0,77.0,133.0,False,0.0019604914763279185,88.13559322033898,54.81793923273036,132.2799618151679,60.0,88.13559322033898,312.0,19.0,0.0019604914763279185,941.0564062729148,152.0,SERANGOON
LORONG CHUAN,transport_services,transport_services,38.60035444659827,74.09638554216868,87.0,Priority for action,Low agreement,79.77208296041181,32.6660399313378,cumulative,hansen,123.0,135.66666666666666,184.0,False,0.004453352437350278,79.77653631284916,45.28742235659446,148.85802795164554,123.0,79.77653631284916,714.0,50.0,0.004453352437350278,712.7470043846556,234.0,SERANGOON
LORONG HALUS,community_spaces,community_spaces,13.45528470148794,12.951807228915662,290.0,Priority for action,Moderate agreement,26.135314475874292,10.788613832803813,cumulative,hansen,286.0,280.6666666666667,22.0,True,7.54127289628996e-05,26.135389888603257,16.456368199897202,9.709310237904186,286.0,26.135389888603257,305.0,267.0,7.54127289628996e-05,26.394577461798953,289.0,HOUGANG
LORONG HALUS,education_institutions,education_institutions,28.223553160370813,52.71084337349398,158.0,Priority for action,Low agreement,52.272028259637274,21.795260964746838,cumulative,hansen,153.0,191.0,122.0,False,0.0006990130900017175,52.27272727272727,35.537596003796715,56.74402498901411,153.0,52.27272727272727,207.0,149.0,0.0006990130900017175,111.85662196600362,271.0,HOUGANG
LORONG HALUS,emergency_services,emergency_services,5.852822920902259,10.843373493975903,297.0,Priority for action,Moderate agreement,22.222209416170397,9.878894316035762,cumulative,hansen,296.0,282.6666666666667,48.0,True,1.280605182367297e-05,22.22222222222222,2.816749269284535,1.6145833333333337,300.0,22.22222222222222,2.0,252.0,1.280605182367297e-05,3.2015150928341667,296.0,HOUGANG
LORONG HALUS,essential_services,essential_services,28.675063971772353,48.19277108433735,173.0,Priority for action,Low agreement,47.45726153302486,20.56648157836186,cumulative,hansen,160.0,193.0,121.0,False,0.0003655856192068818,47.45762711864407,38.366857744715546,92.5822194061739,149.0,47.45762711864407,168.0,160.0,0.0003655856192068818,175.48491954695024,270.0,HOUGANG
LORONG HALUS,transport_services,transport_services,27.882906285626838,34.036144578313255,220.0,Priority for action,Low agreement,49.04813616112666,20.75932134742689,cumulative,hansen,176.0,210.66666666666666,110.0,False,0.0021431684822685254,49.050279329608934,36.144414938320736,118.80531170043432,173.0,49.050279329608934,439.0,176.0,0.0021431684822685254,343.00831499816735,283.0,HOUGANG
LORONG HALUS NORTH,community_spaces,community_spaces,49.49217292333051,95.78313253012048,15.0,Needs improvement,Low agreement,76.29345384884385,32.35472301650474,2sfca,hansen,111.0,129.66666666666666,246.0,False,0.00014511645921038257,76.29359896530306,76.29359896530306,45.01346910340767,16.0,56.72664952870608,662.0,111.0,0.00014511645921038257,50.79099611280208,262.0,SENGKANG
LORONG HALUS NORTH,education_institutions,education_institutions,45.23496150057741,89.1566265060241,37.0,Needs improvement,Low agreement,69.19057476950717,31.217873004501044,cumulative,hansen,73.0,113.66666666666667,214.0,False,0.0013444224120296477,69.1919191919192,62.79234867093992,100.26256704933088,27.0,69.1919191919192,274.0,73.0,0.0013444224120296477,215.1355270108798,241.0,SENGKANG
LORONG HALUS NORTH,emergency_services,emergency_services,9.766704283898036,32.22891566265061,226.0,Priority for action,Low agreement,33.33330013854584,14.475127895536424,cumulative,hansen,182.0,192.0,82.0,True,3.319478749078087e-05,33.33333333333333,6.200055317590246,3.5539215686274512,156.0,33.33333333333333,3.0,182.0,3.319478749078087e-05,8.298702411831789,238.0,SENGKANG
LORONG HALUS NORTH,essential_services,essential_services,46.261916134241936,88.55421686746988,39.0,Needs improvement,Low agreement,67.32492122909733,30.76722853965474,2sfca,hansen,89.0,114.66666666666667,215.0,False,0.0007318289951197918,67.32565305809244,67.32565305809244,162.46205056880845,20.0,62.994350282485875,223.0,89.0,0.0007318289951197918,351.2855691898743,235.0,SENGKANG
LORONG HALUS NORTH,transport_services,transport_services,39.88891512645146,77.40963855421687,76.0,Priority for action,Low agreement,57.53916751458386,26.941688020781708,cumulative,hansen,132.0,148.0,226.0,False,0.002731926756925704,57.54189944134078,56.759431320312444,186.56608334804625,43.0,57.54189944134078,515.0,132.0,0.002731926756925704,437.23748335436943,269.0,SENGKANG
LOWER SELETAR,community_spaces,community_spaces,19.43574278987372,23.49397590361446,255.0,Priority for action,Moderate agreement,29.513999652722898,12.71824036350603,2sfca,hansen,278.0,247.0,97.0,True,9.965554714879114e-05,29.514099308270048,29.514099308270048,17.413413646037483,183.0,23.39331619537275,273.0,278.0,9.965554714879114e-05,34.879603150428,280.0,YISHUN
LOWER SELETAR,education_institutions,education_institutions,21.86486180647689,29.518072289156628,235.0,Priority for action,Low agreement,33.11695040221279,14.310844215650636,2sfca,hansen,171.0,199.33333333333334,137.0,True,0.0041953779252372515,33.12114578013802,33.12114578013802,52.88560102974156,171.0,26.515151515151516,105.0,282.0,0.0041953779252372515,671.3476604374129,145.0,YISHUN
LOWER SELETAR,emergency_services,emergency_services,7.149846731499267,20.783132530120483,264.0,Priority for action,Moderate agreement,22.22218460951281,9.461772008346543,cumulative,hansen,226.0,222.0,64.0,True,3.7612709413677e-05,22.22222222222222,5.410782006483996,3.101503759398496,188.0,22.22222222222222,2.0,252.0,3.7612709413677e-05,9.403183629764122,226.0,YISHUN
LOWER SELETAR,essential_services,essential_services,23.40545149828403,30.42168674698795,232.0,Priority for action,Low agreement,36.97586730531975,15.365505958606324,2sfca,hansen,159.0,185.0,158.0,True,0.00282951042002287,36.978696815739774,36.978696815739774,89.23247884225674,159.0,24.576271186440678,87.0,277.0,0.00282951042002287,1358.1945851485614,119.0,YISHUN
LOWER SELETAR,transport_services,transport_services,18.414550948982658,8.734939759036145,304.0,Priority for action,Moderate agreement,28.290543203353767,12.037176668612636,2sfca,hansen,302.0,284.6666666666667,56.0,True,0.0014036534059592445,28.291946856759726,28.291946856759726,92.994548968777,248.0,21.34078212290503,191.0,302.0,0.0014036534059592445,224.6509285681043,304.0,YISHUN
LOYANG EAST,community_spaces,community_spaces,48.22525507525857,94.57831325301204,19.0,Needs improvement,Low agreement,79.48327162452962,32.47339183169766,2sfca,hansen,171.0,124.66666666666667,175.0,False,0.0004109682023612275,79.48368259273198,79.48368259273198,46.89562871768754,14.0,42.41645244215938,495.0,189.0,0.0004109682023612275,143.8395374459422,171.0,PASIR RIS
LOYANG EAST,education_institutions,education_institutions,32.68881886040597,66.26506024096386,113.0,Priority for action,Low agreement,50.823995374259624,21.380859601997027,2sfca,hansen,130.0,146.33333333333334,189.0,False,0.005117375686110862,50.829112749945736,50.829112749945736,81.1604826546003,60.0,36.36363636363637,144.0,249.0,0.005117375686110862,818.886464025895,130.0,PASIR RIS
LOYANG EAST,emergency_services,emergency_services,13.052532707046584,57.22891566265061,143.0,Priority for action,Low agreement,33.33317241845656,13.731530479764537,cumulative,hansen,62.0,87.33333333333333,164.0,True,0.0001609148767641623,33.33333333333333,12.771635531833777,7.320804195804196,18.0,33.33333333333333,3.0,182.0,0.0001609148767641623,40.22874604252981,62.0,PASIR RIS
LOYANG EAST,essential_services,essential_services,30.755680246927028,54.21686746987952,153.0,Priority for action,Low agreement,49.532960302370675,20.368443545977286,2sfca,hansen,241.0,199.66666666666666,166.0,False,0.0006244134624263456,49.5335847158331,49.5335847158331,119.5284023166376,96.0,29.943502824858758,106.0,262.0,0.0006244134624263456,299.72499042943,241.0,PASIR RIS
LOYANG EAST,transport_services,transport_services,43.575423954215545,84.33734939759037,53.0,Needs improvement,Low agreement,71.49987089988748,29.232410048331484,2sfca,hansen,224.0,158.0,218.0,False,0.0053243174905945306,71.50519521737807,71.50519521737807,235.03484619955208,16.0,39.10614525139665,350.0,234.0,0.0053243174905945306,852.1426038474557,224.0,PASIR RIS
LOYANG WEST,community_spaces,community_spaces,51.559920372021956,96.6867469879518,12.0,Needs improvement,Low agreement,86.0158878112856,35.11603517275453,2sfca,hansen,188.0,151.33333333333334,244.0,False,0.00016766952065298528,86.01605548080624,86.01605548080624,50.74974976004387,11.0,42.759211653813196,499.0,188.0,0.00016766952065298528,58.684604200375006,255.0,PASIR RIS
LOYANG WEST,education_institutions,education_institutions,27.73815153275887,50.903614457831324,164.0,Priority for action,Low agreement,43.15209435877344,18.146298143749593,2sfca,hansen,270.0,219.0,171.0,False,0.000610239694984228,43.152704598468425,43.152704598468425,68.9033143327261,108.0,30.808080808080806,122.0,270.0,0.000610239694984228,97.65103378869831,279.0,PASIR RIS
LOYANG WEST,emergency_services,emergency_services,13.052503583846956,56.62650602409639,145.0,Priority for action,Low agreement,33.333269495788656,13.731566695842883,cumulative,hansen,159.0,119.66666666666667,164.0,True,6.383754466980307e-05,33.33333333333333,12.771635531833777,7.320804195804196,18.0,33.33333333333333,3.0,182.0,6.383754466980307e-05,15.95939681987258,159.0,PASIR RIS
LOYANG WEST,essential_services,essential_services,27.934868750212125,46.08433734939759,180.0,Priority for action,Low agreement,45.58676556858433,18.66129515752352,2sfca,hansen,276.0,223.66666666666666,169.0,False,0.00030378508356552656,45.5870693536679,45.5870693536679,110.00515301691772,113.0,25.70621468926554,91.0,276.0,0.00030378508356552656,145.820016292524,282.0,PASIR RIS
LOYANG WEST,transport_services,transport_services,39.752488613625445,76.50602409638554,79.0,Priority for action,Low agreement,66.131616411968,26.998582910410438,2sfca,hansen,210.0,166.66666666666666,242.0,False,0.006395202289238158,66.13801161425724,66.13801161425724,217.39311864605983,24.0,33.40782122905028,299.0,266.0,0.006395202289238158,1023.534817468988,210.0,PASIR RIS
MACKENZIE,community_spaces,community_spaces,33.61335931160143,76.80722891566265,78.0,Priority for action,Low agreement,91.77308049510951,38.16040554628484,cumulative,hansen,119.0,99.66666666666667,164.0,False,0.0006984251989627829,91.77377892030847,30.516787999960084,18.005003203429474,172.0,91.77377892030847,1071.0,8.0,0.0006984251989627829,244.44995253208128,119.0,ROCHOR
MACKENZIE,education_institutions,education_institutions,25.925871362294284,41.265060240963855,196.0,Priority for action,Low agreement,71.7137927464337,29.882643598148675,cumulative,hansen,161.0,149.66666666666666,162.0,False,0.003378970738007612,71.71717171717171,23.16284665527708,36.98486384063017,225.0,71.71717171717171,284.0,63.0,0.003378970738007612,540.7055431173355,161.0,ROCHOR
MACKENZIE,emergency_services,emergency_services,15.379477947298664,68.07228915662651,107.0,Priority for action,Low agreement,66.66655720388079,30.50817045108431,cumulative,hansen,95.0,141.33333333333334,189.0,False,0.00010946278587816947,66.66666666666666,4.092223550259136,2.345695448498626,259.0,66.66666666666666,6.0,70.0,0.00010946278587816947,27.365714735341495,95.0,ROCHOR
MACKENZIE,essential_services,essential_services,32.35190402388291,60.24096385542169,133.0,Priority for action,Low agreement,83.33137082193007,34.364529677306244,cumulative,hansen,151.0,122.66666666666667,165.0,False,0.0019625114032814383,83.33333333333334,31.369297207590513,75.69656019303896,191.0,83.33333333333334,295.0,26.0,0.0019625114032814383,942.0259923296588,151.0,ROCHOR
MACKENZIE,transport_services,transport_services,32.92519602756329,56.62650602409639,145.0,Priority for action,Low agreement,88.5796489042426,36.75291615250103,cumulative,hansen,92.0,111.66666666666667,213.0,False,0.023703051064654583,88.60335195530726,30.39482944236488,99.90664372749887,228.0,88.60335195530726,793.0,15.0,0.023703051064654583,3793.609169446532,92.0,ROCHOR
MACPHERSON,community_spaces,community_spaces,39.749237528380675,90.66265060240963,32.0,Priority for action,Low agreement,83.78553128794904,34.258626557154514,cumulative,hansen,33.0,40.0,43.0,False,0.0190959614082866,83.80462724935732,45.96516658017344,27.119596319352965,65.0,83.80462724935732,978.0,22.0,0.0190959614082866,6683.6174679013275,33.0,GEYLANG
MACPHERSON,education_institutions,education_institutions,45.05863323013695,88.55421686746988,39.0,Needs improvement,Low agreement,88.38039508146333,36.42344731166687,cumulative,hansen,48.0,73.0,145.0,False,0.0034433023750421858,88.38383838383838,54.761665125313506,87.4397157865948,48.0,88.38383838383838,350.0,13.0,0.0034433023750421858,550.9999420451337,158.0,GEYLANG
MACPHERSON,emergency_services,emergency_services,19.436026413531895,85.8433734939759,48.0,Priority for action,Low agreement,77.7776718578193,34.979298730304805,cumulative,hansen,77.0,70.33333333333333,68.0,False,0.00010591995848896016,77.77777777777779,7.760878163977584,4.448597776248515,77.0,77.77777777777779,7.0,33.0,0.00010591995848896016,26.480007296855845,101.0,GEYLANG
MACPHERSON,essential_services,essential_services,49.73458863746001,93.67469879518072,22.0,Needs improvement,Low agreement,90.67588412291356,37.96328441121535,cumulative,hansen,37.0,65.0,132.0,False,0.002081978781369103,90.67796610169492,63.19674164697322,152.49866538057145,37.0,90.67796610169492,321.0,13.0,0.002081978781369103,999.3715828856572,145.0,GEYLANG
MACPHERSON,transport_services,transport_services,44.138286424529895,85.54216867469879,49.0,Needs improvement,Low agreement,86.35134738214155,35.600265833907926,cumulative,hansen,61.0,67.33333333333333,89.0,False,0.01736770165733711,86.36871508379889,53.718666194545825,176.5712044935679,61.0,86.36871508379889,773.0,26.0,0.01736770165733711,2779.653643734237,115.0,GEYLANG
MALCOLM,community_spaces,community_spaces,32.92088491425292,74.3975903614458,86.0,Priority for action,Low agreement,82.77595652595117,34.038685228718855,cumulative,hansen,145.0,116.0,151.0,False,0.00039308844471126357,82.77634961439588,32.730994129680674,19.311391951115652,145.0,82.77634961439588,966.0,26.0,0.00039308844471126357,137.5815932662224,177.0,NOVENA
MALCOLM,education_institutions,education_institutions,26.534456529852534,45.48192771084337,182.0,Priority for action,Low agreement,65.90652194344595,27.067163021546786,cumulative,hansen,189.0,157.33333333333334,117.0,False,0.002568965644960883,65.9090909090909,26.703735316681726,42.63871489641335,200.0,65.9090909090909,261.0,83.0,0.002568965644960883,411.08789392103387,189.0,NOVENA
MALCOLM,emergency_services,emergency_services,13.245432662889367,57.53012048192772,142.0,Priority for action,Low agreement,55.555495053806325,25.24322710174629,cumulative,hansen,170.0,171.0,159.0,False,6.0501749228690715e-05,55.55555555555556,4.268606802506971,2.446799747153799,251.0,55.55555555555556,5.0,92.0,6.0501749228690715e-05,15.125447402958107,170.0,NOVENA
MALCOLM,essential_services,essential_services,28.507360430796023,47.28915662650602,176.0,Priority for action,Low agreement,66.66545609440573,27.252449924875297,cumulative,hansen,203.0,161.33333333333334,127.0,False,0.0012105722609257812,66.66666666666666,30.347327851568828,73.23046844856667,203.0,66.66666666666666,236.0,77.0,0.0012105722609257812,581.087342207829,204.0,NOVENA
MALCOLM,transport_services,transport_services,27.625793404311366,32.53012048192771,225.0,Priority for action,Low agreement,69.49291808597607,28.57834554089272,cumulative,hansen,238.0,193.66666666666666,169.0,False,0.004288617934553347,69.49720670391062,27.450130956297752,90.22753224933544,256.0,69.49720670391062,622.0,87.0,0.004288617934553347,686.3816930738875,238.0,NOVENA
MANDAI EAST,community_spaces,community_spaces,28.690328958097385,58.13253012048193,140.0,Priority for action,Low agreement,44.01256659366868,18.756173900335106,2sfca,hansen,205.0,166.0,153.0,False,0.0003012925171051448,44.01286788618579,44.01286788618579,25.967733802257627,70.0,33.41902313624679,390.0,223.0,0.0003012925171051448,105.45286970458892,205.0,MANDAI
MANDAI EAST,education_institutions,education_institutions,41.899630730275845,84.93975903614458,51.0,Needs improvement,Low agreement,61.975744871336225,27.630688684708783,2sfca,hansen,135.0,109.66666666666667,134.0,False,0.003334231896034439,61.97907910323226,61.97907910323226,98.96399331722256,30.0,54.54545454545454,216.0,135.0,0.003334231896034439,533.5463985957679,164.0,MANDAI
MANDAI EAST,emergency_services,emergency_services,10.085993237542915,35.24096385542169,216.0,Priority for action,Low agreement,33.33329019407091,14.37530257815594,cumulative,hansen,182.0,169.66666666666666,87.0,True,4.3139262414816556e-05,33.33333333333333,6.83862725819505,3.9199561403508776,120.0,33.33333333333333,3.0,182.0,4.3139262414816556e-05,10.78482280225199,207.0,MANDAI
MANDAI EAST,essential_services,essential_services,41.586059226330754,81.62650602409639,62.0,Needs improvement,Low agreement,63.62076240128768,27.189305485114016,2sfca,hansen,144.0,110.33333333333333,121.0,False,0.002083407814855218,63.622845809102536,63.622845809102536,153.52688794939974,33.0,48.87005649717514,173.0,154.0,0.002083407814855218,1000.0575339000454,144.0,MANDAI
MANDAI EAST,transport_services,transport_services,40.102286101844435,78.3132530120482,73.0,Needs improvement,Low agreement,61.248618448288894,26.22118186811007,2sfca,hansen,183.0,153.0,206.0,False,0.0038956781305679094,61.25251412641946,61.25251412641946,201.33467495995427,35.0,47.374301675977655,424.0,183.0,0.0038956781305679094,623.492740956558,241.0,MANDAI
MANDAI ESTATE,community_spaces,community_spaces,26.186678078090242,49.096385542168676,170.0,Priority for action,Low agreement,39.07252839627479,17.210903769216642,2sfca,hansen,100.0,134.66666666666666,144.0,True,0.0011064673360850995,39.07363486361088,39.07363486361088,23.05357041146885,100.0,33.24764353041988,388.0,224.0,0.0011064673360850995,387.26536239811975,80.0,MANDAI
MANDAI ESTATE,education_institutions,education_institutions,35.05162054472901,71.08433734939759,97.0,Priority for action,Low agreement,51.40947903017218,23.207001664123204,2sfca,hansen,142.0,129.33333333333334,128.0,False,0.004308357760725592,51.413787387932906,51.413787387932906,82.09405149433955,59.0,46.717171717171716,185.0,187.0,0.004308357760725592,689.4267821716992,142.0,MANDAI
MANDAI ESTATE,emergency_services,emergency_services,10.280699154340105,37.04819277108434,210.0,Priority for action,Low agreement,33.33329104037318,14.317194780995237,cumulative,hansen,182.0,161.66666666666666,115.0,True,4.229296014424136e-05,33.33333333333333,7.228039599570792,4.143170426065163,94.0,33.33333333333333,3.0,182.0,4.229296014424136e-05,10.57324709338771,209.0,MANDAI
MANDAI ESTATE,essential_services,essential_services,39.92453921414187,79.51807228915662,69.0,Priority for action,Low agreement,60.97514093450101,26.106065398919398,2sfca,hansen,134.0,112.33333333333333,121.0,False,0.0024256228797424244,60.977566557380754,60.977566557380754,147.14362284848755,41.0,47.175141242937855,167.0,162.0,0.0024256228797424244,1164.324343026096,134.0,MANDAI
MANDAI ESTATE,transport_services,transport_services,30.10927578571206,43.373493975903614,189.0,Priority for action,Low agreement,45.05739755782011,19.765301781100515,2sfca,hansen,208.0,192.0,118.0,False,0.006447515485748514,45.063845073305856,45.063845073305856,148.12313795894357,125.0,37.87709497206704,339.0,243.0,0.006447515485748514,1031.90740298228,208.0,MANDAI
MANDAI WEST,community_spaces,community_spaces,17.265411825412098,18.97590361445783,270.0,Priority for action,Low agreement,31.75442650742235,13.630980984064568,2sfca,hansen,304.0,256.6666666666667,148.0,True,2.9705628724692823e-05,31.754456213051075,31.754456213051075,18.735231435231434,159.0,6.940874035989718,81.0,307.0,2.9705628724692823e-05,10.397018238274844,304.0,MANDAI
MANDAI WEST,education_institutions,education_institutions,0.21751352691897485,5.72289156626506,314.0,Priority for action,High agreement,0.33401310947884144,0.14219439339376616,2sfca,hansen,314.0,314.3333333333333,3.0,True,2.402093129538435e-06,0.33401551157197096,0.33401551157197096,0.5333333333333333,314.0,0.25252525252525254,1.0,313.0,2.402093129538435e-06,0.3843848233475214,316.0,MANDAI
MANDAI WEST,emergency_services,emergency_services,0.0,2.5602409638554215,317.0,Priority for action,High agreement,0.0,0.0,2sfca,2sfca,317.0,317.0,0.0,True,0.0,0.0,0.0,0.0,317.0,0.0,0.0,317.0,0.0,0.0,317.0,MANDAI
MANDAI WEST,essential_services,essential_services,0.702376232130018,3.0120481927710845,323.0,Priority for action,High agreement,1.1787588661177277,0.4813638569948291,2sfca,hansen,323.0,321.3333333333333,5.0,True,3.0609858352011085e-06,1.178761927103563,1.178761927103563,2.844444444444444,323.0,0.5649717514124294,2.0,318.0,3.0609858352011085e-06,1.4693052045918915,323.0,MANDAI
MANDAI WEST,transport_services,transport_services,3.635940414284658,3.0120481927710845,323.0,Priority for action,High agreement,6.064936622908873,2.4760112941271983,2sfca,hansen,320.0,321.0,3.0,True,0.00015018440369857518,6.065086807312571,6.065086807312571,19.935708735708737,323.0,3.016759776536313,27.0,320.0,0.00015018440369857518,24.0366073306216,320.0,MANDAI
MARGARET DRIVE,community_spaces,community_spaces,28.32531526615696,56.024096385542165,147.0,Priority for action,Low agreement,62.29579485437244,25.433636818018346,cumulative,hansen,120.0,122.0,76.0,False,0.0006918637081067433,62.296486718080544,31.731620726856836,18.721758424832053,161.0,62.296486718080544,727.0,85.0,0.0006918637081067433,242.1534200892648,120.0,QUEENSTOWN
MARGARET DRIVE,education_institutions,education_institutions,24.129381139990816,34.036144578313255,220.0,Priority for action,Low agreement,57.79185632448276,23.662291126202312,cumulative,hansen,118.0,126.33333333333333,163.0,False,0.03642650380007233,57.82828282828283,25.10559324638845,40.08690994137283,212.0,57.82828282828283,229.0,118.0,0.03642650380007233,5828.997658824776,49.0,QUEENSTOWN
MARGARET DRIVE,emergency_services,emergency_services,16.187906029732844,71.98795180722891,94.0,Priority for action,Low agreement,66.66660352141172,30.171460450526833,cumulative,hansen,162.0,137.33333333333334,110.0,False,6.314525494431419e-05,66.66666666666666,5.709107505646055,3.272506334639336,180.0,66.66666666666666,6.0,70.0,6.314525494431419e-05,15.786324272979591,162.0,QUEENSTOWN
MARGARET DRIVE,essential_services,essential_services,24.605595169343268,35.24096385542169,216.0,Priority for action,Low agreement,55.08366807973848,22.488476149357037,cumulative,hansen,211.0,186.66666666666666,99.0,False,0.0010776829733787831,55.08474576271186,27.176645423817764,65.57936451541276,224.0,55.08474576271186,195.0,125.0,0.0010776829733787831,517.2990947805147,211.0,QUEENSTOWN
MARGARET DRIVE,transport_services,transport_services,29.050376905653767,38.855421686746986,204.0,Priority for action,Low agreement,66.0139150460662,26.957591708909174,cumulative,hansen,103.0,137.66666666666666,114.0,False,0.019604507006422876,66.03351955307262,31.67558328587463,104.11643270456108,212.0,66.03351955307262,591.0,98.0,0.019604507006422876,3137.648285833805,103.0,QUEENSTOWN
MARINA CENTRE,community_spaces,community_spaces,27.102682001381257,52.40963855421686,159.0,Priority for action,Low agreement,72.66441470293351,30.130775959411427,cumulative,hansen,145.0,145.0,182.0,False,0.0005381676748956587,72.6649528706084,25.139059953914213,14.832126336560158,236.0,72.6649528706084,848.0,54.0,0.0005381676748956587,188.3595591595407,145.0,DOWNTOWN CORE
MARINA CENTRE,education_institutions,education_institutions,20.74432111515772,26.506024096385545,245.0,Priority for action,Low agreement,57.06877747499161,23.758934955310135,cumulative,hansen,211.0,196.0,133.0,False,0.001929595715456762,57.07070707070707,18.659201644603336,29.793748690353347,255.0,57.07070707070707,226.0,122.0,0.001929595715456762,308.7754171964605,211.0,DOWNTOWN CORE
MARINA CENTRE,emergency_services,emergency_services,18.19107767939875,78.6144578313253,72.0,Priority for action,Low agreement,77.77767941873611,35.4876889912114,cumulative,hansen,113.0,113.66666666666667,162.0,False,9.835904167061489e-05,77.77777777777779,5.270985232261381,3.0213711241743013,195.0,77.77777777777779,7.0,33.0,9.835904167061489e-05,24.589776830597017,113.0,DOWNTOWN CORE
MARINA CENTRE,essential_services,essential_services,25.44299820666093,38.25301204819277,206.0,Priority for action,Low agreement,65.81774001151643,27.156960398677402,cumulative,hansen,187.0,169.33333333333334,159.0,False,0.001469028031589948,65.81920903954803,24.557431380683703,59.25899679526584,240.0,65.81920903954803,233.0,81.0,0.001469028031589948,705.1488143736153,187.0,DOWNTOWN CORE
MARINA CENTRE,transport_services,transport_services,27.172252827863325,31.32530120481928,229.0,Priority for action,Low agreement,72.93697221077633,30.252996378498544,cumulative,hansen,91.0,145.0,196.0,False,0.02392164397226626,72.9608938547486,25.145795127443844,82.65326837269939,270.0,72.9608938547486,653.0,74.0,0.02392164397226626,3828.594372677529,91.0,DOWNTOWN CORE
MARINA EAST,community_spaces,community_spaces,29.77249708022059,62.65060240963856,125.0,Priority for action,Low agreement,68.80868032163742,28.11348388964893,cumulative,hansen,154.0,151.0,169.0,False,0.00023141786558343746,68.808911739503,32.02129061392062,18.89266459112083,154.0,68.808911739503,803.0,65.0,0.00023141786558343746,80.99662833036085,234.0,MARINA EAST
MARINA EAST,education_institutions,education_institutions,19.132367377644293,22.89156626506024,257.0,Priority for action,Low agreement,43.18113478055612,17.630890724598274,cumulative,hansen,239.0,241.0,62.0,False,0.0006834012620586847,43.18181818181818,20.991597441804082,33.51796023765359,239.0,43.18181818181818,171.0,211.0,0.0006834012620586847,109.35840503501908,273.0,MARINA EAST
MARINA EAST,emergency_services,emergency_services,15.702904262924633,68.97590361445783,104.0,Priority for action,Low agreement,66.6666051698857,30.37161993380095,cumulative,hansen,168.0,158.33333333333334,167.0,False,6.149678096021762e-05,66.66666666666666,4.739104961114027,2.7164930753938137,237.0,66.66666666666666,6.0,70.0,6.149678096021762e-05,15.374205501878452,168.0,MARINA EAST
MARINA EAST,essential_services,essential_services,22.60448676366721,28.012048192771083,240.0,Priority for action,Low agreement,46.89226102516077,19.196029879371924,cumulative,hansen,228.0,218.66666666666666,100.0,False,0.00039434207087047,46.89265536723164,26.45167477519924,63.82995381047484,228.0,46.89265536723164,166.0,164.0,0.00039434207087047,189.2883170044002,264.0,MARINA EAST
MARINA EAST,transport_services,transport_services,23.58533236572587,19.27710843373494,269.0,Priority for action,Low agreement,56.86922250858725,23.29382976181079,cumulative,hansen,278.0,232.33333333333334,139.0,False,0.0022858713010226635,56.87150837988827,24.420689856715818,80.26987503650963,278.0,56.87150837988827,509.0,140.0,0.0022858713010226635,365.8475149077024,279.0,MARINA EAST
MARINA EAST (MP),community_spaces,community_spaces,31.616257681428046,69.87951807228916,101.0,Priority for action,Low agreement,59.3818450767524,24.677600267458708,cumulative,hansen,94.0,88.33333333333333,19.0,False,0.00118834227074056,59.383033419023135,39.47858898988439,23.29249465017989,95.0,59.383033419023135,693.0,94.0,0.00118834227074056,415.92172233447,76.0,MARINE PARADE
MARINA EAST (MP),education_institutions,education_institutions,21.70844368755509,29.21686746987952,236.0,Priority for action,Low agreement,41.16041815775991,17.069878490931465,cumulative,hansen,226.0,222.66666666666666,52.0,False,0.0011980038562489975,41.16161616161616,26.951522108149963,43.034364053028185,195.0,41.16161616161616,163.0,226.0,0.0011980038562489975,191.70551507401584,247.0,MARINE PARADE
MARINA EAST (MP),emergency_services,emergency_services,17.48423554301115,75.0,84.0,Priority for action,Low agreement,66.66654036459154,29.664438486748132,cumulative,hansen,71.0,74.33333333333333,12.0,False,0.00012630207512074682,66.66666666666666,8.301728638110559,4.758617617518356,71.0,66.66666666666666,6.0,70.0,0.00012630207512074682,31.57553985591866,82.0,MARINE PARADE
MARINA EAST (MP),essential_services,essential_services,23.467654793902078,30.72289156626506,231.0,Priority for action,Low agreement,41.24240777099934,17.461434479245874,cumulative,hansen,200.0,214.66666666666666,54.0,False,0.0005300821079989558,41.24293785310734,30.437816397296423,73.44882436528106,200.0,41.24293785310734,146.0,195.0,0.0005300821079989558,254.44495403642924,249.0,MARINE PARADE
MARINA EAST (MP),transport_services,transport_services,25.424212304839976,23.795180722891565,254.0,Priority for action,Low agreement,51.50574887699127,21.13330003777111,cumulative,hansen,230.0,222.33333333333334,111.0,False,0.002631011276879197,51.50837988826815,30.24349404760656,99.4092100637848,230.0,51.50837988826815,461.0,163.0,0.002631011276879197,421.08623390554214,274.0,MARINE PARADE
MARINA SOUTH,community_spaces,community_spaces,10.323579065859935,9.63855421686747,301.0,Priority for action,Low agreement,30.848252333530834,13.032902565660985,cumulative,hansen,287.0,277.6666666666667,70.0,True,7.671531235498628e-05,30.848329048843187,8.307780482995183,4.901617241300519,308.0,30.848329048843187,360.0,238.0,7.671531235498628e-05,26.85048376191175,287.0,MARINA SOUTH
MARINA SOUTH,education_institutions,education_institutions,5.549278408708483,7.530120481927711,308.0,Priority for action,Moderate agreement,16.666421879958747,7.048255477415912,cumulative,hansen,297.0,301.0,14.0,True,0.0002447867079182381,16.666666666666664,4.431743278725549,7.076307337334556,310.0,16.666666666666664,66.0,296.0,0.0002447867079182381,39.17096066090212,297.0,MARINA SOUTH
MARINA SOUTH,emergency_services,emergency_services,5.059523200519828,9.63855421686747,301.0,Priority for action,Moderate agreement,22.222199037761175,10.198075478212624,cumulative,hansen,268.0,278.3333333333333,63.0,True,2.3184461045518464e-05,22.22222222222222,1.2301436014741391,0.7051282051282052,315.0,22.22222222222222,2.0,252.0,2.3184461045518464e-05,5.79611913011642,268.0,MARINA SOUTH
MARINA SOUTH,essential_services,essential_services,8.238450332343223,9.33734939759036,302.0,Priority for action,Moderate agreement,22.88112302879934,9.540621225657825,cumulative,hansen,287.0,293.0,24.0,True,0.0002329034040515378,22.88135593220339,7.324218549762658,17.673910468894007,308.0,22.88135593220339,81.0,284.0,0.0002329034040515378,111.79606903264536,287.0,MARINA SOUTH
MARINA SOUTH,transport_services,transport_services,13.275189707840111,6.024096385542169,313.0,Priority for action,Low agreement,37.65050300555419,15.755530996138008,cumulative,hansen,260.0,273.6666666666667,73.0,True,0.0031282793620073146,37.6536312849162,11.487049934096536,37.75749449168418,317.0,37.6536312849162,337.0,244.0,0.0031282793620073146,500.67264505023064,260.0,MARINA SOUTH
MARINE PARADE,community_spaces,community_spaces,42.81574084658134,93.37349397590361,23.0,Needs improvement,Low agreement,62.767479221736906,28.358487032206597,2sfca,hansen,75.0,69.66666666666667,82.0,False,0.0012269088227726498,62.76870613055968,62.76870613055968,37.03373877215809,26.0,57.155098543273354,667.0,108.0,0.0012269088227726498,429.4200781033786,75.0,MARINE PARADE
MARINE PARADE,education_institutions,education_institutions,38.165035591702136,76.50602409638554,79.0,Priority for action,Low agreement,55.549563149680424,25.851030710257458,cumulative,hansen,116.0,97.33333333333333,76.0,False,0.005992405875130576,55.55555555555556,54.104253517656964,86.39000548292245,50.0,55.55555555555556,220.0,126.0,0.005992405875130576,958.9094799922744,116.0,MARINE PARADE
MARINE PARADE,emergency_services,emergency_services,21.562163604925985,95.18072289156626,17.0,Priority for action,Low agreement,77.77763061217017,34.186840733650975,cumulative,hansen,33.0,42.0,47.0,False,0.0001471656076117707,77.77777777777779,12.013127799376285,6.886021463672202,23.0,77.77777777777779,7.0,33.0,0.0001471656076117707,36.79142646012351,70.0,MARINE PARADE
MARINE PARADE,essential_services,essential_services,38.95403191134305,78.6144578313253,72.0,Priority for action,Low agreement,57.33163457739668,25.743477626469794,2sfca,hansen,63.0,82.66666666666667,85.0,False,0.007160933673122237,57.3387955110698,57.3387955110698,138.3629845793868,50.0,51.41242937853108,182.0,135.0,0.007160933673122237,3437.3230332065746,63.0,MARINE PARADE
MARINE PARADE,transport_services,transport_services,35.002497330400246,63.85542168674698,121.0,Priority for action,Low agreement,50.06163926374229,23.54391681741776,2sfca,hansen,172.0,153.33333333333334,126.0,False,0.006496564502160717,50.06813582824445,50.06813582824445,164.57205057779876,81.0,49.83240223463687,446.0,172.0,0.006496564502160717,1039.7575653055233,207.0,MARINE PARADE
MARITIME SQUARE,community_spaces,community_spaces,21.038576470506225,29.819277108433734,234.0,Priority for action,Low agreement,41.47359759387343,17.07897078204398,cumulative,hansen,220.0,215.33333333333334,38.0,False,0.00026701623796898975,41.4738646101114,25.487446887225108,15.037675749240938,232.0,41.4738646101114,484.0,194.0,0.00026701623796898975,93.45611640838382,220.0,BUKIT MERAH
MARITIME SQUARE,education_institutions,education_institutions,15.800732787084547,17.46987951807229,275.0,Priority for action,Low agreement,40.65477707432566,16.76320280698194,cumulative,hansen,230.0,243.0,59.0,False,0.001788582240000301,40.65656565656566,15.337766162198827,24.490305598906648,279.0,40.65656565656566,161.0,230.0,0.001788582240000301,286.21033044507084,220.0,BUKIT MERAH
MARITIME SQUARE,emergency_services,emergency_services,16.235509096843202,72.59036144578313,92.0,Priority for action,Low agreement,66.66649536159113,30.152101150500705,cumulative,hansen,70.0,99.66666666666667,119.0,False,0.00017130507552361025,66.66666666666666,5.80424874397443,3.327042057571007,174.0,66.66666666666666,6.0,70.0,0.00017130507552361025,42.826297466179966,55.0,BUKIT MERAH
MARITIME SQUARE,essential_services,essential_services,17.55373131581233,18.072289156626507,273.0,Priority for action,Low agreement,42.08917000684864,17.232563737106506,cumulative,hansen,200.0,221.66666666666666,89.0,False,0.0012254733773442992,42.090395480225986,18.270569155507854,44.088308025795634,277.0,42.090395480225986,149.0,188.0,0.0012254733773442992,588.2400338851884,200.0,BUKIT MERAH
MARITIME SQUARE,transport_services,transport_services,19.83390488584348,11.44578313253012,295.0,Priority for action,Low agreement,46.02309421561128,18.807447452116918,cumulative,hansen,193.0,219.33333333333334,135.0,False,0.010425337461346215,46.03351955307263,21.2481467479811,69.8418469840571,300.0,46.03351955307263,412.0,193.0,0.010425337461346215,1668.5470440095758,165.0,BUKIT MERAH
MARYMOUNT,community_spaces,community_spaces,32.12372219212919,71.98795180722891,94.0,Priority for action,Low agreement,56.2120197447685,23.834242427859284,cumulative,hansen,114.0,116.66666666666667,72.0,False,0.0004909664568672549,56.21251071122536,41.762145519894126,24.639800357389028,82.0,56.21251071122536,656.0,114.0,0.0004909664568672549,171.83905628588286,154.0,BISHAN
MARYMOUNT,education_institutions,education_institutions,33.03683931582678,67.46987951807229,109.0,Priority for action,Low agreement,61.86484756247984,25.726542842475233,cumulative,hansen,122.0,122.33333333333333,51.0,False,0.0038393062070320484,61.86868686868687,41.323900300454596,65.98320356396655,122.0,61.86868686868687,245.0,97.0,0.0038393062070320484,614.3687852979403,148.0,BISHAN
MARYMOUNT,emergency_services,emergency_services,12.072772250081382,46.98795180722892,177.0,Priority for action,Low agreement,44.4443391010205,19.623352823513347,cumulative,hansen,125.0,122.66666666666667,37.0,False,0.00010534342393666348,44.44444444444444,6.367703516330622,3.6500188643652143,140.0,44.44444444444444,4.0,125.0,0.00010534342393666348,26.335873562576705,103.0,BISHAN
MARYMOUNT,essential_services,essential_services,34.21778003236207,68.07228915662651,107.0,Priority for action,Low agreement,60.167553318320344,25.46912967838064,cumulative,hansen,119.0,123.33333333333333,55.0,False,0.0019382071033823538,60.16949152542372,44.36660053029263,107.06006657966088,119.0,60.16949152542372,213.0,98.0,0.0019382071033823538,930.3596742680006,153.0,BISHAN
MARYMOUNT,transport_services,transport_services,32.53767835435157,55.42168674698795,149.0,Priority for action,Low agreement,59.54840031217274,24.904823875097794,cumulative,hansen,148.0,164.33333333333334,117.0,False,0.004672313525578336,59.55307262569832,41.25132427030846,135.591527663482,148.0,59.55307262569832,533.0,114.0,0.004672313525578336,747.7911339268056,231.0,BISHAN
MATILDA,community_spaces,community_spaces,19.694652073772488,24.096385542168676,253.0,Priority for action,Moderate agreement,29.90547893505238,13.551138945266882,cumulative,hansen,223.0,226.66666666666666,35.0,True,0.00026228174281954937,29.9057412167952,27.4268502917812,16.18193000404063,211.0,29.9057412167952,349.0,246.0,0.00026228174281954937,91.79903542639344,223.0,PUNGGOL
MATILDA,education_institutions,education_institutions,41.48414792242418,83.73493975903614,55.0,Needs improvement,Low agreement,64.63916469437042,28.858419455027718,cumulative,hansen,85.0,74.0,57.0,False,0.0072999520942265955,64.64646464646465,57.10533001500596,91.18192105710256,40.0,64.64646464646465,256.0,85.0,0.0072999520942265955,1168.1440497370863,97.0,PUNGGOL
MATILDA,emergency_services,emergency_services,6.261720720795809,13.855421686746988,287.0,Priority for action,Moderate agreement,22.22215994467366,9.732742524361564,cumulative,hansen,252.0,230.66666666666666,110.0,True,6.22775485606585e-05,22.22222222222222,3.6345151861735934,2.0833333333333335,275.0,22.22222222222222,2.0,252.0,6.22775485606585e-05,15.569397532273532,165.0,PUNGGOL
MATILDA,essential_services,essential_services,43.74376441598719,84.93975903614458,51.0,Needs improvement,Low agreement,63.412726360321756,29.157735134533258,2sfca,hansen,86.0,73.33333333333333,62.0,False,0.0043786634269570674,63.41710502374871,63.41710502374871,153.03041939163649,36.0,60.16949152542372,213.0,98.0,0.0043786634269570674,2101.804225422525,86.0,PUNGGOL
MATILDA,transport_services,transport_services,31.49291358199386,49.096385542168676,170.0,Priority for action,Low agreement,47.12715267598741,21.53530306138016,cumulative,hansen,130.0,136.0,92.0,False,0.02368531283940202,47.150837988826815,44.111280780753354,144.9920955037116,130.0,47.150837988826815,422.0,185.0,0.02368531283940202,3790.770214504222,93.0,PUNGGOL
MAXWELL,community_spaces,community_spaces,16.721718921033187,17.16867469879518,276.0,Priority for action,Low agreement,49.18501040512639,20.717965145201923,cumulative,hansen,156.0,182.33333333333334,205.0,False,0.0009364671958053714,49.1859468723222,13.76849721282001,8.123457698875725,298.0,49.1859468723222,574.0,156.0,0.0009364671958053714,327.76503754795476,93.0,DOWNTOWN CORE
MAXWELL,education_institutions,education_institutions,16.879212953170708,18.67469879518072,271.0,Priority for action,Low agreement,48.7343797603053,20.458422214005,cumulative,hansen,173.0,208.66666666666666,117.0,False,0.002993977068437329,48.73737373737374,14.261680025150856,22.77208417941451,285.0,48.73737373737374,193.0,168.0,0.002993977068437329,479.09855467549994,173.0,DOWNTOWN CORE
MAXWELL,emergency_services,emergency_services,18.187165347734,77.71084337349397,75.0,Priority for action,Low agreement,77.77748266692724,35.48931004947816,cumulative,hansen,33.0,87.33333333333333,173.0,False,0.0002951108505506594,77.77777777777779,5.26304251784655,3.016818296396744,201.0,77.77777777777779,7.0,33.0,0.0002951108505506594,73.77776188212243,28.0,DOWNTOWN CORE
MAXWELL,essential_services,essential_services,19.81288981640686,21.686746987951807,261.0,Priority for action,Low agreement,53.386530567250055,22.154177837439732,cumulative,hansen,128.0,169.66666666666666,175.0,False,0.0032999412245277152,53.38983050847458,18.267867464689168,44.08178863518493,278.0,53.38983050847458,189.0,128.0,0.0032999412245277152,1584.006289832228,103.0,DOWNTOWN CORE
MAXWELL,transport_services,transport_services,24.77152924377945,22.289156626506024,259.0,Priority for action,Low agreement,68.81262394998596,28.695942468184796,cumulative,hansen,128.0,170.66666666666666,204.0,False,0.014191692472131793,68.8268156424581,22.00381721509238,72.32570695360346,294.0,68.8268156424581,616.0,90.0,0.014191692472131793,2271.3419696642354,128.0,DOWNTOWN CORE
MEI CHIN,community_spaces,community_spaces,28.12403040668653,55.42168674698795,149.0,Priority for action,Low agreement,56.726295714780555,23.287473286120857,cumulative,hansen,137.0,146.0,79.0,False,0.0003538139255317302,56.72664952870608,33.557188713535304,19.79884941646155,137.0,56.72664952870608,662.0,111.0,0.0003538139255317302,123.83544784733574,190.0,QUEENSTOWN
MEI CHIN,education_institutions,education_institutions,21.390265211688558,28.614457831325304,238.0,Priority for action,Low agreement,49.998101138592794,20.438487166706988,cumulative,hansen,212.0,200.0,70.0,False,0.0018988614072055223,50.0,22.779391106532795,36.372588006389805,229.0,50.0,198.0,159.0,0.0018988614072055223,303.8572891261591,212.0,QUEENSTOWN
MEI CHIN,emergency_services,emergency_services,11.01356480037499,44.57831325301205,185.0,Priority for action,Low agreement,44.444301256772896,20.024993648220683,cumulative,hansen,125.0,149.66666666666666,180.0,False,0.00014318767154787278,44.44444444444444,4.249265910369273,2.4357133922418273,252.0,44.44444444444444,4.0,125.0,0.00014318767154787278,35.796941780360136,72.0,QUEENSTOWN
MEI CHIN,essential_services,essential_services,20.419063396587642,22.89156626506024,257.0,Priority for action,Low agreement,43.501870926346015,17.777309126801885,cumulative,hansen,219.0,217.0,66.0,False,0.0009539324110421769,43.50282485875706,23.436424490225836,56.55391975771517,249.0,43.50282485875706,154.0,183.0,0.0009539324110421769,457.8975310028101,219.0,QUEENSTOWN
MEI CHIN,transport_services,transport_services,26.800836670055332,28.915662650602407,237.0,Priority for action,Low agreement,57.86052269836901,23.631957061910608,cumulative,hansen,129.0,157.33333333333334,109.0,False,0.01657227369802311,57.877094972067034,30.440891987065033,100.05804955299516,226.0,57.877094972067034,518.0,129.0,0.01657227369802311,2652.347551710184,117.0,QUEENSTOWN
MIDVIEW,community_spaces,community_spaces,22.742456176342188,37.34939759036144,209.0,Priority for action,Low agreement,34.27587657002459,14.90374561265223,2sfca,hansen,151.0,180.66666666666666,135.0,True,0.0005059759875550874,34.27638254601215,34.27638254601215,20.22317609388413,128.0,28.020565552699228,327.0,263.0,0.0005059759875550874,177.09241637314537,151.0,WOODLANDS
MIDVIEW,education_institutions,education_institutions,35.58840509858759,72.59036144578313,92.0,Priority for action,Low agreement,52.87132699624614,23.415922929434686,2sfca,hansen,60.0,102.33333333333333,141.0,False,0.014159323812975723,52.885486320059115,52.885486320059115,84.44396061514651,53.0,45.707070707070706,181.0,194.0,0.014159323812975723,2265.786082830533,60.0,WOODLANDS
MIDVIEW,emergency_services,emergency_services,10.921380593595051,43.07228915662651,190.0,Priority for action,Low agreement,33.33106964417356,14.140574622654924,cumulative,hansen,65.0,85.33333333333333,173.0,True,0.00226368915976777,33.33333333333333,8.50806964036091,4.8768939393939394,65.0,33.33333333333333,3.0,182.0,0.00226368915976777,565.9226676784596,9.0,WOODLANDS
MIDVIEW,essential_services,essential_services,35.49307251488293,71.08433734939759,97.0,Priority for action,Low agreement,54.47693015063645,23.198258989550318,2sfca,hansen,64.0,106.33333333333333,135.0,False,0.00752483617904622,54.48445498681549,54.48445498681549,131.47523832623307,64.0,41.24293785310734,146.0,195.0,0.00752483617904622,3612.000040780185,60.0,WOODLANDS
MIDVIEW,transport_services,transport_services,36.15356171795239,67.7710843373494,108.0,Priority for action,Low agreement,55.57494270956464,23.62737712337047,2sfca,hansen,162.0,141.33333333333334,164.0,False,0.010685579660918284,55.58562828922555,55.58562828922555,182.70783760742032,49.0,41.787709497206706,374.0,213.0,0.010685579660918284,1710.198103693015,162.0,WOODLANDS
MONK'S HILL,community_spaces,community_spaces,33.62767671835206,77.10843373493977,77.0,Priority for action,Low agreement,91.08760616363399,37.82865978592642,cumulative,hansen,128.0,103.0,161.0,False,0.0006543333668644469,91.08826049700086,30.819656637883664,18.183696675233897,171.0,91.08826049700086,1063.0,10.0,0.0006543333668644469,229.01773977759123,128.0,NEWTON
MONK'S HILL,education_institutions,education_institutions,28.634753008573895,55.42168674698795,149.0,Priority for action,Low agreement,78.53262666435948,32.67857156106251,cumulative,hansen,186.0,141.33333333333334,176.0,False,0.0027268709940475883,78.53535353535354,25.85372848040994,41.28148158347102,207.0,78.53535353535354,311.0,31.0,0.0027268709940475883,436.3560315165087,186.0,NEWTON
MONK'S HILL,emergency_services,emergency_services,18.350922518917745,80.72289156626506,65.0,Priority for action,Low agreement,77.77747484204573,35.420618635796,cumulative,hansen,33.0,80.66666666666667,155.0,False,0.0003029357320476527,77.77777777777779,5.59055216528515,3.2045494601273927,182.0,77.77777777777779,7.0,33.0,0.0003029357320476527,75.73398356209044,27.0,NEWTON
MONK'S HILL,essential_services,essential_services,33.897418010779006,66.86746987951807,111.0,Priority for action,Low agreement,86.72145157583603,35.73259337210228,cumulative,hansen,171.0,126.0,161.0,False,0.0017122659718680222,86.7231638418079,33.10454312525173,79.88384389871865,184.0,86.7231638418079,307.0,23.0,0.0017122659718680222,821.9055688462493,171.0,NEWTON
MONK'S HILL,transport_services,transport_services,34.93433906965946,63.25301204819277,123.0,Priority for action,Low agreement,93.28893240748548,38.661174176091905,cumulative,hansen,200.0,135.0,195.0,False,0.007156977989382608,93.29608938547486,32.54594819833535,106.9772889362769,200.0,93.29608938547486,835.0,5.0,0.007156977989382608,1145.4549564944173,200.0,NEWTON
MOULMEIN,community_spaces,community_spaces,38.79554241945437,89.45783132530121,36.0,Priority for action,Low agreement,99.99945186056604,41.24160229440271,cumulative,hansen,108.0,84.0,142.0,False,0.0005481394339582397,100.0,37.59075595524837,22.178667079722405,108.0,100.0,1167.0,1.0,0.0005481394339582397,191.84969100634308,143.0,NOVENA
MOULMEIN,education_institutions,education_institutions,29.243659781104558,56.92771084337349,144.0,Priority for action,Low agreement,75.49374424783232,31.1424792838435,cumulative,hansen,68.0,99.66666666666667,145.0,False,0.011306257218186571,75.5050505050505,28.278515605858,45.15321734254613,188.0,75.5050505050505,299.0,43.0,0.011306257218186571,1809.236132476414,68.0,NOVENA
MOULMEIN,emergency_services,emergency_services,15.87913082784444,71.3855421686747,96.0,Priority for action,Low agreement,66.66653485373506,30.298236569736286,cumulative,hansen,79.0,123.0,150.0,False,0.00013181293160070717,66.66666666666666,5.091515901263255,2.918497860361346,220.0,66.66666666666666,6.0,70.0,0.00013181293160070717,32.95325489549248,79.0,NOVENA
MOULMEIN,essential_services,essential_services,33.01166943499166,64.45783132530121,119.0,Priority for action,Low agreement,79.37435162242099,32.505087352036135,cumulative,hansen,90.0,101.66666666666667,137.0,False,0.004179451025331231,79.37853107344633,34.26941876998959,82.6947796610273,176.0,79.37853107344633,281.0,39.0,0.004179451025331231,2006.1801898056272,90.0,NOVENA
MOULMEIN,transport_services,transport_services,33.933683628087536,58.43373493975904,139.0,Priority for action,Low agreement,86.5809790319847,35.66437308857164,cumulative,hansen,156.0,124.66666666666667,168.0,False,0.011199738965031108,86.59217877094973,33.22377590441616,109.20528272280082,193.0,86.59217877094973,775.0,25.0,0.011199738965031108,1792.4879087193065,156.0,NOVENA
MOUNT EMILY,community_spaces,community_spaces,28.748541299660637,58.734939759036145,138.0,Priority for action,Low agreement,81.40443847823119,34.0544094400786,cumulative,hansen,101.0,122.66666666666667,207.0,False,0.0008742895494436109,81.40531276778063,24.934432918479356,14.711395726624486,237.0,81.40531276778063,950.0,30.0,0.0008742895494436109,306.0027604647953,101.0,ROCHOR
MOUNT EMILY,education_institutions,education_institutions,23.811666201537577,33.13253012048193,223.0,Priority for action,Low agreement,67.05823886282978,28.049418694960366,cumulative,hansen,77.0,118.66666666666667,207.0,False,0.11347830888739459,67.17171717171718,20.686558549055846,33.03089480557209,243.0,67.17171717171718,266.0,77.0,0.11347830888739459,18158.88783789084,36.0,ROCHOR
MOUNT EMILY,emergency_services,emergency_services,15.379473560118575,67.7710843373494,108.0,Priority for action,Low agreement,66.66657182781441,30.50817421972963,cumulative,hansen,119.0,149.33333333333334,189.0,False,9.483885224702773e-05,66.66666666666666,4.092223550259136,2.345695448498626,259.0,66.66666666666666,6.0,70.0,9.483885224702773e-05,23.709728887294453,119.0,ROCHOR
MOUNT EMILY,essential_services,essential_services,29.186395400820558,50.0,167.0,Priority for action,Low agreement,76.72580195004673,31.741915652836497,cumulative,hansen,53.0,100.66666666666667,193.0,False,0.11035624204366258,76.8361581920904,27.572113779578757,66.53366049463733,221.0,76.8361581920904,272.0,53.0,0.11035624204366258,52972.14999471005,28.0,ROCHOR
MOUNT EMILY,transport_services,transport_services,29.60465889782462,41.265060240963855,196.0,Priority for action,Low agreement,81.88982736052935,34.12402175532043,cumulative,hansen,170.0,158.33333333333334,221.0,False,0.009613980252759939,81.89944134078212,26.44377287118474,86.9196716521137,263.0,81.89944134078212,733.0,42.0,0.009613980252759939,1538.6915187527773,170.0,ROCHOR
MOUNT PLEASANT,community_spaces,community_spaces,27.696787719200326,54.51807228915663,152.0,Priority for action,Low agreement,57.32628771064044,23.471798292866108,cumulative,hansen,147.0,167.33333333333334,143.0,False,0.00019043845981332917,57.326478149100254,32.462869915684664,19.153197801327625,147.0,57.326478149100254,669.0,106.0,0.00019043845981332917,66.65376983932627,249.0,NOVENA
MOUNT PLEASANT,education_institutions,education_institutions,24.01647921774601,33.433734939759034,222.0,Priority for action,Low agreement,52.01925743013008,21.24447910802628,cumulative,hansen,193.0,199.0,104.0,False,0.0009445900719397402,52.02020202020202,27.22431087336805,43.46993466699442,193.0,52.02020202020202,206.0,150.0,0.0009445900719397402,151.15404289430984,254.0,NOVENA
MOUNT PLEASANT,emergency_services,emergency_services,10.743624450503388,40.963855421686745,197.0,Priority for action,Low agreement,44.444410272427326,20.13400963743947,cumulative,hansen,236.0,211.0,147.0,False,3.417201711909158e-05,44.44444444444444,3.709450620018726,2.1262869266409785,272.0,44.44444444444444,4.0,125.0,3.417201711909158e-05,8.543009981977491,236.0,NOVENA
MOUNT PLEASANT,essential_services,essential_services,23.95249089087255,32.53012048192771,225.0,Priority for action,Low agreement,49.15193269755422,20.1405143023561,cumulative,hansen,216.0,203.0,91.0,False,0.0006096753271340534,49.152542372881356,28.243599027396275,68.15400675690098,216.0,49.152542372881356,174.0,151.0,0.0006096753271340534,292.6505313966846,242.0,NOVENA
MOUNT PLEASANT,transport_services,transport_services,21.928426979336685,15.963855421686745,280.0,Priority for action,Low agreement,47.70713905103165,19.481141118248882,cumulative,hansen,274.0,244.33333333333334,97.0,False,0.002358155672253046,47.70949720670391,24.77164018258845,81.4234353563493,274.0,47.70949720670391,427.0,181.0,0.002358155672253046,377.4164328819865,278.0,NOVENA
MOUNTBATTEN,community_spaces,community_spaces,42.01728805670606,92.46987951807229,26.0,Needs improvement,Low agreement,71.5505243773795,30.64225966700409,cumulative,hansen,58.0,83.0,127.0,False,0.0004610553540080393,71.55098543273351,55.413905307106305,32.69438259918743,32.0,71.55098543273351,835.0,58.0,0.0004610553540080393,161.37012176723147,159.0,MARINE PARADE
MOUNTBATTEN,education_institutions,education_institutions,32.57528416807883,65.66265060240963,115.0,Priority for action,Low agreement,55.29862590843951,23.71020658605207,cumulative,hansen,130.0,126.33333333333333,31.0,False,0.00440439459078937,55.3030303030303,43.026713578191064,68.70214040969974,109.0,55.3030303030303,219.0,130.0,0.00440439459078937,704.7946709121388,140.0,MARINE PARADE
MOUNTBATTEN,emergency_services,emergency_services,20.38794254709491,86.74698795180723,45.0,Priority for action,Low agreement,77.7776075275227,34.612383822687654,cumulative,hansen,47.0,45.333333333333336,23.0,False,0.00017025025508629623,77.77777777777779,9.664671832925656,5.539867617518356,47.0,77.77777777777779,7.0,33.0,0.00017025025508629623,42.56259218083604,56.0,MARINE PARADE
MOUNTBATTEN,essential_services,essential_services,33.330739440938316,65.06024096385542,117.0,Priority for action,Low agreement,53.38811477553436,23.49469659832945,cumulative,hansen,128.0,137.66666666666666,55.0,False,0.001715732940222674,53.38983050847458,45.30451723872267,109.32333273146207,115.0,53.38983050847458,189.0,128.0,0.001715732940222674,823.569749904869,170.0,MARINE PARADE
MOUNTBATTEN,transport_services,transport_services,32.99337201260303,56.92771084337349,144.0,Priority for action,Low agreement,58.65342144711922,24.738933552447858,cumulative,hansen,143.0,159.66666666666666,94.0,False,0.005796429975754358,58.659217877094974,42.51957901638262,139.76023258456092,143.0,58.659217877094974,525.0,121.0,0.005796429975754358,927.7029293020644,215.0,MARINE PARADE
MURAI,community_spaces,community_spaces,2.2824478814583165,6.024096385542169,313.0,Priority for action,High agreement,3.858161953876931,1.5888573582114986,2sfca,hansen,313.0,218.0,285.0,True,0.05610451753927338,3.9142664714162048,3.9142664714162048,2.3094298245614033,313.0,1.5424164524421593,18.0,313.0,0.05610451753927338,19636.67214424421,28.0,WESTERN WATER CATCHMENT
MURAI,education_institutions,education_institutions,0.9476617848552353,6.024096385542169,313.0,Priority for action,High agreement,1.3902550733070798,0.6274549861077876,2sfca,hansen,313.0,312.3333333333333,2.0,True,1.1244595553675753e-05,1.3902663179026333,1.3902663179026333,2.2198830409356725,313.0,1.2626262626262625,5.0,311.0,1.1244595553675753e-05,1.7993689846423666,313.0,WESTERN WATER CATCHMENT
MURAI,emergency_services,emergency_services,3.2134548640911036,6.325301204819277,312.0,Priority for action,High agreement,11.111107019584773,4.838721838891461,cumulative,hansen,308.0,307.6666666666667,17.0,True,4.0915263376476675e-06,11.11111111111111,1.98246282882196,1.1363636363636365,308.0,11.11111111111111,1.0,299.0,4.0915263376476675e-06,1.02288226715535,316.0,WESTERN WATER CATCHMENT
MURAI,essential_services,essential_services,2.511069212905845,5.72289156626506,314.0,Priority for action,High agreement,3.892169715815412,1.6420823297373828,2sfca,hansen,315.0,313.0,6.0,True,1.5754482137289076e-05,3.892185470297549,3.892185470297549,9.392147034252297,315.0,2.824858757062147,10.0,309.0,1.5754482137289076e-05,7.56231614461162,315.0,WESTERN WATER CATCHMENT
MURAI,transport_services,transport_services,28.339534639768733,37.04819277108434,210.0,Priority for action,Low agreement,53.231705165697484,23.33236492394196,2sfca,hansen,244.0,208.0,250.0,False,0.0037645823231727614,53.235469748020655,53.235469748020655,174.98295622506149,65.0,8.603351955307263,77.0,315.0,0.0037645823231727614,602.511211800093,244.0,WESTERN WATER CATCHMENT
NASSIM,community_spaces,community_spaces,23.78982258065272,41.86746987951807,194.0,Priority for action,Low agreement,59.725551275689526,24.555933109284215,cumulative,hansen,231.0,189.66666666666666,156.0,False,0.00024135498743315466,59.725792630676956,23.6891832960422,13.97669443889133,247.0,59.725792630676956,697.0,91.0,0.00024135498743315466,84.47463709647685,231.0,TANGLIN
NASSIM,education_institutions,education_institutions,20.447341074273766,25.301204819277107,249.0,Priority for action,Low agreement,51.76616584773546,21.30345764041832,cumulative,hansen,231.0,210.0,97.0,False,0.0015109199413002783,51.76767676767676,20.186704889512043,32.23276235606781,248.0,51.76767676767676,205.0,151.0,0.0015109199413002783,241.7785920067768,231.0,TANGLIN
NASSIM,emergency_services,emergency_services,7.491771354496214,21.385542168674696,262.0,Priority for action,Low agreement,33.33330543410791,15.339323827128478,cumulative,hansen,256.0,250.66666666666666,132.0,True,2.7899225416487663e-05,33.33333333333333,1.6501926361238453,0.9459036898061288,314.0,33.33333333333333,3.0,182.0,2.7899225416487663e-05,6.974811009600426,256.0,TANGLIN
NASSIM,essential_services,essential_services,19.606101811347507,21.385542168674696,262.0,Priority for action,Low agreement,48.021800128233245,19.69569698481624,cumulative,hansen,229.0,218.0,109.0,False,0.0007987418232564185,48.0225988700565,20.00268482957846,48.26803820960943,267.0,48.0225988700565,170.0,158.0,0.0007987418232564185,383.40442629286673,229.0,TANGLIN
NASSIM,transport_services,transport_services,20.741690650682038,12.349397590361445,292.0,Priority for action,Low agreement,53.404880952820776,22.022453843694766,cumulative,hansen,266.0,242.66666666666666,150.0,False,0.002940276229504422,53.40782122905028,20.118488644006263,66.12870393314104,306.0,53.40782122905028,478.0,156.0,0.002940276229504422,470.5832525326924,266.0,TANGLIN
NATIONAL UNIVERSITY OF S'PORE,community_spaces,community_spaces,24.610880046383997,43.674698795180724,188.0,Priority for action,Low agreement,40.44547542436119,17.58310666305419,cumulative,hansen,199.0,203.33333333333334,129.0,False,0.0001115507887655391,40.44558697514996,33.04345837223475,19.495746860556014,141.0,40.44558697514996,472.0,199.0,0.0001115507887655391,39.04295701121363,270.0,QUEENSTOWN
NATIONAL UNIVERSITY OF S'PORE,education_institutions,education_institutions,14.674185110510923,14.759036144578314,284.0,Priority for action,Moderate agreement,28.029860602716894,11.606839435950999,cumulative,hansen,276.0,273.6666666666667,27.0,True,0.00044242758613306473,28.030303030303028,18.135983552348954,28.95830949805641,259.0,28.030303030303028,111.0,276.0,0.00044242758613306473,70.79760873905255,286.0,QUEENSTOWN
NATIONAL UNIVERSITY OF S'PORE,emergency_services,emergency_services,12.248344481915318,51.50602409638554,162.0,Priority for action,Low agreement,44.44441386429567,19.560919876670013,cumulative,hansen,125.0,165.0,120.0,False,3.0580148775443654e-05,44.44444444444444,6.71889283796359,3.8513234077750207,125.0,44.44444444444444,4.0,125.0,3.0580148775443654e-05,7.645042296698835,245.0,QUEENSTOWN
NATIONAL UNIVERSITY OF S'PORE,essential_services,essential_services,14.004034295250129,15.060240963855422,283.0,Priority for action,Moderate agreement,24.576041711342526,10.410130938153802,cumulative,hansen,279.0,281.3333333333333,11.0,True,0.00022947509815022727,24.576271186440678,18.177422430865096,43.86353771608659,279.0,24.576271186440678,87.0,277.0,0.00022947509815022727,110.15044635585905,288.0,QUEENSTOWN
NATIONAL UNIVERSITY OF S'PORE,transport_services,transport_services,20.930063792055442,12.951807228915662,290.0,Priority for action,Low agreement,36.422814534681635,15.472850469498084,cumulative,hansen,258.0,267.3333333333333,44.0,True,0.0017664709049606123,36.424581005586596,27.28923529933327,89.69867436881555,258.0,36.424581005586596,326.0,250.0,0.0017664709049606123,282.7188873002054,294.0,QUEENSTOWN
NATURE RESERVE,community_spaces,community_spaces,20.160166846776956,25.0,250.0,Priority for action,Moderate agreement,29.648443390627342,13.704992756484113,cumulative,hansen,235.0,226.66666666666666,53.0,True,0.00022841742750027665,29.648671808054843,28.460727919875474,16.79192113435932,196.0,29.648671808054843,346.0,249.0,0.00022841742750027665,79.94647013433162,235.0,BUKIT PANJANG
NATURE RESERVE,education_institutions,education_institutions,17.9199615506149,20.481927710843372,265.0,Priority for action,Moderate agreement,27.272124003428534,12.341228024688156,cumulative,hansen,280.0,258.3333333333333,67.0,True,0.0006032692987376154,27.27272727272727,24.930470230559653,39.8072853774243,214.0,27.27272727272727,108.0,281.0,0.0006032692987376154,96.53562552372767,280.0,BUKIT PANJANG
NATURE RESERVE,emergency_services,emergency_services,3.1703639732966806,6.024096385542169,313.0,Priority for action,High agreement,11.111086595506618,4.8530094516837075,cumulative,hansen,299.0,292.0,45.0,True,2.4515604491456773e-05,11.11111111111111,1.8962687927862223,1.0869565217391304,311.0,11.11111111111111,1.0,299.0,2.4515604491456773e-05,6.128905213725792,266.0,BUKIT PANJANG
NATURE RESERVE,essential_services,essential_services,16.43605697348,16.566265060240966,278.0,Priority for action,Moderate agreement,23.719056695622907,10.98907364081139,2sfca,hansen,279.0,270.0,37.0,True,0.00032179903483609126,23.719378494657743,23.719378494657743,57.236709833839626,247.0,22.88135593220339,81.0,284.0,0.00032179903483609126,154.46690124466116,279.0,BUKIT PANJANG
NATURE RESERVE,transport_services,transport_services,16.36064871781177,7.530120481927711,308.0,Priority for action,Moderate agreement,25.47367361778979,11.378111520566884,cumulative,hansen,292.0,298.6666666666667,20.0,True,0.0011867174057425582,25.474860335195533,22.53064127110188,74.0573575085316,292.0,25.474860335195533,228.0,292.0,0.0011867174057425582,189.93090888117592,312.0,BUKIT PANJANG
NEE SOON,community_spaces,community_spaces,26.76377472732171,51.50602409638554,162.0,Priority for action,Low agreement,41.3929512916754,17.498614211327673,2sfca,hansen,135.0,152.66666666666666,157.0,False,0.0005762940143939641,41.393527585689796,41.393527585689796,24.42231458902444,83.0,30.334190231362467,354.0,240.0,0.0005762940143939641,201.70383982756888,135.0,YISHUN
NEE SOON,education_institutions,education_institutions,17.803949795739587,20.180722891566266,266.0,Priority for action,Moderate agreement,26.51651092106347,11.709451312930973,2sfca,hansen,286.0,260.3333333333333,93.0,True,0.00029973719163250203,26.516810658255103,26.516810658255103,42.34024626933767,201.0,22.727272727272727,90.0,286.0,0.00029973719163250203,47.96418008925409,294.0,YISHUN
NEE SOON,emergency_services,emergency_services,3.7798731968535124,7.228915662650602,309.0,Priority for action,High agreement,11.111105747350038,4.679681130051468,cumulative,hansen,299.0,301.6666666666667,20.0,True,5.363761072476584e-06,11.11111111111111,3.115298731005937,1.7857142857142858,293.0,11.11111111111111,1.0,299.0,5.363761072476584e-06,1.3409411631574146,313.0,YISHUN
NEE SOON,essential_services,essential_services,19.833994043508252,21.987951807228914,260.0,Priority for action,Low agreement,30.854028253946876,12.975411837305717,2sfca,hansen,286.0,256.3333333333333,89.0,True,0.0002503193973298007,30.854278573344207,30.854278573344207,74.4537800698576,197.0,22.033898305084744,78.0,286.0,0.0002503193973298007,120.1559278966142,286.0,YISHUN
NEE SOON,transport_services,transport_services,19.91069470854716,11.74698795180723,294.0,Priority for action,Low agreement,30.430638507396147,13.01707430280115,2sfca,hansen,256.0,259.6666666666667,69.0,True,0.0032975308518632656,30.43393603824801,30.43393603824801,100.03518561485178,227.0,23.463687150837988,210.0,296.0,0.0032975308518632656,527.7608879143515,256.0,YISHUN
NEWTON CIRCUS,community_spaces,community_spaces,35.034845034183974,81.62650602409639,62.0,Priority for action,Low agreement,93.05847150575019,38.5347400299398,cumulative,hansen,127.0,92.33333333333333,138.0,False,0.0006544582600886522,93.05912596401028,32.84564700780778,19.37903751846578,144.0,93.05912596401028,1086.0,6.0,0.0006544582600886522,229.0614526086487,127.0,NEWTON
NEWTON CIRCUS,education_institutions,education_institutions,30.242659385258214,59.036144578313255,137.0,Priority for action,Low agreement,80.8010753620316,33.488520433037024,cumulative,hansen,98.0,104.66666666666667,162.0,False,0.007005446049202643,80.8080808080808,28.157883179654586,44.96059965939613,189.0,80.8080808080808,320.0,27.0,0.007005446049202643,1121.0169618239456,98.0,NEWTON
NEWTON CIRCUS,emergency_services,emergency_services,15.794755819312368,70.78313253012048,98.0,Priority for action,Low agreement,66.66119962390196,30.33254300637414,cumulative,hansen,70.0,101.0,219.0,False,0.005467042764687492,66.66666666666666,4.919564746299256,2.819934075512008,226.0,66.66666666666666,6.0,70.0,0.005467042764687492,1366.761603444516,7.0,NEWTON
NEWTON CIRCUS,essential_services,essential_services,35.26200812143695,69.57831325301204,102.0,Priority for action,Low agreement,88.41426325452404,36.34657492543608,cumulative,hansen,91.0,93.33333333333333,153.0,False,0.003815841521156357,88.4180790960452,35.15449509954311,84.83053785835378,171.0,88.4180790960452,313.0,18.0,0.003815841521156357,1831.643826135026,91.0,NEWTON
NEWTON CIRCUS,transport_services,transport_services,35.521058011319674,66.26506024096386,113.0,Priority for action,Low agreement,93.2649304299479,38.562177116808144,cumulative,hansen,77.0,91.33333333333333,187.0,False,0.031158955526955523,93.29608938547486,33.70498489513324,110.78699829995853,192.0,93.29608938547486,835.0,5.0,0.031158955526955523,4986.906498872606,77.0,NEWTON
NICOLL,community_spaces,community_spaces,31.229836094034965,67.46987951807229,109.0,Priority for action,Low agreement,81.74738012526868,33.781995450201094,cumulative,hansen,121.0,110.0,151.0,False,0.0006918541657702361,81.74807197943444,29.760028283796693,17.55851253364581,180.0,81.74807197943444,954.0,29.0,0.0006918541657702361,242.15008025600895,121.0,DOWNTOWN CORE
NICOLL,education_institutions,education_institutions,25.710017181391155,39.45783132530121,202.0,Priority for action,Low agreement,66.66480272501383,27.514836159324823,cumulative,hansen,216.0,170.66666666666666,136.0,False,0.0018639416528306275,66.66666666666666,24.75224933112395,39.52271432286946,216.0,66.66666666666666,264.0,80.0,0.0018639416528306275,298.26940269008577,216.0,DOWNTOWN CORE
NICOLL,emergency_services,emergency_services,18.19107577832409,78.3132530120482,73.0,Priority for action,Low agreement,77.77768575565165,35.48769063895583,cumulative,hansen,122.0,116.66666666666667,162.0,False,9.202212614060376e-05,77.77777777777779,5.270985232261381,3.0213711241743013,195.0,77.77777777777779,7.0,33.0,9.202212614060376e-05,23.00554689066796,122.0,DOWNTOWN CORE
NICOLL,essential_services,essential_services,31.451271269183756,57.22891566265061,143.0,Priority for action,Low agreement,76.26984340679617,31.254506657387193,cumulative,hansen,188.0,146.66666666666666,138.0,False,0.0013430338817957985,76.27118644067797,32.393262141767245,78.16746742320524,188.0,76.27118644067797,270.0,57.0,0.0013430338817957985,644.6703051587853,195.0,DOWNTOWN CORE
NICOLL,transport_services,transport_services,31.87369385614231,50.903614457831324,164.0,Priority for action,Low agreement,81.66131753502502,33.684678997527925,cumulative,hansen,48.0,104.0,180.0,False,0.23812380575710035,81.89944134078212,30.844736892517506,101.38547233609424,222.0,81.89944134078212,733.0,42.0,0.23812380575710035,38111.0706178536,48.0,DOWNTOWN CORE
NORTH COAST,community_spaces,community_spaces,20.340820303963856,27.40963855421687,242.0,Priority for action,Low agreement,30.978208949242998,13.288194880398786,2sfca,hansen,168.0,157.66666666666666,245.0,True,0.02351368127948792,31.001722630522487,31.001722630522487,18.291116197259015,168.0,24.164524421593832,282.0,275.0,0.02351368127948792,8229.826588676107,30.0,WOODLANDS
NORTH COAST,education_institutions,education_institutions,28.8154477951403,55.72289156626506,148.0,Priority for action,Low agreement,43.69001370490012,18.860182798795098,2sfca,hansen,255.0,205.0,152.0,False,0.000929966241591582,43.69094367114171,43.69094367114171,69.76273800861497,104.0,34.84848484848485,138.0,256.0,0.000929966241591582,148.81392611202628,255.0,WOODLANDS
NORTH COAST,emergency_services,emergency_services,10.920709253077785,41.86746987951807,194.0,Priority for action,Low agreement,33.33330744589778,14.141310292936677,cumulative,hansen,182.0,170.0,198.0,True,2.588743554983132e-05,33.33333333333333,8.50806964036091,4.8768939393939394,65.0,33.33333333333333,3.0,182.0,2.588743554983132e-05,6.471863207233669,263.0,WOODLANDS
NORTH COAST,essential_services,essential_services,29.599144051335127,51.50602409638554,162.0,Priority for action,Low agreement,46.09012776626961,19.36639421707877,2sfca,hansen,245.0,200.66666666666666,145.0,False,0.000509814770177497,46.090637581039786,46.090637581039786,111.22030241546192,106.0,32.7683615819209,116.0,245.0,0.000509814770177497,244.7164199799052,251.0,WOODLANDS
NORTH COAST,transport_services,transport_services,30.977092915357954,47.28915662650602,176.0,Priority for action,Low agreement,48.31247489820744,20.269779048119197,2sfca,hansen,206.0,187.0,167.0,False,0.00651626019209123,48.318991158399534,48.318991158399534,158.82267884043088,94.0,34.07821229050279,305.0,261.0,0.00651626019209123,1042.9098071715669,206.0,WOODLANDS
NORTH-EASTERN ISLANDS,community_spaces,community_spaces,35.16293847997113,82.53012048192771,59.0,Priority for action,Low agreement,64.76956619563413,27.843883707400277,2sfca,hansen,48.0,123.33333333333333,276.0,False,0.0022572096977218274,64.77182340533184,64.77182340533184,38.215584415584416,23.0,13.881748071979436,162.0,299.0,0.0022572096977218274,790.0270555565347,48.0,NORTH-EASTERN ISLANDS
NORTH-EASTERN ISLANDS,education_institutions,education_institutions,0.0,2.4096385542168677,318.0,Priority for action,High agreement,0.0,0.0,2sfca,2sfca,318.0,318.0,0.0,True,0.0,0.0,0.0,0.0,318.0,0.0,0.0,318.0,0.0,0.0,318.0,NORTH-EASTERN ISLANDS
NORTH-EASTERN ISLANDS,emergency_services,emergency_services,52.503087282736985,99.69879518072288,2.0,Needs improvement,Low agreement,87.22831060228297,35.61295930950522,2sfca,hansen,125.0,104.0,183.0,False,5.386588326162086e-05,87.22836446816623,87.22836446816623,50.0,2.0,44.44444444444444,4.0,125.0,5.386588326162086e-05,13.466479803879205,185.0,NORTH-EASTERN ISLANDS
NORTH-EASTERN ISLANDS,essential_services,essential_services,2.9326723697441857,6.325301204819277,312.0,Priority for action,High agreement,5.523921274393012,2.4292863154894784,2sfca,hansen,312.0,269.3333333333333,132.0,True,0.0015252589049388034,5.52544653329795,5.52544653329795,13.333333333333332,312.0,0.847457627118644,3.0,314.0,0.0015252589049388034,732.1402214948419,182.0,NORTH-EASTERN ISLANDS
NORTH-EASTERN ISLANDS,transport_services,transport_services,17.22756498466876,7.83132530120482,307.0,Priority for action,Low agreement,31.632853719893486,13.561319467185438,2sfca,hansen,239.0,256.6666666666667,103.0,True,0.004146119589675469,31.63699983948316,31.63699983948316,103.9896103896104,214.0,7.039106145251396,63.0,317.0,0.004146119589675469,663.5752186548294,239.0,NORTH-EASTERN ISLANDS
NORTHLAND,community_spaces,community_spaces,18.43999802556781,21.385542168674696,262.0,Priority for action,Moderate agreement,27.039324234457617,12.21032183475094,2sfca,hansen,219.0,180.66666666666666,225.0,True,0.002176526383477573,27.041500760841092,27.041500760841092,15.95457253971556,219.0,24.5929734361611,287.0,274.0,0.002176526383477573,761.787764696999,49.0,YISHUN
NORTHLAND,education_institutions,education_institutions,31.56903761864987,62.048192771084345,127.0,Priority for action,Low agreement,46.32989685461303,20.87325415298969,2sfca,hansen,81.0,119.0,170.0,False,0.02531350938121183,46.355210363994246,46.355210363994246,74.01685851188341,81.0,41.91919191919192,166.0,223.0,0.02531350938121183,4050.687590814846,53.0,YISHUN
NORTHLAND,emergency_services,emergency_services,10.280713835694932,37.95180722891566,207.0,Priority for action,Low agreement,33.33324210252376,14.317179376201484,cumulative,hansen,123.0,133.0,88.0,True,9.12308095695473e-05,33.33333333333333,7.228039599570792,4.143170426065163,94.0,33.33333333333333,3.0,182.0,9.12308095695473e-05,22.8077176158587,123.0,YISHUN
NORTHLAND,essential_services,essential_services,35.67975845862822,71.6867469879518,95.0,Priority for action,Low agreement,54.49906393352149,23.32100504314385,2sfca,hansen,63.0,99.33333333333333,141.0,False,0.015184244777848936,54.51424817829934,54.51424817829934,131.5471316204174,63.0,42.090395480225986,149.0,188.0,0.015184244777848936,7288.59625004599,47.0,YISHUN
NORTHLAND,transport_services,transport_services,26.229684075942572,26.506024096385545,245.0,Priority for action,Low agreement,39.08722506919375,17.242830793367304,2sfca,hansen,219.0,215.66666666666666,104.0,True,0.005634119419556279,39.0928591886133,39.0928591886133,128.49673536257194,162.0,33.40782122905028,299.0,266.0,0.005634119419556279,901.7255640839142,219.0,YISHUN
NORTHSHORE,community_spaces,community_spaces,11.604666636179333,10.843373493975903,297.0,Priority for action,Moderate agreement,17.210899234386925,7.644832774221603,2sfca,hansen,284.0,287.0,13.0,True,9.239626875593857e-05,17.21099163065568,17.21099163065568,10.154540492418755,282.0,14.995715509854326,175.0,295.0,9.239626875593857e-05,32.33884393786623,284.0,PUNGGOL
NORTHSHORE,education_institutions,education_institutions,27.52724830306399,49.6987951807229,168.0,Priority for action,Low agreement,39.3926906611088,18.54689132350824,cumulative,hansen,234.0,203.33333333333334,112.0,True,0.00124873283058688,39.39393939393939,39.29617160885387,62.7454638042248,132.0,39.39393939393939,156.0,234.0,0.00124873283058688,199.82320526665828,244.0,PUNGGOL
NORTHSHORE,emergency_services,emergency_services,3.3125814837073264,6.626506024096386,311.0,Priority for action,High agreement,11.11109542566769,4.80698502469343,cumulative,hansen,299.0,298.6666666666667,17.0,True,1.568544342002787e-05,11.11111111111111,2.180709111704156,1.25,307.0,11.11111111111111,1.0,299.0,1.568544342002787e-05,3.9213634724002344,290.0,PUNGGOL
NORTHSHORE,essential_services,essential_services,30.405271673259925,53.6144578313253,155.0,Priority for action,Low agreement,45.44218091893105,19.972854468431173,2sfca,hansen,211.0,187.33333333333334,123.0,False,0.0007067432317007585,45.442887662162754,45.442887662162754,109.65723135270164,114.0,38.4180790960452,136.0,211.0,0.0007067432317007585,339.24414046816156,237.0,PUNGGOL
NORTHSHORE,transport_services,transport_services,31.68520286802902,50.30120481927711,166.0,Priority for action,Moderate agreement,27.47191951714367,12.654963063441732,hansen,cumulative,282.0,197.33333333333334,290.0,False,22.793296089385475,50.265215606529146,24.09395793638636,79.19591969089224,282.0,22.793296089385475,204.0,300.0,50.265215606529146,8044811.712593537,10.0,PUNGGOL
ONE NORTH,community_spaces,community_spaces,31.108860400534496,67.16867469879519,110.0,Priority for action,Low agreement,53.81084779197841,22.9089200796109,cumulative,hansen,85.0,86.66666666666667,81.0,False,0.002348437670265971,53.813196229648675,40.69103324660737,24.00784066648755,85.0,53.813196229648675,628.0,128.0,0.002348437670265971,821.9569939252134,47.0,QUEENSTOWN
ONE NORTH,education_institutions,education_institutions,24.860678541454508,36.44578313253012,212.0,Priority for action,Low agreement,49.491817574472186,20.35154551014265,cumulative,hansen,171.0,171.33333333333334,17.0,False,0.00313192047730793,49.494949494949495,29.92149813264283,47.77662049976677,180.0,49.494949494949495,196.0,163.0,0.00313192047730793,501.1723669680606,171.0,QUEENSTOWN
ONE NORTH,emergency_services,emergency_services,20.66072325071156,87.04819277108435,44.0,Priority for action,Low agreement,77.77766914886972,34.51083774430606,cumulative,hansen,40.0,56.333333333333336,63.0,False,0.0001086289080598431,77.77777777777779,10.210270212967169,5.852608996637431,40.0,77.77777777777779,7.0,33.0,0.0001086289080598431,27.157245141612663,96.0,QUEENSTOWN
ONE NORTH,essential_services,essential_services,24.11455637269289,34.036144578313255,220.0,Priority for action,Low agreement,43.500771790720684,18.267037697096963,cumulative,hansen,183.0,176.33333333333334,50.0,False,0.002053068036374349,43.50282485875706,30.826750961061126,74.38735379494403,198.0,43.50282485875706,154.0,183.0,0.002053068036374349,985.494123016056,148.0,QUEENSTOWN
ONE NORTH,transport_services,transport_services,30.85461607368142,46.08433734939759,180.0,Priority for action,Low agreement,56.4177298648958,23.60064620848922,cumulative,hansen,161.0,168.33333333333334,60.0,False,0.006851140690800688,56.424581005586596,39.135289060713724,128.63620073194926,161.0,56.424581005586596,505.0,142.0,0.006851140690800688,1096.506524619787,202.0,QUEENSTOWN
ONE TREE HILL,community_spaces,community_spaces,26.30438147981821,49.6987951807229,168.0,Priority for action,Low agreement,71.464996609446,29.693119972047693,cumulative,hansen,207.0,170.33333333333334,186.0,False,0.00029902037404668354,71.46529562982005,24.022465295483972,14.17333189194184,245.0,71.46529562982005,834.0,59.0,0.00029902037404668354,104.6576159485506,207.0,RIVER VALLEY
ONE TREE HILL,education_institutions,education_institutions,27.108152170634966,48.19277108433735,173.0,Priority for action,Low agreement,73.73450067440862,30.642080389328388,cumulative,hansen,178.0,147.33333333333334,170.0,False,0.002873062965108759,73.73737373737373,24.719631008541374,39.47063159584629,217.0,73.73737373737373,292.0,47.0,0.002873062965108759,459.7497851891533,178.0,RIVER VALLEY
ONE TREE HILL,emergency_services,emergency_services,17.959938510276785,75.90361445783132,81.0,Priority for action,Low agreement,77.77771479466512,35.58554386123072,cumulative,hansen,163.0,142.33333333333334,198.0,False,6.298311267597233e-05,77.77777777777779,4.808728119574851,2.7564016297300773,231.0,77.77777777777779,7.0,33.0,6.298311267597233e-05,15.745788678837826,163.0,RIVER VALLEY
ONE TREE HILL,essential_services,essential_services,31.382361697529003,56.92771084337349,144.0,Priority for action,Low agreement,79.37731792887804,32.662803499795,cumulative,hansen,195.0,145.66666666666666,164.0,False,0.0012131445682791557,79.37853107344633,31.012583078938505,74.8357811857018,195.0,79.37853107344633,281.0,39.0,0.0012131445682791557,582.3220766318368,203.0,RIVER VALLEY
ONE TREE HILL,transport_services,transport_services,32.30471456700328,53.6144578313253,155.0,Priority for action,Low agreement,86.02608299479546,35.6368921547252,cumulative,hansen,198.0,153.0,201.0,False,0.007436558277165305,86.03351955307262,30.191559377811206,99.23850278733212,231.0,86.03351955307262,770.0,30.0,0.007436558277165305,1190.2010248564986,198.0,RIVER VALLEY
ORANGE GROVE,community_spaces,community_spaces,28.627769219196747,57.53012048192772,142.0,Priority for action,Low agreement,76.86347834541824,31.878704814121768,cumulative,hansen,217.0,160.33333333333334,184.0,False,0.0002748679493691007,76.86375321336762,26.509872232276827,15.640909995680891,224.0,76.86375321336762,897.0,40.0,0.0002748679493691007,96.20422813445428,217.0,NEWTON
ORANGE GROVE,education_institutions,education_institutions,28.914813600922844,56.024096385542165,147.0,Priority for action,Low agreement,77.26695023480832,32.02445507137267,cumulative,hansen,117.0,115.0,164.0,False,0.005777037918939647,77.27272727272727,26.91707007000342,42.979353373259606,196.0,77.27272727272727,306.0,32.0,0.005777037918939647,924.4461310166776,117.0,NEWTON
ORANGE GROVE,emergency_services,emergency_services,12.716029400401814,55.42168674698795,149.0,Priority for action,Low agreement,55.55546021868577,25.466299115009036,cumulative,hansen,117.0,166.0,197.0,False,9.533686978766367e-05,55.55555555555556,3.209779376459529,1.8398713514976712,289.0,55.55555555555556,5.0,92.0,9.533686978766367e-05,23.83423335555646,117.0,NEWTON
ORANGE GROVE,essential_services,essential_services,30.52169286589124,53.915662650602414,154.0,Priority for action,Low agreement,77.67986267512147,31.98751187234123,cumulative,hansen,93.0,115.0,160.0,False,0.0037531440875698753,77.68361581920904,29.96768751764632,72.3143667202335,206.0,77.68361581920904,275.0,46.0,0.0037531440875698753,1801.548402489552,93.0,NEWTON
ORANGE GROVE,transport_services,transport_services,31.089460481490953,47.59036144578313,175.0,Priority for action,Low agreement,82.89926419125291,34.34795151701213,cumulative,hansen,216.0,165.0,201.0,False,0.005763741707973402,82.90502793296089,29.01345154477276,95.36610732707354,240.0,82.90502793296089,742.0,39.0,0.005763741707973402,922.4712605160964,216.0,NEWTON
OXLEY,community_spaces,community_spaces,27.79837741070157,54.81927710843374,151.0,Priority for action,Low agreement,78.83373453408478,32.987727694707424,cumulative,hansen,99.0,126.66666666666667,207.0,False,0.0008841462922492823,78.83461868037703,24.062376861476974,14.19687984441832,244.0,78.83461868037703,920.0,37.0,0.0008841462922492823,309.45263643511475,99.0,RIVER VALLEY
OXLEY,education_institutions,education_institutions,24.291350617290313,34.63855421686747,218.0,Priority for action,Low agreement,69.44134413404146,29.098916926750494,cumulative,hansen,172.0,161.33333333333334,172.0,False,0.0031003104029865155,69.44444444444444,20.80306327056105,33.21692164958605,242.0,69.44444444444444,275.0,70.0,0.0031003104029865155,496.1140981255142,172.0,RIVER VALLEY
OXLEY,emergency_services,emergency_services,17.959950596029135,76.80722891566265,78.0,Priority for action,Low agreement,77.77767450882395,35.585533472927914,cumulative,hansen,104.0,122.66666666666667,198.0,False,0.00010326895384109141,77.77777777777779,4.808728119574851,2.7564016297300773,231.0,77.77777777777779,7.0,33.0,0.00010326895384109141,25.817255692521716,104.0,RIVER VALLEY
OXLEY,essential_services,essential_services,28.03541228732747,46.3855421686747,179.0,Priority for action,Low agreement,74.85575234208449,31.020956906843157,cumulative,hansen,109.0,134.33333333333334,166.0,False,0.003004720062410309,74.85875706214689,26.12551891775874,63.04291429436215,230.0,74.85875706214689,265.0,64.0,0.003004720062410309,1442.297045373646,109.0,RIVER VALLEY
OXLEY,transport_services,transport_services,30.328383856156663,44.57831325301205,185.0,Priority for action,Low agreement,84.12311127164371,35.07074801280844,cumulative,hansen,159.0,152.0,223.0,False,0.01096694064679667,84.1340782122905,26.99655626300904,88.73664955258822,260.0,84.1340782122905,753.0,37.0,0.01096694064679667,1755.229167965766,159.0,RIVER VALLEY
PANDAN,community_spaces,community_spaces,19.539478430848035,23.795180722891565,254.0,Priority for action,Moderate agreement,29.476916895384615,13.40931183452282,cumulative,hansen,214.0,216.33333333333334,67.0,True,0.0003753068433156337,29.477292202227932,27.28781479669891,16.099898614159418,214.0,29.477292202227932,344.0,251.0,0.0003753068433156337,131.35800393473588,184.0,CLEMENTI
PANDAN,education_institutions,education_institutions,17.36515017946286,19.27710843373494,269.0,Priority for action,Moderate agreement,29.29147525407922,12.591595052861884,cumulative,hansen,234.0,245.0,45.0,True,0.0014540388500752807,29.292929292929294,23.012256218443955,36.74441123629946,228.0,29.292929292929294,116.0,273.0,0.0014540388500752807,232.6764352529559,234.0,CLEMENTI
PANDAN,emergency_services,emergency_services,12.572866393818863,52.71084337349398,158.0,Priority for action,Low agreement,44.44437510621646,19.448669644816782,cumulative,hansen,125.0,121.66666666666667,60.0,False,6.933822797954695e-05,44.44444444444444,7.36791340692316,4.22334721729883,90.0,44.44444444444444,4.0,125.0,6.933822797954695e-05,17.33456856519471,150.0,CLEMENTI
PANDAN,essential_services,essential_services,17.197061279804004,17.46987951807229,275.0,Priority for action,Moderate agreement,26.27060123020788,11.861779932681731,cumulative,hansen,246.0,255.0,29.0,True,0.0005852104700886486,26.27118644067797,23.885296857054765,57.637083779841745,245.0,26.27118644067797,93.0,274.0,0.0005852104700886486,280.90714422611046,246.0,CLEMENTI
PANDAN,transport_services,transport_services,28.588423399718344,37.95180722891566,207.0,Priority for action,Low agreement,42.11805375171283,19.44467906998744,cumulative,hansen,212.0,198.33333333333334,73.0,False,0.004851276220129214,42.12290502793296,40.32477402253143,132.545992380061,155.0,42.12290502793296,377.0,212.0,0.004851276220129214,776.4336288185057,228.0,CLEMENTI
PANG SUA,community_spaces,community_spaces,22.214338047893534,34.63855421686747,218.0,Priority for action,Low agreement,36.20237328711894,14.825141723221602,2sfca,hansen,289.0,235.66666666666666,180.0,True,5.1080610382582645e-05,36.20242436772932,36.20242436772932,21.359546971776073,119.0,20.565552699228792,240.0,289.0,5.1080610382582645e-05,17.878296490269456,299.0,SUNGEI KADUT
PANG SUA,education_institutions,education_institutions,9.738077780194761,11.144578313253012,296.0,Priority for action,High agreement,14.12231020392329,6.490225265383574,2sfca,hansen,297.0,295.0,12.0,True,0.00019375183179957234,14.12250395575509,14.12250395575509,22.549857263479556,288.0,13.383838383838384,53.0,297.0,0.00019375183179957234,31.00431982578786,300.0,SUNGEI KADUT
PANG SUA,emergency_services,emergency_services,12.465386798188764,52.108433734939766,160.0,Priority for action,Low agreement,33.33327880927378,13.816481876817592,cumulative,hansen,182.0,133.0,151.0,True,5.45240595526783e-05,33.33333333333333,11.597407548608466,6.647727272727273,33.0,33.33333333333333,3.0,182.0,5.45240595526783e-05,13.631023986471904,184.0,SUNGEI KADUT
PANG SUA,essential_services,essential_services,10.657385832993237,10.843373493975903,297.0,Priority for action,Moderate agreement,16.229844285850195,6.9711583405611295,2sfca,hansen,298.0,296.0,10.0,True,0.00011351089026054287,16.229957796740454,16.229957796740454,39.164153699757414,290.0,12.711864406779661,45.0,298.0,0.00011351089026054287,54.48641412178146,300.0,SUNGEI KADUT
PANG SUA,transport_services,transport_services,24.46029405694649,21.686746987951807,261.0,Priority for action,Low agreement,40.24724991514877,16.447120165612624,2sfca,hansen,292.0,249.66666666666666,145.0,False,0.0018419608073103311,40.24909187595608,40.24909187595608,132.29722805424785,156.0,21.675977653631286,194.0,301.0,0.0018419608073103311,294.80084185421464,292.0,SUNGEI KADUT
PARK,community_spaces,community_spaces,20.26886195255965,25.903614457831324,247.0,Priority for action,Low agreement,32.73342753053857,14.347424291438916,cumulative,hansen,231.0,242.0,75.0,True,7.718240058631944e-05,32.73350471293916,27.444275710503284,16.192211057207583,210.0,32.73350471293916,382.0,231.0,7.718240058631944e-05,27.01396540052853,285.0,TENGAH
PARK,education_institutions,education_institutions,28.495300479780727,54.21686746987952,153.0,Priority for action,Low agreement,46.969057502460494,20.391525324903686,cumulative,hansen,184.0,200.0,138.0,False,0.0006394672364767268,46.96969696969697,38.20233849134078,60.99890520900235,139.0,46.96969696969697,186.0,184.0,0.0006394672364767268,102.32804786251788,277.0,TENGAH
PARK,emergency_services,emergency_services,12.50127483052482,52.40963855421686,159.0,Priority for action,Low agreement,44.44442234640091,19.473082584602103,cumulative,hansen,125.0,167.0,174.0,False,2.2098043529185916e-05,44.44444444444444,7.224758624445743,4.141289744738021,101.0,44.44444444444444,4.0,125.0,2.2098043529185916e-05,5.524514569745333,275.0,TENGAH
PARK,essential_services,essential_services,28.80343101181061,49.096385542168676,170.0,Priority for action,Low agreement,42.09006403264024,19.537777224092977,cumulative,hansen,188.0,201.0,135.0,False,0.0003314475857469245,42.090395480225986,40.77050496297937,98.38240756901588,140.0,42.090395480225986,149.0,188.0,0.0003314475857469245,159.0983065608918,275.0,TENGAH
PARK,transport_services,transport_services,25.823187113739266,25.0,250.0,Priority for action,Low agreement,39.66351335513966,17.852424214224275,cumulative,hansen,226.0,237.66666666666666,129.0,True,0.001291114134080226,39.66480446927375,35.77967777128859,117.60643456016427,179.0,39.66480446927375,355.0,226.0,0.001291114134080226,206.639322696837,308.0,TENGAH
PASIR PANJANG 1,community_spaces,community_spaces,28.83905337476166,59.036144578313255,137.0,Priority for action,Low agreement,45.32834183686644,20.143432793677007,cumulative,hansen,94.0,109.33333333333333,112.0,False,0.0015639043503584771,45.3299057412168,39.54520611042639,23.33179896584914,94.0,45.3299057412168,529.0,173.0,0.0015639043503584771,547.3690593890165,61.0,QUEENSTOWN
PASIR PANJANG 1,education_institutions,education_institutions,13.375992954044921,13.253012048192772,289.0,Priority for action,Moderate agreement,22.968222222323472,9.80189250963106,cumulative,hansen,264.0,204.66666666666666,218.0,True,0.011575757474508439,22.97979797979798,17.553121261685945,28.02763449170532,264.0,22.97979797979798,91.0,284.0,0.011575757474508439,1852.3617745027489,66.0,QUEENSTOWN
PASIR PANJANG 1,emergency_services,emergency_services,12.435417868296522,51.80722891566265,161.0,Priority for action,Low agreement,44.444404691633196,19.49570759449541,cumulative,hansen,125.0,149.0,114.0,False,3.9752811243907054e-05,44.44444444444444,7.09303410712852,4.0657841920887465,104.0,44.44444444444444,4.0,125.0,3.9752811243907054e-05,9.938209444435424,218.0,QUEENSTOWN
PASIR PANJANG 1,essential_services,essential_services,12.973445368134112,12.951807228915662,290.0,Priority for action,Moderate agreement,20.338702408990493,9.050961796768828,cumulative,hansen,284.0,284.0,6.0,True,0.0002806418569689007,20.33898305084746,17.811129130815058,42.97964342122699,281.0,20.33898305084746,72.0,287.0,0.0002806418569689007,134.7110255554801,284.0,QUEENSTOWN
PASIR PANJANG 1,transport_services,transport_services,34.97895841875761,63.55421686746988,122.0,Priority for action,Moderate agreement,22.727217943040937,9.853920056203815,hansen,2sfca,257.0,182.0,259.0,False,27.29596336184576,50.0231813048867,27.29596336184576,89.72078925337796,257.0,31.620111731843576,283.0,274.0,50.0231813048867,8006074.777693179,15.0,QUEENSTOWN
PASIR PANJANG 2,community_spaces,community_spaces,27.218547502823583,52.71084337349398,158.0,Priority for action,Low agreement,46.123210425382794,19.7001476836398,cumulative,hansen,121.0,104.0,143.0,False,0.32066275370889524,46.44387317909169,35.66714808178515,21.04373223913916,121.0,46.44387317909169,542.0,167.0,0.32066275370889524,112232.48393579636,24.0,QUEENSTOWN
PASIR PANJANG 2,education_institutions,education_institutions,13.584270503472318,13.55421686746988,288.0,Priority for action,Moderate agreement,29.797334462606493,12.165827463790174,cumulative,hansen,276.0,276.3333333333333,9.0,True,0.000645335373301221,29.797979797979796,15.248961886528736,24.34850894959991,281.0,29.797979797979796,118.0,272.0,0.000645335373301221,103.2670717117288,276.0,QUEENSTOWN
PASIR PANJANG 2,emergency_services,emergency_services,20.188601320076714,86.44578313253012,46.0,Priority for action,Low agreement,77.77771992761392,34.687635265432185,cumulative,hansen,49.0,86.0,143.0,False,5.785016387214495e-05,77.77777777777779,9.266056818943992,5.311378285858848,49.0,77.77777777777779,7.0,33.0,5.785016387214495e-05,14.462550621357815,176.0,QUEENSTOWN
PASIR PANJANG 2,essential_services,essential_services,13.415136429857128,14.156626506024098,286.0,Priority for action,Moderate agreement,26.55330891717415,10.928075483582074,cumulative,hansen,272.0,278.6666666666667,20.0,True,0.00036339921002877425,26.55367231638418,16.208585893634563,39.112581631081824,292.0,26.55367231638418,94.0,272.0,0.00036339921002877425,174.43542028177322,272.0,QUEENSTOWN
PASIR PANJANG 2,transport_services,transport_services,21.870066578976466,15.66265060240964,281.0,Priority for action,Low agreement,41.22518303100989,17.117827996844145,cumulative,hansen,242.0,239.33333333333334,42.0,False,0.0038672483197204396,41.22905027932961,27.246192697229255,89.55719497931398,259.0,41.22905027932961,369.0,217.0,0.0038672483197204396,618.9426266770753,242.0,QUEENSTOWN
PASIR RIS CENTRAL,community_spaces,community_spaces,60.43166339184195,99.09638554216868,4.0,Adequate,Low agreement,97.72551991793517,40.120076276968305,2sfca,hansen,89.0,65.33333333333333,101.0,False,0.0009750494477085063,97.72649496738288,97.72649496738288,57.65894677218207,3.0,57.84061696658098,675.0,104.0,0.0009750494477085063,341.2688882971954,89.0,PASIR RIS
PASIR RIS CENTRAL,education_institutions,education_institutions,43.020532763821336,86.74698795180723,45.0,Needs improvement,Low agreement,67.04031941390843,28.1478030606779,2sfca,hansen,101.0,97.0,168.0,False,0.006779452397024766,67.04709886630546,67.04709886630546,107.05626382561368,11.0,47.474747474747474,188.0,179.0,0.006779452397024766,1084.8532806569517,101.0,PASIR RIS
PASIR RIS CENTRAL,emergency_services,emergency_services,16.55750521741744,73.49397590361446,89.0,Priority for action,Low agreement,44.44434945476666,18.432336736006356,cumulative,hansen,118.0,84.0,116.0,False,9.49896777805939e-05,44.44444444444444,15.337175663250433,8.791392431098313,9.0,44.44444444444444,4.0,125.0,9.49896777805939e-05,23.7474352958539,118.0,PASIR RIS
PASIR RIS CENTRAL,essential_services,essential_services,39.65451691057221,79.21686746987952,70.0,Priority for action,Low agreement,64.05026834743687,26.30644529256565,2sfca,hansen,117.0,120.66666666666667,183.0,False,0.002830115982476759,64.05309846341935,64.05309846341935,154.56512115335644,31.0,38.13559322033898,135.0,214.0,0.002830115982476759,1358.4852614577987,117.0,PASIR RIS
PASIR RIS CENTRAL,transport_services,transport_services,43.95764047414284,84.93975903614458,51.0,Needs improvement,Low agreement,70.39284167363724,29.01322504762566,2sfca,hansen,80.0,99.66666666666667,185.0,False,0.029736837158073185,70.4225785107953,70.4225785107953,231.47632642555243,17.0,43.687150837988824,391.0,202.0,0.029736837158073185,4759.3003029649735,80.0,PASIR RIS
PASIR RIS DRIVE,community_spaces,community_spaces,63.111131702927324,99.69879518072288,2.0,Adequate,Low agreement,94.28537361520657,38.54096228600911,2sfca,hansen,9.0,39.666666666666664,108.0,False,5.714626384793432,100.0,100.0,59.00032206355736,1.0,56.98371893744645,665.0,109.0,5.714626384793432,2000128.5042061785,9.0,PASIR RIS
PASIR RIS DRIVE,education_institutions,education_institutions,41.17252663289627,82.2289156626506,60.0,Needs improvement,Low agreement,64.25639268386364,26.946282230466377,2sfca,hansen,133.0,117.0,178.0,False,0.004907813200514269,64.26130049706416,64.26130049706416,102.60808977743962,20.0,45.20202020202021,179.0,198.0,0.004907813200514269,785.3521110002933,133.0,PASIR RIS
PASIR RIS DRIVE,emergency_services,emergency_services,16.557571282329782,74.09638554216868,87.0,Priority for action,Low agreement,44.4441292383922,18.432257377709536,cumulative,hansen,25.0,52.333333333333336,118.0,False,0.00031520605224547287,44.44444444444444,15.337175663250434,8.791392431098314,7.0,44.44444444444444,4.0,125.0,0.00031520605224547287,78.80156565906513,25.0,PASIR RIS
PASIR RIS DRIVE,essential_services,essential_services,39.198786627681656,78.91566265060241,71.0,Priority for action,Low agreement,63.46843502791861,26.04240719723615,2sfca,hansen,54.0,103.0,187.0,False,0.008677493847852396,63.477112521766465,63.477112521766465,153.17522216345745,34.0,37.28813559322034,132.0,221.0,0.008677493847852396,4165.28777325295,54.0,PASIR RIS
PASIR RIS DRIVE,transport_services,transport_services,48.91899043004315,92.7710843373494,25.0,Needs improvement,Low agreement,79.32055077143033,32.53103911278933,2sfca,hansen,175.0,124.0,181.0,False,0.009147995354116993,79.32969876678445,79.32969876678445,260.75369058186396,8.0,46.25698324022346,414.0,189.0,0.009147995354116993,1464.1118969355869,175.0,PASIR RIS
PASIR RIS PARK,community_spaces,community_spaces,65.56193584260319,100.0,1.0,Adequate,Low agreement,60.45054588704853,24.956790181345657,2sfca,hansen,6.0,47.333333333333336,132.0,False,30.867486721535037,91.31803260858356,91.31803260858356,53.877933341168635,6.0,53.213367609254504,621.0,134.0,30.867486721535037,10803670.421785526,2.0,PASIR RIS
PASIR RIS PARK,education_institutions,education_institutions,35.233328812729056,71.3855421686747,96.0,Priority for action,Low agreement,54.69810547342835,23.04018777243712,2sfca,hansen,100.0,127.66666666666667,185.0,False,0.0068602465337569115,54.704965719962104,54.704965719962104,87.34918201853186,49.0,39.39393939393939,156.0,234.0,0.0068602465337569115,1097.7820216759433,100.0,PASIR RIS
PASIR RIS PARK,emergency_services,emergency_services,16.55750908357084,73.79518072289156,88.0,Priority for action,Low agreement,44.444336567588664,18.432332091910414,cumulative,hansen,99.0,77.0,118.0,False,0.00010787685577770972,44.44444444444444,15.337175663250434,8.791392431098314,7.0,44.44444444444444,4.0,125.0,0.00010787685577770972,26.969231945586113,99.0,PASIR RIS
PASIR RIS PARK,essential_services,essential_services,32.31248163309745,59.93975903614458,134.0,Priority for action,Low agreement,52.079584662793685,21.408480807100474,2sfca,hansen,159.0,164.66666666666666,173.0,False,0.0018785762782972148,52.08146323907198,52.08146323907198,125.67663186486716,81.0,31.35593220338983,111.0,254.0,0.0018785762782972148,901.7362547656536,159.0,PASIR RIS
PASIR RIS PARK,transport_services,transport_services,38.816557498849754,74.69879518072288,85.0,Priority for action,Low agreement,62.283621259022794,25.65083020704702,2sfca,hansen,145.0,139.0,210.0,False,0.0124280000807642,62.29604925910356,62.29604925910356,204.76473509290847,31.0,38.324022346368714,343.0,241.0,0.0124280000807642,1989.067775944412,145.0,PASIR RIS
PASIR RIS WAFER FAB PARK,community_spaces,community_spaces,42.2556071678189,92.7710843373494,25.0,Needs improvement,Low agreement,68.02433657812128,27.97772124033878,2sfca,hansen,197.0,165.33333333333334,259.0,False,9.97981050644573e-05,68.02443637622635,68.02443637622635,40.134636543893215,20.0,41.216795201371035,481.0,197.0,9.97981050644573e-05,34.92949865215019,279.0,PASIR RIS
PASIR RIS WAFER FAB PARK,education_institutions,education_institutions,25.137981683101188,37.04819277108434,210.0,Priority for action,Low agreement,36.537850538028295,16.730782561223602,2sfca,hansen,258.0,229.66666666666666,137.0,True,0.00046193175021948084,36.53831246977851,36.53831246977851,58.34190122539549,147.0,34.34343434343434,136.0,258.0,0.00046193175021948084,73.91868034727064,284.0,PASIR RIS
PASIR RIS WAFER FAB PARK,emergency_services,emergency_services,6.817572014216632,18.97590361445783,270.0,Priority for action,Moderate agreement,22.222212394849613,9.555470474373958,cumulative,hansen,252.0,264.0,68.0,True,9.827372608468474e-06,22.22222222222222,4.746249243120809,2.7205882352941178,236.0,22.22222222222222,2.0,252.0,9.827372608468474e-06,2.456844791987807,304.0,PASIR RIS
PASIR RIS WAFER FAB PARK,essential_services,essential_services,23.863080490064597,32.22891566265061,226.0,Priority for action,Low agreement,36.08741155915356,15.626726278386897,2sfca,hansen,264.0,241.33333333333334,124.0,True,0.0002070886747419182,36.0876186478283,36.0876186478283,87.08223774097723,168.0,29.09604519774011,103.0,264.0,0.0002070886747419182,99.4047290618536,292.0,PASIR RIS
PASIR RIS WAFER FAB PARK,transport_services,transport_services,21.250484075243023,13.855421686746988,287.0,Priority for action,Low agreement,31.907352041198926,13.939180025917663,2sfca,hansen,288.0,270.3333333333333,105.0,True,0.0008983364608734336,31.9082503776598,31.9082503776598,104.88120055069004,209.0,26.480446927374302,237.0,288.0,0.0008983364608734336,143.7763191718149,314.0,PASIR RIS
PASIR RIS WEST,community_spaces,community_spaces,55.62898667120815,98.19277108433735,7.0,Needs improvement,Low agreement,90.0737692809098,36.961431455255905,2sfca,hansen,84.0,75.33333333333333,128.0,False,0.0010529883130296297,90.07482226922284,90.07482226922284,53.14443523701836,7.0,52.95629820051414,618.0,135.0,0.0010529883130296297,368.5476175819447,84.0,PASIR RIS
PASIR RIS WEST,education_institutions,education_institutions,36.458758617288325,74.09638554216868,87.0,Priority for action,Low agreement,56.396064223008665,23.816531589503217,2sfca,hansen,50.0,106.0,184.0,False,0.035504091825954535,56.43156831483462,56.43156831483462,90.10610403371474,42.0,41.16161616161616,163.0,226.0,0.035504091825954535,5681.392572508646,50.0,PASIR RIS
PASIR RIS WEST,emergency_services,emergency_services,11.609375986857163,45.48192771084337,182.0,Priority for action,Low agreement,33.33330707268174,13.978695988078831,cumulative,hansen,182.0,162.33333333333334,217.0,True,2.626065158703823e-05,33.33333333333333,9.885402883990043,5.666392431098314,44.0,33.33333333333333,3.0,182.0,2.626065158703823e-05,6.565167278813084,261.0,PASIR RIS
PASIR RIS WEST,essential_services,essential_services,31.507586836482076,57.53012048192772,142.0,Priority for action,Low agreement,50.470176816752506,20.805307635915803,2sfca,hansen,176.0,174.0,162.0,False,0.001639984284820968,50.47181680103733,50.47181680103733,121.79242949718652,92.0,31.35593220338983,111.0,254.0,0.001639984284820968,787.2096033329226,176.0,PASIR RIS
PASIR RIS WEST,transport_services,transport_services,49.444874456408336,93.67469879518072,22.0,Needs improvement,Moderate agreement,18.51085102764096,7.8863359865329485,2sfca,cumulative,52.0,107.66666666666667,237.0,False,35.977653631284916,54.488504658925876,54.488504658925876,179.101634129121,52.0,35.977653631284916,322.0,254.0,50.016971335628035,8005080.888920912,17.0,PASIR RIS
PATERSON,community_spaces,community_spaces,26.060124926608985,48.493975903614455,172.0,Priority for action,Low agreement,72.57892643171161,30.27670132436176,cumulative,hansen,195.0,167.66666666666666,198.0,False,0.0003366359833349335,72.57926306769494,23.08834264454999,13.62219651942215,253.0,72.57926306769494,847.0,55.0,0.0003366359833349335,117.8231402146188,195.0,RIVER VALLEY
PATERSON,education_institutions,education_institutions,26.370211359396407,44.27710843373494,186.0,Priority for action,Low agreement,73.23010222163437,30.534003182151633,cumulative,hansen,204.0,160.0,170.0,False,0.0022210106888639076,73.23232323232324,23.446160819450203,37.43724069836314,223.0,73.23232323232324,290.0,53.0,0.0022210106888639076,355.4078694092738,204.0,RIVER VALLEY
PATERSON,emergency_services,emergency_services,15.273738385057221,66.86746987951807,111.0,Priority for action,Low agreement,66.66659448666273,30.55334830493935,cumulative,hansen,148.0,161.33333333333334,196.0,False,7.218000392888152e-05,66.66666666666666,3.880766795445423,2.224486736113056,266.0,66.66666666666666,6.0,70.0,7.218000392888152e-05,18.04501302672886,148.0,RIVER VALLEY
PATERSON,essential_services,essential_services,29.690068173843454,51.80722891566265,161.0,Priority for action,Low agreement,77.1170997586983,31.835874072196955,cumulative,hansen,181.0,147.66666666666666,162.0,False,0.0015443090983062533,77.11864406779661,28.53175213510928,68.84934267464448,212.0,77.11864406779661,273.0,50.0,0.0015443090983062533,741.2845134877635,181.0,RIVER VALLEY
PATERSON,transport_services,transport_services,32.520643621677294,55.12048192771084,150.0,Priority for action,Low agreement,87.79520560114096,36.44703842782924,cumulative,hansen,84.0,112.66666666666667,212.0,False,0.026023449138361323,87.82122905027933,29.897181553759843,98.2708941207152,233.0,87.82122905027933,786.0,21.0,0.026023449138361323,4164.982600873945,84.0,RIVER VALLEY
PAYA LEBAR EAST,community_spaces,community_spaces,31.5378626912965,69.27710843373494,103.0,Priority for action,Low agreement,49.77649907296103,20.69971872099212,2sfca,hansen,224.0,181.0,233.0,False,0.00010556091500982615,49.77660463387604,49.77660463387604,29.368357046290484,43.0,33.24764353041988,388.0,224.0,0.00010556091500982615,36.946491480714904,276.0,PAYA LEBAR
PAYA LEBAR EAST,education_institutions,education_institutions,41.20500158265401,82.53012048192771,59.0,Needs improvement,Low agreement,63.317169040654804,26.935981708376406,2sfca,hansen,175.0,148.33333333333334,222.0,False,0.0012031460900845284,63.31837218674489,63.31837218674489,101.1024857518356,24.0,47.72727272727273,189.0,175.0,0.0012031460900845284,192.52837935857505,246.0,PAYA LEBAR
PAYA LEBAR EAST,emergency_services,emergency_services,8.150252358047332,22.590361445783135,258.0,Priority for action,Moderate agreement,22.222129809626114,9.238257501147618,cumulative,hansen,121.0,153.0,166.0,True,9.241259610530257e-05,22.22222222222222,7.411560379648111,4.248366013071895,86.0,22.22222222222222,2.0,252.0,9.241259610530257e-05,23.10316444699947,121.0,PAYA LEBAR
PAYA LEBAR EAST,essential_services,essential_services,36.4856096431446,72.89156626506023,91.0,Priority for action,Low agreement,58.05508991228208,24.01861972203233,2sfca,hansen,221.0,171.33333333333334,203.0,False,0.000546960449359992,58.05563687273144,58.05563687273144,140.09277868101398,45.0,37.28813559322034,132.0,221.0,0.000546960449359992,262.54673435878726,248.0,PAYA LEBAR
PAYA LEBAR EAST,transport_services,transport_services,35.85010505200138,67.16867469879519,110.0,Priority for action,Low agreement,55.96493218492867,23.465171205850453,2sfca,hansen,230.0,186.0,236.0,False,0.002146464784438011,55.96707864971311,55.96707864971311,183.96165037637232,46.0,39.32960893854748,352.0,230.0,0.002146464784438011,343.5358792387927,282.0,PAYA LEBAR
PAYA LEBAR NORTH,community_spaces,community_spaces,49.512475716722705,96.08433734939759,14.0,Needs improvement,Low agreement,78.90475874293257,32.616071876520216,2sfca,hansen,149.0,142.33333333333334,248.0,False,0.00014185402125815302,78.90490059695382,78.90490059695382,46.55414547613255,15.0,50.29991431019709,587.0,149.0,0.00014185402125815302,49.64913753761647,263.0,PAYA LEBAR
PAYA LEBAR NORTH,education_institutions,education_institutions,38.919857127864006,77.71084337349397,75.0,Priority for action,Low agreement,58.54555484353491,25.517408953969277,2sfca,hansen,171.0,157.33333333333334,229.0,False,0.0007688245398723822,58.546323668074784,58.546323668074784,93.48280206914434,36.0,48.23232323232323,191.0,171.0,0.0007688245398723822,123.02790483434356,265.0,PAYA LEBAR
PAYA LEBAR NORTH,emergency_services,emergency_services,10.353817466327904,39.45783132530121,202.0,Priority for action,Low agreement,33.333302835821804,14.295923898255458,cumulative,hansen,182.0,172.33333333333334,157.0,True,3.0497511526987827e-05,33.33333333333333,7.374283300815561,4.226998491704374,89.0,33.33333333333333,3.0,182.0,3.0497511526987827e-05,7.624382970795395,246.0,PAYA LEBAR
PAYA LEBAR NORTH,essential_services,essential_services,37.4971622970979,75.30120481927712,83.0,Priority for action,Low agreement,58.3835933202047,24.533843620183724,2sfca,hansen,192.0,169.66666666666666,229.0,False,0.0003511140410466378,58.38394443424575,58.38394443424575,140.8850104268366,44.0,41.52542372881356,147.0,192.0,0.0003511140410466378,168.53841072453753,273.0,PAYA LEBAR
PAYA LEBAR NORTH,transport_services,transport_services,31.36456385292223,48.493975903614455,172.0,Priority for action,Low agreement,47.842058225051574,20.510610767373567,2sfca,hansen,247.0,204.66666666666666,169.0,False,0.002742447841921988,47.8448006728935,47.8448006728935,157.26403282189494,99.0,37.20670391061452,333.0,247.0,0.002742447841921988,438.9213545322005,268.0,PAYA LEBAR
PAYA LEBAR WEST,community_spaces,community_spaces,17.163870123827202,18.67469879518072,271.0,Priority for action,Moderate agreement,29.991333517031567,12.722834694583335,cumulative,hansen,261.0,262.3333333333333,36.0,True,9.750267708444964e-05,29.991431019708653,22.33110933816469,13.1754264298823,261.0,29.991431019708653,350.0,245.0,9.750267708444964e-05,34.126095135800846,281.0,PAYA LEBAR
PAYA LEBAR WEST,education_institutions,education_institutions,39.408420079174775,78.91566265060241,71.0,Priority for action,Low agreement,63.88777072054143,27.950713259771263,cumulative,hansen,86.0,128.66666666666666,196.0,False,0.0011181683474564199,63.888888888888886,53.260613701785516,85.0429385966755,52.0,63.888888888888886,253.0,86.0,0.0011181683474564199,178.9301744484877,248.0,PAYA LEBAR
PAYA LEBAR WEST,emergency_services,emergency_services,9.766702914814129,31.92771084337349,227.0,Priority for action,Low agreement,33.33330470215887,14.47512928040077,cumulative,hansen,182.0,197.0,97.0,True,2.8631174462368232e-05,33.33333333333333,6.200055317590246,3.5539215686274512,156.0,33.33333333333333,3.0,182.0,2.8631174462368232e-05,7.157798393209195,253.0,PAYA LEBAR
PAYA LEBAR WEST,essential_services,essential_services,38.18340891746821,77.10843373493977,77.0,Priority for action,Low agreement,55.6491141114796,25.877190083660622,cumulative,hansen,122.0,145.33333333333334,174.0,False,0.0006034026447027815,55.6497175141243,54.10656878769989,130.56336946196822,70.0,55.6497175141243,197.0,122.0,0.0006034026447027815,289.6395782465487,244.0,PAYA LEBAR
PAYA LEBAR WEST,transport_services,transport_services,35.38559954586589,65.96385542168674,114.0,Priority for action,Low agreement,54.29334951273278,24.449590883799488,cumulative,hansen,151.0,139.0,96.0,False,0.008326464920850228,54.30167597765363,49.0455328217178,161.21079354421502,85.0,54.30167597765363,486.0,151.0,0.008326464920850228,1332.6281746029993,181.0,PAYA LEBAR
PEARL'S HILL,community_spaces,community_spaces,20.313582830623513,26.80722891566265,244.0,Priority for action,Low agreement,58.86822401008141,24.72857606903719,cumulative,hansen,124.0,168.33333333333334,187.0,False,0.0006705914610110551,58.86889460154242,17.07920546575345,10.076786230691228,284.0,58.86889460154242,687.0,97.0,0.0006705914610110551,234.7080991006835,124.0,OUTRAM
PEARL'S HILL,education_institutions,education_institutions,20.664480706134345,25.903614457831324,247.0,Priority for action,Low agreement,59.08791861577223,24.76155083843651,cumulative,hansen,174.0,181.33333333333334,154.0,False,0.002990475136859825,59.09090909090909,17.690803490822933,28.247476144749545,262.0,59.09090909090909,234.0,108.0,0.002990475136859825,478.5381728425722,174.0,OUTRAM
PEARL'S HILL,emergency_services,emergency_services,23.727251159865954,96.6867469879518,12.0,Priority for action,Low agreement,99.99989843394395,45.48531788651023,cumulative,hansen,83.0,64.0,107.0,False,0.00010156605605239551,100.0,7.454441380098276,4.272945747377136,83.0,100.0,9.0,1.0,0.00010156605605239551,25.391530961189165,108.0,OUTRAM
PEARL'S HILL,essential_services,essential_services,23.4968880620645,31.024096385542173,230.0,Priority for action,Low agreement,62.4274405291552,25.85185692145514,cumulative,hansen,154.0,166.33333333333334,163.0,False,0.0019380019182431108,62.42937853107344,22.02086191054868,53.13805687400296,254.0,62.42937853107344,221.0,91.0,0.0019380019182431108,930.2611832558804,154.0,OUTRAM
PEARL'S HILL,transport_services,transport_services,27.84808148209379,33.433734939759034,222.0,Priority for action,Low agreement,76.86384270515873,32.01803891582428,cumulative,hansen,191.0,173.66666666666666,214.0,False,0.007665674729537812,76.87150837988827,24.94296020739455,81.98655773590221,272.0,76.87150837988827,688.0,58.0,0.007665674729537812,1226.8704929439846,191.0,OUTRAM
PEI CHUN,community_spaces,community_spaces,36.3803464646773,84.63855421686746,52.0,Priority for action,Low agreement,82.26163852561164,33.58855912220666,cumulative,hansen,91.0,85.0,110.0,False,0.0005722713035185121,82.26221079691517,39.85546524780643,23.514852856134972,91.0,82.26221079691517,960.0,27.0,0.0005722713035185121,200.29588449603895,137.0,TOA PAYOH
PEI CHUN,education_institutions,education_institutions,40.83310156962007,81.62650602409639,62.0,Needs improvement,Low agreement,92.1617890434332,37.629877623370234,cumulative,hansen,77.0,58.666666666666664,89.0,False,0.009928128283975437,92.17171717171718,44.79155939358287,71.52012660774338,94.0,92.17171717171718,365.0,5.0,0.009928128283975437,1588.7068613949702,77.0,TOA PAYOH
PEI CHUN,emergency_services,emergency_services,19.022739255397084,84.33734939759037,53.0,Priority for action,Low agreement,77.7776657610353,35.14453738750205,cumulative,hansen,92.0,77.33333333333333,74.0,False,0.00011201674249691785,77.77777777777779,6.9343001896375585,3.974796634051424,107.0,77.77777777777779,7.0,33.0,0.00011201674249691785,28.004204316201363,92.0,TOA PAYOH
PEI CHUN,essential_services,essential_services,68.18708122223286,99.69879518072288,2.0,Adequate,Low agreement,43.6303348495944,18.620180944327014,cumulative,2sfca,2.0,19.0,53.0,False,56.3696651504056,100.0,56.3696651504056,136.0243974508499,54.0,100.0,354.0,1.0,66.67416215676687,32004294.937322035,2.0,TOA PAYOH
PEI CHUN,transport_services,transport_services,52.45173051892533,94.27710843373494,20.0,Needs improvement,Low agreement,39.75548127814997,17.19112205692244,cumulative,2sfca,42.0,71.0,119.0,False,42.143960062632146,81.89944134078212,42.143960062632146,138.525587426877,145.0,81.89944134078212,733.0,42.0,49.99954073150945,8002291.167908503,26.0,TOA PAYOH
PENG SIANG,community_spaces,community_spaces,27.269522330836523,53.01204819277109,157.0,Priority for action,Low agreement,41.29296524189904,18.7383987679946,cumulative,hansen,105.0,111.33333333333333,161.0,False,0.009519762385453318,41.30248500428449,38.01233880252797,22.42740231738209,105.0,41.30248500428449,482.0,195.0,0.009519762385453318,3331.9322766370597,34.0,CHOA CHU KANG
PENG SIANG,education_institutions,education_institutions,31.80787064958728,62.34939759036144,126.0,Priority for action,Low agreement,46.69957639023962,21.60288299574222,cumulative,hansen,93.0,112.33333333333333,130.0,False,0.017595326932095354,46.717171717171716,44.91831541614662,71.722522034578,93.0,46.717171717171716,185.0,187.0,0.017595326932095354,2815.6179922278657,57.0,CHOA CHU KANG
PENG SIANG,emergency_services,emergency_services,14.76673951834221,63.85542168674698,121.0,Priority for action,Low agreement,44.44439465940699,18.80323476855849,cumulative,hansen,125.0,114.33333333333333,164.0,False,4.978503745684206e-05,44.44444444444444,11.755671387884165,6.73844537815126,27.0,44.44444444444444,4.0,125.0,4.978503745684206e-05,12.446267671723309,191.0,CHOA CHU KANG
PENG SIANG,essential_services,essential_services,31.10756290626432,55.72289156626506,148.0,Priority for action,Low agreement,46.04224283241563,20.501845261934815,2sfca,hansen,107.0,120.0,147.0,False,0.00918180607345603,46.05142463848909,46.05142463848909,111.12567852744516,107.0,40.3954802259887,143.0,200.0,0.00918180607345603,4407.362914306341,53.0,CHOA CHU KANG
PENG SIANG,transport_services,transport_services,31.530086239461234,50.0,167.0,Priority for action,Low agreement,46.36008107170471,20.834566376902345,2sfca,hansen,112.0,145.0,105.0,False,0.018562716103278823,46.37864378780799,46.37864378780799,152.4448311269286,112.0,41.675977653631286,373.0,214.0,0.018562716103278823,2970.912471442948,109.0,CHOA CHU KANG
PENJURU CRESCENT,community_spaces,community_spaces,9.900386233054071,9.33734939759036,302.0,Priority for action,High agreement,14.4815475789642,6.717854392733722,cumulative,hansen,297.0,299.0,12.0,True,2.9113409407705726e-05,14.481576692373608,14.008124321113053,8.26483846452021,294.0,14.481576692373608,169.0,297.0,2.9113409407705726e-05,10.189740516707712,306.0,JURONG EAST
PENJURU CRESCENT,education_institutions,education_institutions,6.894008340819769,9.33734939759036,302.0,Priority for action,High agreement,11.110971280232953,4.874837141369073,cumulative,hansen,301.0,301.3333333333333,1.0,True,0.00013983087815898273,11.11111111111111,9.343488338668198,14.919048990182304,302.0,11.11111111111111,44.0,301.0,0.00013983087815898273,22.37584660591293,301.0,JURONG EAST
PENJURU CRESCENT,emergency_services,emergency_services,6.840831126409272,19.27710843373494,269.0,Priority for action,Moderate agreement,22.222212079790584,9.548607404692344,cumulative,hansen,252.0,263.3333333333333,68.0,True,1.0142431638145323e-05,22.22222222222222,4.792767278470672,2.7472527472527473,235.0,22.22222222222222,2.0,252.0,1.0142431638145323e-05,2.535609601980183,303.0,JURONG EAST
PENJURU CRESCENT,essential_services,essential_services,7.5615915753481975,8.734939759036145,304.0,Priority for action,High agreement,10.82927441365831,5.082751155902528,2sfca,hansen,302.0,302.0,6.0,True,7.714143976312667e-05,10.829351555098073,10.829351555098073,26.132069724651195,305.0,10.734463276836157,38.0,299.0,7.714143976312667e-05,37.02869762748416,302.0,JURONG EAST
PENJURU CRESCENT,transport_services,transport_services,13.487287470392253,6.325301204819277,312.0,Priority for action,Moderate agreement,19.911012835440886,8.90164969026509,2sfca,hansen,307.0,307.0,2.0,True,0.0013184946107102742,19.912331330051597,19.912331330051597,65.45107271444503,308.0,17.6536312849162,158.0,306.0,0.0013184946107102742,211.02149387489504,307.0,JURONG EAST
PEOPLE'S PARK,community_spaces,community_spaces,18.649486374154755,22.289156626506024,259.0,Priority for action,Low agreement,54.41244525117347,22.885238409690835,cumulative,hansen,134.0,181.66666666666666,165.0,False,0.0005795988693750189,54.413024850042845,15.533415048970747,9.164764906361828,288.0,54.413024850042845,635.0,123.0,0.0005795988693750189,202.86054443164676,134.0,OUTRAM
PEOPLE'S PARK,education_institutions,education_institutions,19.40302979909909,23.795180722891565,254.0,Priority for action,Low agreement,55.55303059113263,23.285526724606598,cumulative,hansen,190.0,195.66666666666666,145.0,False,0.002524964422922759,55.55555555555556,16.582322397322205,26.47752865413327,271.0,55.55555555555556,220.0,126.0,0.002524964422922759,404.0467839190044,190.0,OUTRAM
PEOPLE'S PARK,emergency_services,emergency_services,23.727262349677645,96.98795180722891,11.0,Priority for action,Low agreement,99.99986113457165,45.485308095867,cumulative,hansen,74.0,52.666666666666664,82.0,False,0.0001388654283552785,100.0,7.454441380098276,4.272945747377136,83.0,100.0,9.0,1.0,0.0001388654283552785,34.716380260968954,74.0,OUTRAM
PEOPLE'S PARK,essential_services,essential_services,22.363400013520554,27.10843373493976,243.0,Priority for action,Low agreement,59.601637509933084,24.69296172394317,cumulative,hansen,115.0,160.66666666666666,157.0,False,0.0028822640782196255,59.6045197740113,20.883262758989655,50.39294141662827,262.0,59.6045197740113,211.0,105.0,0.0028822640782196255,1383.5168926412591,115.0,OUTRAM
PEOPLE'S PARK,transport_services,transport_services,26.927514071613714,29.819277108433734,234.0,Priority for action,Low agreement,74.39513411429277,30.996635772993397,cumulative,hansen,111.0,154.33333333333334,214.0,False,0.01827370693627265,74.41340782122904,24.07870079057405,79.14577003521283,283.0,74.41340782122904,666.0,69.0,0.01827370693627265,2924.657336480866,111.0,OUTRAM
PHILLIP,community_spaces,community_spaces,20.160711021660823,25.301204819277107,249.0,Priority for action,Low agreement,59.038805599502865,24.848190475895656,cumulative,hansen,96.0,148.66666666666666,220.0,False,0.0014686078664542094,59.04027420736932,16.70443119565405,9.855668204321235,285.0,59.04027420736932,689.0,96.0,0.0014686078664542094,514.0151354448808,65.0,DOWNTOWN CORE
PHILLIP,education_institutions,education_institutions,34.98686758287528,70.78313253012048,98.0,Priority for action,Low agreement,40.98375649007663,17.76406520272139,cumulative,2sfca,118.0,136.33333333333334,247.0,False,16.844526338206204,57.82828282828283,16.844526338206204,26.896198137914617,269.0,57.82828282828283,229.0,118.0,49.99649282705202,8000477.92777075,22.0,DOWNTOWN CORE
PHILLIP,emergency_services,emergency_services,20.820808452795866,89.1566265060241,37.0,Priority for action,Low agreement,88.88870599983332,40.54430369121349,cumulative,hansen,46.0,71.33333333333333,152.0,False,0.00018288905556985608,88.88888888888889,6.085951616602834,3.4885164096042907,160.0,88.88888888888889,8.0,8.0,0.00018288905556985608,45.72229441073309,46.0,DOWNTOWN CORE
PHILLIP,essential_services,essential_services,32.80822564627522,62.34939759036144,126.0,Priority for action,Low agreement,40.6002840379668,16.992880117982555,cumulative,2sfca,93.0,123.33333333333333,245.0,False,20.981636865988,61.5819209039548,20.981636865988,50.63032580756817,261.0,61.5819209039548,218.0,93.0,33.3367434416342,16001985.399491273,16.0,DOWNTOWN CORE
PHILLIP,transport_services,transport_services,27.20562272331075,31.626506024096386,228.0,Priority for action,Low agreement,75.73535819004844,31.594651215244244,cumulative,hansen,105.0,149.0,220.0,False,0.018831754085639505,75.75418994413408,24.09827041651648,79.21009464840463,281.0,75.75418994413408,678.0,61.0,0.018831754085639505,3013.971272355494,105.0,DOWNTOWN CORE
PIONEER SECTOR,community_spaces,community_spaces,0.0,2.2590361445783134,319.0,Priority for action,High agreement,0.0,0.0,2sfca,2sfca,319.0,319.0,0.0,True,0.0,0.0,0.0,0.0,319.0,0.0,0.0,319.0,0.0,0.0,319.0,PIONEER
PIONEER SECTOR,education_institutions,education_institutions,0.0,2.4096385542168677,318.0,Priority for action,High agreement,0.0,0.0,2sfca,2sfca,318.0,318.0,0.0,True,0.0,0.0,0.0,0.0,318.0,0.0,0.0,318.0,0.0,0.0,318.0,PIONEER
PIONEER SECTOR,emergency_services,emergency_services,4.402935266370179,8.433734939759036,305.0,Priority for action,High agreement,11.111098002965111,4.570882573289774,cumulative,hansen,295.0,280.0,53.0,True,1.3108145999046126e-05,11.11111111111111,4.361418223408312,2.5,246.0,11.11111111111111,1.0,299.0,1.3108145999046126e-05,3.277038687087204,295.0,PIONEER
PIONEER SECTOR,essential_services,essential_services,0.7157751802349173,3.313253012048193,322.0,Priority for action,High agreement,1.2055358225622188,0.4924806223514628,2sfca,hansen,318.0,318.0,8.0,True,1.6148339152476314e-05,1.2055519709013713,1.2055519709013713,2.909090909090909,322.0,0.5649717514124294,2.0,318.0,1.6148339152476314e-05,7.75137162981664,314.0,PIONEER
PIONEER SECTOR,transport_services,transport_services,29.260683528071894,39.75903614457831,201.0,Priority for action,Low agreement,49.010839615919124,20.01739953977418,2sfca,hansen,84.0,146.66666666666666,240.0,False,0.10609082332477279,49.116930439243895,49.116930439243895,161.44547478665126,84.0,23.35195530726257,209.0,298.0,0.10609082332477279,16979.549133197426,58.0,PIONEER
PLAB,community_spaces,community_spaces,16.341521561606594,16.566265060240966,278.0,Priority for action,Low agreement,31.190983758557053,12.917851120934035,cumulative,hansen,272.0,261.6666666666667,41.0,True,0.00010450193994647976,31.191088260497,20.206545117850418,11.921926697449774,272.0,31.191088260497,364.0,236.0,0.00010450193994647976,36.57584849081116,277.0,PAYA LEBAR
PLAB,education_institutions,education_institutions,36.459633286510694,74.3975903614458,86.0,Priority for action,Low agreement,66.91820205654744,27.966620558164195,cumulative,hansen,83.0,137.33333333333334,173.0,False,0.000989862644471204,66.91919191919192,46.15099588775794,73.69078267542466,83.0,66.91919191919192,265.0,78.0,0.000989862644471204,158.3985953977086,251.0,PAYA LEBAR
PLAB,emergency_services,emergency_services,5.852823749624518,11.144578313253012,296.0,Priority for action,Moderate agreement,22.222206653762868,9.878893538083565,cumulative,hansen,291.0,281.0,48.0,True,1.556845935355582e-05,22.22222222222222,2.816749269284535,1.6145833333333337,300.0,22.22222222222222,2.0,252.0,1.556845935355582e-05,3.8921174362613655,291.0,PAYA LEBAR
PLAB,essential_services,essential_services,35.48421320811648,70.48192771084338,99.0,Priority for action,Low agreement,59.03904056601679,25.526440604318573,cumulative,hansen,108.0,155.0,149.0,False,0.0005074565820933757,59.03954802259888,47.352302733244144,114.26479880648044,104.0,59.03954802259888,209.0,108.0,0.0005074565820933757,243.584465043832,253.0,PAYA LEBAR
PLAB,transport_services,transport_services,34.47365300140042,61.14457831325302,130.0,Priority for action,Low agreement,59.68014554431616,25.375243537420808,cumulative,hansen,113.0,100.0,65.0,False,0.0963907685330008,59.77653631284916,44.978857016541376,147.84378546169197,126.0,59.77653631284916,535.0,113.0,0.0963907685330008,15427.081617440665,61.0,PAYA LEBAR
PLANTATION,community_spaces,community_spaces,27.507474897601412,53.915662650602414,154.0,Priority for action,Low agreement,46.44376586422787,19.957804976550864,cumulative,hansen,167.0,185.33333333333334,157.0,False,0.00010731486381740755,46.44387317909169,36.43733613464786,21.4981456708232,116.0,46.44387317909169,542.0,167.0,0.00010731486381740755,37.5603764083975,273.0,TENGAH
PLANTATION,education_institutions,education_institutions,30.854660818316418,60.24096385542169,133.0,Priority for action,Low agreement,51.7667105152957,22.302857311557197,cumulative,hansen,151.0,176.0,127.0,False,0.0009662523810584773,51.76767676767676,41.00167117813349,65.46868993824963,125.0,51.76767676767676,205.0,151.0,0.0009662523810584773,154.6204625603555,252.0,TENGAH
PLANTATION,emergency_services,emergency_services,9.188700243196307,25.602409638554217,248.0,Priority for action,Low agreement,33.333303932803844,14.669828708577606,cumulative,hansen,224.0,218.33333333333334,67.0,True,2.9400529487622526e-05,33.33333333333333,5.044049512741587,2.8912897447380206,224.0,33.33333333333333,3.0,182.0,2.9400529487622526e-05,7.350137277903242,249.0,TENGAH
PLANTATION,essential_services,essential_services,29.220106777513685,50.602409638554214,165.0,Priority for action,Low agreement,44.06728699766102,20.050389349100403,cumulative,hansen,178.0,189.66666666666666,113.0,False,0.0005096125084683463,44.06779661016949,40.812789143454495,98.48444259362503,139.0,44.06779661016949,156.0,178.0,0.0005096125084683463,244.6193322447948,252.0,TENGAH
PLANTATION,transport_services,transport_services,28.230894514281232,35.8433734939759,214.0,Priority for action,Low agreement,45.47205402375341,19.955522296668413,cumulative,hansen,196.0,209.33333333333334,102.0,False,0.0028063114421232023,45.47486033519553,38.27016110761898,125.79255818569216,165.0,45.47486033519553,407.0,196.0,0.0028063114421232023,449.1425508944894,267.0,TENGAH
PORT,community_spaces,community_spaces,29.304734962796037,61.74698795180723,128.0,Priority for action,Low agreement,46.615009116168274,20.586533533227193,cumulative,hansen,165.0,161.66666666666666,140.0,False,0.00024366875032535754,46.615252784918596,39.96322261037444,23.578430047097296,90.0,46.615252784918596,544.0,165.0,0.00024366875032535754,85.28445786183505,230.0,QUEENSTOWN
PORT,education_institutions,education_institutions,12.96932775981152,12.650602409638553,291.0,Priority for action,Moderate agreement,22.72671129696592,9.631502071486263,cumulative,hansen,283.0,279.0,18.0,True,0.000561430306806084,22.727272727272727,16.847409570529862,26.9008018878983,268.0,22.727272727272727,90.0,286.0,0.000561430306806084,89.84051727630919,283.0,QUEENSTOWN
PORT,emergency_services,emergency_services,15.11195551611387,65.66265060240963,115.0,Priority for action,Low agreement,55.55551237833289,24.52167653370443,cumulative,hansen,92.0,124.33333333333333,131.0,False,4.3177222666251855e-05,55.55555555555556,8.001662903671916,4.58661752542208,75.0,55.55555555555556,5.0,92.0,4.3177222666251855e-05,10.794312871445152,206.0,QUEENSTOWN
PORT,essential_services,essential_services,12.509852924732193,12.650602409638553,291.0,Priority for action,Moderate agreement,20.338719721383743,8.88606757960985,cumulative,hansen,286.0,286.0,2.0,True,0.0002633294637188584,20.33898305084746,16.883954631447175,40.74229905752001,286.0,20.33898305084746,72.0,287.0,0.0002633294637188584,126.40089578823223,285.0,QUEENSTOWN
PORT,transport_services,transport_services,19.752988019236554,10.240963855421686,299.0,Priority for action,Low agreement,32.17617342999039,14.044517384558567,cumulative,hansen,271.0,269.0,14.0,True,0.0025975197302786773,32.17877094972067,26.632909146746677,87.54135536757403,261.0,32.17877094972067,288.0,271.0,0.0025975197302786773,415.7260025186159,275.0,QUEENSTOWN
POTONG PASIR,community_spaces,community_spaces,29.91370734653842,63.55421686746988,122.0,Priority for action,Low agreement,73.52126517794258,30.163497613339572,cumulative,hansen,132.0,118.66666666666667,124.0,False,0.0005857218003530851,73.52185089974293,30.418322900099454,17.9469084773915,174.0,73.52185089974293,858.0,50.0,0.0005857218003530851,205.00358020579736,132.0,TOA PAYOH
POTONG PASIR,education_institutions,education_institutions,35.275419535046225,71.98795180722891,94.0,Priority for action,Low agreement,83.6736982982763,34.243642220190175,cumulative,hansen,34.0,66.0,124.0,False,0.16468554010752878,83.83838383838383,36.9166742106744,58.94604361246043,144.0,83.83838383838383,332.0,20.0,0.16468554010752878,26353.109071290368,34.0,TOA PAYOH
POTONG PASIR,emergency_services,emergency_services,18.86321704447651,83.43373493975903,56.0,Priority for action,Low agreement,77.77772262747496,35.20927142806739,cumulative,hansen,130.0,115.33333333333333,150.0,False,5.5150302833857484e-05,77.77777777777779,6.615289887660205,3.7919373634905407,130.0,77.77777777777779,7.0,33.0,5.5150302833857484e-05,13.787584911266451,183.0,TOA PAYOH
POTONG PASIR,essential_services,essential_services,42.45028857432652,84.03614457831326,54.0,Needs improvement,Low agreement,91.98102792954626,37.561765458643734,cumulative,hansen,29.0,47.333333333333336,91.0,False,0.10936755067972392,92.09039548022598,47.998798426154806,115.8248433241852,102.0,92.09039548022598,326.0,11.0,0.10936755067972392,52497.56780289973,29.0,TOA PAYOH
POTONG PASIR,transport_services,transport_services,38.00988471626966,71.98795180722891,94.0,Priority for action,Low agreement,86.64851086952316,35.39069192304642,cumulative,hansen,54.0,75.66666666666667,125.0,False,0.1671315885773952,86.81564245810056,41.19323349615266,135.40058550707204,149.0,86.81564245810056,777.0,24.0,0.1671315885773952,26748.95840210313,54.0,TOA PAYOH
PULAU PUNGGOL BARAT,community_spaces,community_spaces,0.7613486496111004,4.819277108433735,317.0,Priority for action,High agreement,1.1139653907543878,0.5166598949549795,cumulative,hansen,315.0,315.6666666666667,2.0,True,2.0471205050058704e-06,1.113967437874893,1.0771090957999405,0.6354978354978356,317.0,1.113967437874893,13.0,315.0,2.0471205050058704e-06,0.716495497326409,315.0,SELETAR
PULAU PUNGGOL BARAT,education_institutions,education_institutions,1.3647265466712042,6.626506024096386,311.0,Priority for action,High agreement,2.1233707173694545,0.8928290389896533,2sfca,hansen,311.0,310.6666666666667,3.0,True,1.3606195217469846e-05,2.123384323564672,2.123384323564672,3.3904761904761904,311.0,1.5151515151515151,6.0,309.0,1.3606195217469846e-05,2.1772740118964458,312.0,SELETAR
PULAU PUNGGOL BARAT,emergency_services,emergency_services,0.0,2.5602409638554215,317.0,Priority for action,High agreement,0.0,0.0,2sfca,2sfca,317.0,317.0,0.0,True,0.0,0.0,0.0,0.0,317.0,0.0,0.0,317.0,0.0,0.0,317.0,SELETAR
PULAU PUNGGOL BARAT,essential_services,essential_services,1.4507254252855604,4.216867469879518,319.0,Priority for action,High agreement,2.336466925616252,0.960779336473605,2sfca,hansen,319.0,316.3333333333333,8.0,True,7.608464024675802e-06,2.3364745340802764,2.3364745340802764,5.638095238095238,319.0,1.4124293785310735,5.0,311.0,7.608464024675802e-06,3.652142281041248,319.0,SELETAR
PULAU PUNGGOL BARAT,transport_services,transport_services,2.875189130947172,2.710843373493976,324.0,Priority for action,High agreement,4.543552499782375,1.8878435068019135,2sfca,hansen,323.0,322.6666666666667,5.0,True,7.61571859026412e-05,4.543628656968277,4.543628656968277,14.934733893557423,325.0,3.016759776536313,27.0,320.0,7.61571859026412e-05,12.188751480619317,323.0,SELETAR
PULAU PUNGGOL TIMOR,community_spaces,community_spaces,1.3308558665496446,5.421686746987952,315.0,Priority for action,High agreement,1.9708604705239698,0.9069647996808826,cumulative,hansen,314.0,313.6666666666667,3.0,True,4.99648545623715e-06,1.970865467009426,1.8733625484042453,1.1052899369765703,315.0,1.970865467009426,23.0,312.0,4.99648545623715e-06,1.748778014336064,314.0,SELETAR
PULAU PUNGGOL TIMOR,education_institutions,education_institutions,3.464734108292119,6.927710843373494,310.0,Priority for action,High agreement,5.3029827027344,2.3917694428769756,cumulative,hansen,309.0,308.6666666666667,3.0,True,4.760029590273254e-05,5.303030303030303,4.8082275351945745,7.6774518844999395,309.0,5.303030303030303,21.0,307.0,4.760029590273254e-05,7.617036619798896,310.0,SELETAR
PULAU PUNGGOL TIMOR,emergency_services,emergency_services,0.0,2.5602409638554215,317.0,Priority for action,High agreement,0.0,0.0,2sfca,2sfca,317.0,317.0,0.0,True,0.0,0.0,0.0,0.0,317.0,0.0,0.0,317.0,0.0,0.0,317.0,SELETAR
PULAU PUNGGOL TIMOR,essential_services,essential_services,4.106510133974731,6.626506024096386,311.0,Priority for action,High agreement,5.953084487906896,2.7376029351717555,2sfca,hansen,311.0,310.3333333333333,6.0,True,3.048399553084368e-05,5.953114971902426,5.953114971902426,14.365330623271127,311.0,5.649717514124294,20.0,307.0,3.048399553084368e-05,14.632636575818012,313.0,SELETAR
PULAU PUNGGOL TIMOR,transport_services,transport_services,4.385341224003918,3.614457831325301,321.0,Priority for action,High agreement,6.357068239290868,2.923447080621756,2sfca,hansen,321.0,320.3333333333333,4.0,True,0.00012899217994889807,6.357197231470817,6.357197231470817,20.895864545459375,322.0,6.033519553072626,54.0,318.0,0.00012899217994889807,20.644849277261933,321.0,SELETAR
PULAU SELETAR,community_spaces,community_spaces,4.648158302394151,6.626506024096386,311.0,Priority for action,High agreement,7.1711939792799155,3.038735218078299,2sfca,hansen,310.0,310.3333333333333,1.0,True,9.695784215215198e-06,7.171203675064131,7.171203675064131,4.231033264121499,310.0,5.312767780634105,62.0,310.0,9.695784215215198e-06,3.3935402025735844,311.0,SIMPANG
PULAU SELETAR,education_institutions,education_institutions,8.85472550508538,10.240963855421686,299.0,Priority for action,High agreement,13.668878163066223,5.788848851986126,2sfca,hansen,302.0,299.3333333333333,14.0,True,0.00010550418781128294,13.668983667254034,13.668983667254034,21.825706800939,291.0,10.1010101010101,40.0,302.0,0.00010550418781128294,16.882862739820688,305.0,SIMPANG
PULAU SELETAR,emergency_services,emergency_services,0.0,2.5602409638554215,317.0,Priority for action,High agreement,0.0,0.0,2sfca,2sfca,317.0,317.0,0.0,True,0.0,0.0,0.0,0.0,317.0,0.0,0.0,317.0,0.0,0.0,317.0,SIMPANG
PULAU SELETAR,essential_services,essential_services,10.258100091160749,10.542168674698797,298.0,Priority for action,Moderate agreement,16.448303144991392,6.777316915717837,2sfca,hansen,301.0,298.0,15.0,True,6.276697538392493e-05,16.448365911966775,16.448365911966775,39.69118951224214,289.0,10.16949152542373,36.0,301.0,6.276697538392493e-05,30.12880443533084,304.0,SIMPANG
PULAU SELETAR,transport_services,transport_services,7.423698646793471,4.819277108433735,317.0,Priority for action,High agreement,11.629137606156878,4.8625557381826585,2sfca,hansen,316.0,317.0,3.0,True,0.00023912028624827628,11.629376726443127,11.629376726443127,38.22531722327119,316.0,8.044692737430168,72.0,316.0,0.00023912028624827628,38.27055462344377,319.0,SIMPANG
PUNGGOL CANAL,community_spaces,community_spaces,5.165189539346914,7.228915662650602,309.0,Priority for action,High agreement,8.314319438689944,3.4089909270382837,hansen,cumulative,312.0,211.0,313.0,True,0.2570694087403599,8.571388847430304,5.084718006739501,3.0,312.0,0.2570694087403599,3.0,317.0,8.571388847430304,3000000.0,4.0,PUNGGOL
PUNGGOL CANAL,education_institutions,education_institutions,17.55367323722466,19.879518072289155,267.0,Priority for action,Low agreement,49.74098091390751,22.411048506174346,hansen,cumulative,308.0,215.33333333333334,288.0,False,0.25252525252525254,49.99350616643276,5.010232673579564,8.0,308.0,0.25252525252525254,1.0,313.0,49.99350616643276,8000000.0,25.0,PUNGGOL
PUNGGOL CANAL,emergency_services,emergency_services,0.0,2.5602409638554215,317.0,Priority for action,High agreement,0.0,0.0,2sfca,2sfca,317.0,317.0,0.0,True,0.0,0.0,0.0,0.0,317.0,0.0,0.0,317.0,0.0,0.0,317.0,PUNGGOL
PUNGGOL CANAL,essential_services,essential_services,13.37154727995636,13.855421686746988,287.0,Priority for action,Low agreement,33.05012140708161,14.32018343577995,hansen,cumulative,310.0,218.33333333333334,299.0,True,0.2824858757062147,33.332607282787826,6.630535839957543,16.0,310.0,0.2824858757062147,1.0,322.0,33.332607282787826,16000000.0,23.0,PUNGGOL
PUNGGOL CANAL,transport_services,transport_services,0.0,1.2048192771084338,326.0,Priority for action,High agreement,0.0,0.0,2sfca,2sfca,326.0,326.0,0.0,True,0.0,0.0,0.0,0.0,326.0,0.0,0.0,326.0,0.0,0.0,326.0,PUNGGOL
PUNGGOL FIELD,community_spaces,community_spaces,17.85685125853245,20.481927710843372,265.0,Priority for action,Moderate agreement,25.621030813426614,12.041226319638659,cumulative,hansen,237.0,246.0,35.0,True,0.0002202576959228543,25.621251071122536,25.465069933998336,15.024473274769132,233.0,25.621251071122536,299.0,268.0,0.0002202576959228543,77.09055084657163,237.0,PUNGGOL
PUNGGOL FIELD,education_institutions,education_institutions,51.8545372269498,96.08433734939759,14.0,Needs improvement,High agreement,4.792682188816485,1.9779617258275284,cumulative,hansen,57.0,68.33333333333333,120.0,False,50.005297609163314,54.7979797979798,51.786703969209704,82.689499419532,57.0,54.7979797979798,217.0,134.0,50.005297609163314,8001886.875898048,14.0,PUNGGOL
PUNGGOL FIELD,emergency_services,emergency_services,6.261764369502205,15.36144578313253,282.0,Priority for action,Moderate agreement,22.222014448985675,9.73269957640296,cumulative,hansen,252.0,188.0,238.0,True,0.00020777323654547867,22.22222222222222,3.6345151861735934,2.0833333333333335,275.0,22.22222222222222,2.0,252.0,0.00020777323654547867,51.94334380700383,37.0,PUNGGOL
PUNGGOL FIELD,essential_services,essential_services,48.58705822835334,92.16867469879519,27.0,Needs improvement,Moderate agreement,23.380486648534458,9.968947463435406,2sfca,hansen,53.0,67.33333333333333,123.0,False,33.33853275440142,56.71901940293588,56.71901940293588,136.86741650321662,53.0,51.12994350282486,181.0,136.0,33.33853275440142,16002844.28832744,13.0,PUNGGOL
PUNGGOL FIELD,transport_services,transport_services,30.278294298512687,44.27710843373494,186.0,Priority for action,Low agreement,43.59912294008755,20.39944521754471,cumulative,hansen,138.0,134.0,140.0,False,0.08802789790127859,43.687150837988824,43.02891152308908,141.434389084858,138.0,43.687150837988824,391.0,202.0,0.08802789790127859,14088.626807346416,62.0,PUNGGOL
PUNGGOL TOWN CENTRE,community_spaces,community_spaces,16.127364691118636,15.963855421686745,280.0,Priority for action,Moderate agreement,23.134495222671923,10.873542603758615,cumulative,hansen,255.0,196.0,227.0,True,0.0017515639604676477,23.13624678663239,22.999179729208034,13.56959011220914,255.0,23.13624678663239,270.0,280.0,0.0017515639604676477,613.0502273243964,53.0,PUNGGOL
PUNGGOL TOWN CENTRE,education_institutions,education_institutions,35.24854519333347,71.6867469879518,95.0,Priority for action,Low agreement,52.772455648192654,24.11682672691386,cumulative,hansen,125.0,112.33333333333333,82.0,False,0.005322129585127657,52.77777777777778,49.38278599780475,78.85108611137325,65.0,52.77777777777778,209.0,147.0,0.005322129585127657,851.6513432620343,125.0,PUNGGOL
PUNGGOL TOWN CENTRE,emergency_services,emergency_services,6.261714548627356,12.951807228915662,290.0,Priority for action,Moderate agreement,22.222180518568507,9.732748597464116,cumulative,hansen,252.0,246.0,64.0,True,4.1703653715511875e-05,22.22222222222222,3.6345151861735934,2.0833333333333335,275.0,22.22222222222222,2.0,252.0,4.1703653715511875e-05,10.425920387869152,211.0,PUNGGOL
PUNGGOL TOWN CENTRE,essential_services,essential_services,37.24229305112757,73.49397590361446,89.0,Priority for action,Low agreement,54.81825066565081,24.61441356218105,2sfca,hansen,102.0,104.0,92.0,False,0.0033240546573664246,54.82157472030818,54.82157472030818,132.28873453017147,59.0,49.152542372881356,174.0,151.0,0.0033240546573664246,1595.5809897093234,102.0,PUNGGOL
PUNGGOL TOWN CENTRE,transport_services,transport_services,24.920786276000044,22.89156626506024,257.0,Priority for action,Low agreement,36.083453240961866,16.85028087674018,cumulative,hansen,213.0,216.33333333333334,68.0,True,0.005932233898470415,36.089385474860336,35.40225902171687,116.3658735423425,184.0,36.089385474860336,323.0,252.0,0.005932233898470415,949.4379795728996,213.0,PUNGGOL
QUEENSWAY,community_spaces,community_spaces,22.601599738365174,36.44578313253012,212.0,Priority for action,Low agreement,43.187422719365635,17.882239564219972,cumulative,hansen,205.0,208.0,45.0,False,0.0002379490148226197,43.18766066838046,27.92799243996927,16.47760548546782,205.0,43.18766066838046,504.0,187.0,0.0002379490148226197,83.28254115806097,232.0,QUEENSTOWN
QUEENSWAY,education_institutions,education_institutions,32.866891239295114,66.86746987951807,111.0,Priority for action,Low agreement,31.02509191587313,13.142211682589553,hansen,2sfca,223.0,166.66666666666666,229.0,False,18.969406600868485,49.994498516741615,18.969406600868485,30.28906294256515,253.0,41.91919191919192,166.0,223.0,49.994498516741615,8000158.796673399,24.0,QUEENSTOWN
QUEENSWAY,emergency_services,emergency_services,11.013546983686393,44.27710843373494,186.0,Priority for action,Low agreement,44.44436064573489,20.025009694025602,cumulative,hansen,133.0,170.66666666666666,129.0,False,8.379870955719131e-05,44.44444444444444,4.249265910369272,2.435713392241827,254.0,44.44444444444444,4.0,125.0,8.379870955719131e-05,20.94969137259255,133.0,QUEENSTOWN
QUEENSWAY,essential_services,essential_services,28.20060014472482,46.68674698795181,178.0,Priority for action,Moderate agreement,18.17497706350287,7.594801405904533,cumulative,2sfca,209.0,164.0,243.0,True,20.808073783954757,38.983050847457626,20.808073783954757,50.21150455698434,263.0,38.983050847457626,138.0,209.0,33.33317694418639,16000273.443427326,20.0,QUEENSTOWN
QUEENSWAY,transport_services,transport_services,24.065878353395924,20.180722891566266,266.0,Priority for action,Low agreement,51.05873247244959,20.869805612325887,cumulative,hansen,252.0,229.66666666666666,105.0,False,0.002720041516889147,51.06145251396648,27.705543676295125,91.06706410683888,252.0,51.06145251396648,457.0,166.0,0.002720041516889147,435.33528285449415,271.0,QUEENSTOWN
RAFFLES PLACE,community_spaces,community_spaces,18.33673977149904,20.783132530120483,264.0,Priority for action,Low agreement,53.81241431061378,22.657410265624954,cumulative,hansen,128.0,176.33333333333334,179.0,False,0.0007819190348924525,53.813196229648675,15.147731899717678,8.937210606157647,290.0,53.813196229648675,628.0,128.0,0.0007819190348924525,273.67293054037725,111.0,DOWNTOWN CORE
RAFFLES PLACE,education_institutions,education_institutions,18.404788108803622,21.084337349397593,263.0,Priority for action,Low agreement,53.27916191323684,22.37708188530796,cumulative,hansen,152.0,191.0,133.0,False,0.0036663695914524804,53.28282828282829,15.494245082721052,24.740160534941673,277.0,53.28282828282829,211.0,144.0,0.0036663695914524804,586.6953326692974,152.0,DOWNTOWN CORE
RAFFLES PLACE,emergency_services,emergency_services,20.820802520152636,88.55421686746988,39.0,Priority for action,Low agreement,88.88872577531075,40.54430883830139,cumulative,hansen,60.0,76.0,152.0,False,0.00016311357813631957,88.88888888888889,6.085951616602834,3.4885164096042907,160.0,88.88888888888889,8.0,8.0,0.00016311357813631957,40.77842175246128,60.0,DOWNTOWN CORE
RAFFLES PLACE,essential_services,essential_services,21.209276419716367,24.69879518072289,251.0,Priority for action,Low agreement,57.339641118658484,23.80692064863893,cumulative,hansen,114.0,154.66666666666666,188.0,False,0.0049916497030942746,57.34463276836158,19.47770474226624,47.00122032343248,269.0,57.34463276836158,203.0,114.0,0.0049916497030942746,2396.0440469578725,81.0,DOWNTOWN CORE
RAFFLES PLACE,transport_services,transport_services,25.918332316308515,25.301204819277107,249.0,Priority for action,Low agreement,69.88045340596737,29.267681733674557,cumulative,hansen,80.0,138.33333333333334,251.0,False,1.4044627951499515,71.28491620111733,22.480020475080128,73.89096888500148,293.0,71.28491620111733,638.0,80.0,1.4044627951499515,224780.46911742605,42.0,DOWNTOWN CORE
REDHILL,community_spaces,community_spaces,29.032517923529312,60.24096385542169,133.0,Priority for action,Low agreement,70.1794711106194,28.751241713158457,cumulative,hansen,155.0,132.0,115.0,False,0.000477475498855637,70.17994858611826,29.992769927312008,17.695830852895863,178.0,70.17994858611826,819.0,63.0,0.000477475498855637,167.11719909852783,155.0,BUKIT MERAH
REDHILL,education_institutions,education_institutions,22.636665264601838,31.626506024096386,228.0,Priority for action,Low agreement,58.57910749037957,24.172095455636452,cumulative,hansen,113.0,151.0,134.0,False,0.006751095479015328,58.58585858585859,21.83493643757283,34.86454679474651,237.0,58.58585858585859,232.0,113.0,0.006751095479015328,1080.3155844345606,103.0,BUKIT MERAH
REDHILL,emergency_services,emergency_services,21.225476684506898,92.7710843373494,25.0,Priority for action,Low agreement,88.88870119580854,40.375590282795045,cumulative,hansen,44.0,53.333333333333336,100.0,False,0.00018769308035336825,88.88888888888889,6.895285197610029,3.952432926864315,108.0,88.88888888888889,8.0,8.0,0.00018769308035336825,46.92330140824752,44.0,BUKIT MERAH
REDHILL,essential_services,essential_services,25.837519891874766,39.75903614457831,201.0,Priority for action,Low agreement,61.297104796041495,25.078678000655927,cumulative,hansen,137.0,152.0,131.0,False,0.0023302322070883267,61.29943502824858,27.15386763312585,65.52439993036757,225.0,61.29943502824858,217.0,94.0,0.0023302322070883267,1118.5358228087266,137.0,BUKIT MERAH
REDHILL,transport_services,transport_services,59.06497891764253,98.19277108433735,7.0,Needs improvement,Low agreement,70.6928036702458,29.071181033077256,hansen,2sfca,76.0,105.33333333333333,236.0,False,29.30466249417468,99.99746616442047,29.30466249417468,96.32330659764725,238.0,72.06703910614524,645.0,76.0,99.99746616442047,16004323.81164821,2.0,BUKIT MERAH
RESERVOIR VIEW,community_spaces,community_spaces,11.727580686436658,11.144578313253012,296.0,Priority for action,Moderate agreement,20.40453689836823,8.418157609920447,2sfca,hansen,300.0,292.0,34.0,True,4.2181741342271e-05,20.404579080109574,20.404579080109574,12.0387673729779,271.0,7.626392459297343,89.0,305.0,4.2181741342271e-05,14.763677891564932,300.0,SUNGEI KADUT
RESERVOIR VIEW,education_institutions,education_institutions,3.931651941444229,7.228915662650602,309.0,Priority for action,High agreement,5.843019307119639,2.5879231342646074,2sfca,hansen,308.0,308.0,2.0,True,5.1597229249015564e-05,5.843070904348888,5.843070904348888,9.329819647157109,307.0,5.05050505050505,20.0,308.0,5.1597229249015564e-05,8.256629023336568,309.0,SUNGEI KADUT
RESERVOIR VIEW,emergency_services,emergency_services,4.948114871012605,9.33734939759036,302.0,Priority for action,High agreement,11.111090247243819,4.536347475713913,cumulative,hansen,278.0,254.33333333333334,113.0,True,2.086386729217735e-05,11.11111111111111,5.45177277926039,3.125,186.0,11.11111111111111,1.0,299.0,2.086386729217735e-05,5.215970304549088,278.0,SUNGEI KADUT
RESERVOIR VIEW,essential_services,essential_services,5.163698893905922,7.228915662650602,309.0,Priority for action,High agreement,8.06745535910693,3.3804729508410585,2sfca,hansen,307.0,308.6666666666667,5.0,True,3.4639409497073794e-05,8.067489998516427,8.067489998516427,19.467482431569117,307.0,5.649717514124294,20.0,307.0,3.4639409497073794e-05,16.6272787259391,312.0,SUNGEI KADUT
RESERVOIR VIEW,transport_services,transport_services,47.09709492924376,90.96385542168674,31.0,Needs improvement,Low agreement,88.57860665595017,38.18806753144184,hansen,cumulative,234.0,184.0,306.0,False,11.396648044692737,99.9752547006429,29.650377820224676,97.45965967297236,234.0,11.396648044692737,102.0,312.0,99.9752547006429,16000768.926987013,6.0,SUNGEI KADUT
RIDOUT,community_spaces,community_spaces,26.603599319315457,50.602409638554214,165.0,Priority for action,Low agreement,61.6963732734324,25.211173680679103,cumulative,hansen,195.0,164.66666666666666,127.0,False,0.00028482425397743244,61.696658097686374,28.52836450500397,16.831826937417926,195.0,61.696658097686374,720.0,86.0,0.00028482425397743244,99.68895089720117,213.0,TANGLIN
RIDOUT,education_institutions,education_institutions,25.884188796533646,40.963855421686745,197.0,Priority for action,Low agreement,62.62269516068069,25.657374707648646,cumulative,hansen,154.0,149.33333333333334,104.0,False,0.0035674655819370174,62.62626262626263,26.71573206321308,42.65787048827975,199.0,62.62626262626263,248.0,95.0,0.0035674655819370174,570.8686356280933,154.0,TANGLIN
RIDOUT,emergency_services,emergency_services,10.638085750096666,40.66265060240964,198.0,Priority for action,Low agreement,44.44441510009902,20.177338705963773,cumulative,hansen,250.0,220.66666666666666,162.0,False,2.934434542166008e-05,44.44444444444444,3.4983761158083007,2.005297323375256,287.0,44.44444444444444,4.0,125.0,2.934434542166008e-05,7.336091252037328,250.0,TANGLIN
RIDOUT,essential_services,essential_services,23.698023018115634,31.92771084337349,227.0,Priority for action,Low agreement,53.10675598059524,21.681567280759655,cumulative,hansen,229.0,201.66666666666666,114.0,False,0.0005886521731181071,53.10734463276836,26.15275499182005,63.10863706481379,229.0,53.10734463276836,188.0,131.0,0.0005886521731181071,282.55919766447954,245.0,TANGLIN
RIDOUT,transport_services,transport_services,26.088264301116176,25.602409638554217,248.0,Priority for action,Low agreement,60.89045483023421,24.889361224599913,cumulative,hansen,250.0,204.0,144.0,False,0.0033999183691364545,60.893854748603346,27.816946751769535,91.43324176191256,250.0,60.893854748603346,545.0,109.0,0.0033999183691364545,544.1477329371695,253.0,TANGLIN
RIVERVALE,community_spaces,community_spaces,23.3825793286386,40.66265060240964,198.0,Priority for action,Low agreement,36.246434380553595,16.230067615937518,cumulative,hansen,191.0,184.33333333333334,66.0,True,0.00035225183714739956,36.246786632390744,32.266232653218616,19.03718118317569,148.0,36.246786632390744,423.0,214.0,0.00035225183714739956,123.2887143790021,191.0,SENGKANG
RIVERVALE,education_institutions,education_institutions,45.68163926039815,89.7590361445783,35.0,Needs improvement,Low agreement,73.21038134851689,32.20251016509605,cumulative,hansen,53.0,45.333333333333336,25.0,False,0.021941883806345267,73.23232323232324,62.057184097583196,99.08870607918718,29.0,73.23232323232324,290.0,53.0,0.021941883806345267,3511.1574264543583,54.0,SENGKANG
RIVERVALE,emergency_services,emergency_services,6.261720519160701,13.55421686746988,288.0,Priority for action,Moderate agreement,22.22216061679069,9.732742722760252,cumulative,hansen,252.0,231.33333333333334,108.0,True,6.160543153227281e-05,22.22222222222222,3.6345151861735934,2.0833333333333335,275.0,22.22222222222222,2.0,252.0,6.160543153227281e-05,15.401368163022514,167.0,SENGKANG
RIVERVALE,essential_services,essential_services,46.40209671449466,88.85542168674698,38.0,Needs improvement,Low agreement,66.56984492996496,31.137845614082952,2sfca,hansen,49.0,51.333333333333336,61.0,False,0.012287020929773311,66.58213195089473,66.58213195089473,160.66787616084093,22.0,65.5367231638418,232.0,83.0,0.012287020929773311,5897.898511464138,49.0,SENGKANG
RIVERVALE,transport_services,transport_services,38.49196764230635,73.79518072289156,88.0,Priority for action,Low agreement,57.943506647989125,26.374903412876844,cumulative,hansen,70.0,85.0,65.0,False,0.04532016765333226,57.988826815642454,53.76121245776372,176.71105243610387,60.0,57.988826815642454,519.0,125.0,0.04532016765333226,7253.37017169527,70.0,SENGKANG
ROBERTSON QUAY,community_spaces,community_spaces,22.20039600396285,34.33734939759036,219.0,Priority for action,Low agreement,63.752786954380504,26.736286962763575,cumulative,hansen,166.0,175.0,197.0,False,0.00042641322874117856,63.75321336760925,18.899250812944757,11.15061884723689,278.0,63.75321336760925,744.0,81.0,0.00042641322874117856,149.24532173185105,166.0,SINGAPORE RIVER
ROBERTSON QUAY,education_institutions,education_institutions,21.4897101199433,28.915662650602407,237.0,Priority for action,Low agreement,61.61375368177534,25.832304601575437,cumulative,hansen,199.0,185.0,160.0,False,0.002407934386266236,61.61616161616161,18.331510832790194,29.27051420898301,258.0,61.61616161616161,244.0,98.0,0.002407934386266236,385.3195458226133,199.0,SINGAPORE RIVER
ROBERTSON QUAY,emergency_services,emergency_services,17.959944316390246,76.50602409638554,79.0,Priority for action,Low agreement,77.77769544095358,35.58553887058771,cumulative,hansen,135.0,133.0,198.0,False,8.233682420950344e-05,77.77777777777779,4.808728119574851,2.7564016297300773,231.0,77.77777777777779,7.0,33.0,8.233682420950344e-05,20.584219791729193,135.0,SINGAPORE RIVER
ROBERTSON QUAY,essential_services,essential_services,25.23581853945204,37.95180722891566,207.0,Priority for action,Low agreement,67.22994222267542,27.851488739945157,cumulative,hansen,172.0,165.0,173.0,False,0.0016961954036807054,67.2316384180791,23.577963994430228,56.89546561794911,248.0,67.2316384180791,238.0,75.0,0.0016961954036807054,814.1915280928322,172.0,SINGAPORE RIVER
ROBERTSON QUAY,transport_services,transport_services,29.399983697730892,40.66265060240964,198.0,Priority for action,Low agreement,80.88626487262918,33.675909192369716,cumulative,hansen,193.0,168.0,217.0,False,0.0075898759741769625,80.89385474860336,26.437871570435934,86.90027430189801,264.0,80.89385474860336,724.0,47.0,0.0075898759741769625,1214.7391073014696,193.0,SINGAPORE RIVER
ROCHOR CANAL,community_spaces,community_spaces,29.78032101025979,62.951807228915655,124.0,Priority for action,Low agreement,81.06198616975082,33.69056751393319,cumulative,hansen,138.0,129.0,183.0,False,0.0005673863760065927,81.06255355612683,27.13528016624324,16.009902690932115,216.0,81.06255355612683,946.0,33.0,0.0005673863760065927,198.58615194316897,138.0,ROCHOR
ROCHOR CANAL,education_institutions,education_institutions,26.172520343044646,43.07228915662651,190.0,Priority for action,Low agreement,70.95696191806859,29.472822272845228,cumulative,hansen,188.0,158.0,156.0,False,0.0026340415273674203,70.95959595959596,23.959621877334484,38.257100519392075,221.0,70.95959595959596,281.0,65.0,0.0026340415273674203,421.5013875759728,188.0,ROCHOR
ROCHOR CANAL,emergency_services,emergency_services,18.191078144020384,78.91566265060241,71.0,Priority for action,Low agreement,77.77767786999733,35.48768858850356,cumulative,hansen,110.0,112.66666666666667,162.0,False,9.990778045663456e-05,77.77777777777779,5.270985232261381,3.0213711241743013,195.0,77.77777777777779,7.0,33.0,9.990778045663456e-05,24.976961785536357,110.0,ROCHOR
ROCHOR CANAL,essential_services,essential_services,33.00217444886373,63.85542168674698,121.0,Priority for action,Low agreement,83.33176315043525,34.28342611770221,cumulative,hansen,178.0,130.0,160.0,False,0.0015701828980959544,83.33333333333334,32.67007345465525,78.83543470565589,186.0,83.33333333333334,295.0,26.0,0.0015701828980959544,753.7042079065973,178.0,ROCHOR
ROCHOR CANAL,transport_services,transport_services,32.485895459478726,54.51807228915663,152.0,Priority for action,Low agreement,86.24530573011867,35.71267360675004,cumulative,hansen,149.0,134.0,197.0,False,0.011677510104795936,86.25698324022346,30.46199111680518,100.1274015867648,225.0,86.25698324022346,772.0,28.0,0.011677510104795936,1868.953886528024,149.0,ROCHOR
SAFTI,community_spaces,community_spaces,11.045434762183753,10.542168674698797,298.0,Priority for action,Moderate agreement,15.95541490038583,7.380330430409446,2sfca,hansen,294.0,294.0,14.0,True,4.045961151417747e-05,15.955455359997343,15.955455359997343,9.413770049105558,287.0,15.338474721508142,179.0,294.0,4.045961151417747e-05,14.160929658315723,301.0,JURONG WEST
SAFTI,education_institutions,education_institutions,15.744506628719208,16.867469879518072,277.0,Priority for action,Moderate agreement,23.508534854441866,10.34561842086799,2sfca,hansen,289.0,266.6666666666667,67.0,True,0.00042526449910285476,23.50896011894097,23.50896011894097,37.537514364010526,222.0,19.94949494949495,79.0,289.0,0.00042526449910285476,68.05115811435381,289.0,JURONG WEST
SAFTI,emergency_services,emergency_services,10.986355552083307,43.674698795180724,188.0,Priority for action,Low agreement,33.33331092812507,14.124604031955089,cumulative,hansen,182.0,173.0,209.0,True,2.240520825399166e-05,33.33333333333333,8.63936432770833,4.952153110047847,64.0,33.33333333333333,3.0,182.0,2.240520825399166e-05,5.601305802202628,273.0,JURONG WEST
SAFTI,essential_services,essential_services,13.875132985985788,14.759036144578314,284.0,Priority for action,Moderate agreement,21.422223434131674,9.071005202069834,2sfca,hansen,290.0,280.0,34.0,True,0.00022432626293182768,21.422447760394604,21.422447760394604,51.69403686814375,258.0,15.819209039548024,56.0,292.0,0.00022432626293182768,107.67895161812416,290.0,JURONG WEST
SAFTI,transport_services,transport_services,41.4038833197469,80.12048192771084,67.0,Needs improvement,Low agreement,65.59672163921584,27.20930254825553,2sfca,hansen,208.0,168.33333333333334,247.0,False,0.0027131810396504637,65.5994348202555,65.5994348202555,215.6228372901384,25.0,43.01675977653631,385.0,208.0,0.0027131810396504637,434.2372820406556,272.0,JURONG WEST
SAMULUN,community_spaces,community_spaces,7.61524388381559,7.83132530120482,307.0,Priority for action,High agreement,10.882587210288857,5.128882698656039,cumulative,hansen,305.0,305.3333333333333,7.0,True,1.7759719711117147e-05,10.882604970008568,10.877435123795927,6.417721755294107,305.0,10.882604970008568,127.0,302.0,1.7759719711117147e-05,6.215930706413406,309.0,BOON LAY
SAMULUN,education_institutions,education_institutions,9.061398280636041,10.542168674698797,298.0,Priority for action,High agreement,13.375131609054822,5.981701594084235,2sfca,hansen,300.0,298.6666666666667,12.0,True,0.00011887796407014841,13.375250487018892,13.375250487018892,21.356693564433503,292.0,11.868686868686869,47.0,300.0,0.00011887796407014841,19.02294488798497,304.0,BOON LAY
SAMULUN,emergency_services,emergency_services,7.14984120889036,20.180722891566266,266.0,Priority for action,Moderate agreement,22.222203018209164,9.461777981932526,cumulative,hansen,252.0,240.33333333333334,93.0,True,1.9204013056106375e-05,22.22222222222222,5.410782006483996,3.101503759398496,188.0,22.22222222222222,2.0,252.0,1.9204013056106375e-05,4.801006468555348,281.0,BOON LAY
SAMULUN,essential_services,essential_services,9.450053798905431,9.939759036144578,300.0,Priority for action,High agreement,14.606218803079171,6.178456591729667,2sfca,hansen,299.0,299.0,8.0,True,6.467749826656735e-05,14.606283480577439,14.606283480577439,35.24610096832468,295.0,10.734463276836157,38.0,299.0,6.467749826656735e-05,31.0458753941953,303.0,BOON LAY
SAMULUN,transport_services,transport_services,45.12263218305412,87.34939759036145,43.0,Needs improvement,Moderate agreement,15.578688408881725,6.672601425062501,hansen,cumulative,111.0,134.0,221.0,False,34.41340782122905,49.992096230110775,46.484643499550145,152.7932481317459,111.0,34.41340782122905,308.0,256.0,49.992096230110775,8001099.695608547,35.0,BOON LAY
SAUJANA,community_spaces,community_spaces,31.6726091476925,70.18072289156626,100.0,Priority for action,Low agreement,41.42627824865068,19.313788984877874,2sfca,hansen,68.0,89.33333333333333,170.0,False,2.859577460657107,44.28585570930779,44.28585570930779,26.1287974970939,68.0,43.359040274207366,506.0,185.0,2.859577460657107,1000856.7496670296,15.0,BUKIT PANJANG
SAUJANA,education_institutions,education_institutions,60.0145879920251,98.19277108433735,7.0,Adequate,Low agreement,57.24355128867708,26.88516916329274,hansen,2sfca,113.0,108.33333333333333,210.0,False,42.75644871132292,100.0,42.75644871132292,68.2705997855793,113.0,43.18181818181818,171.0,211.0,100.0,16002078.296663769,1.0,BUKIT PANJANG
SAUJANA,emergency_services,emergency_services,9.818629687819302,32.53012048192771,225.0,Priority for action,Low agreement,33.33328761053084,14.458511394368603,cumulative,hansen,182.0,177.0,55.0,True,4.572280248831502e-05,33.33333333333333,6.303898608623778,3.613445378151261,147.0,33.33333333333333,3.0,182.0,4.572280248831502e-05,11.430708251735895,202.0,BUKIT PANJANG
SAUJANA,essential_services,essential_services,38.10280785838471,76.50602409638554,79.0,Priority for action,High agreement,8.624238067190952,3.6521654426679246,2sfca,hansen,132.0,125.33333333333333,222.0,False,33.34005594624078,41.96429401343173,41.96429401343173,101.2631136338458,132.0,35.59322033898305,126.0,233.0,33.34005594624078,16003575.436335845,11.0,BUKIT PANJANG
SAUJANA,transport_services,transport_services,28.077956757102022,35.54216867469879,215.0,Priority for action,Low agreement,41.168326369571645,18.586640758705936,2sfca,hansen,169.0,188.33333333333334,96.0,False,0.009700065953910804,41.17802643552555,41.17802643552555,135.35060047948383,150.0,37.43016759776536,335.0,246.0,0.009700065953910804,1552.469302226869,169.0,BUKIT PANJANG
SELEGIE,community_spaces,community_spaces,33.106011996876504,75.30120481927712,83.0,Priority for action,Low agreement,91.25815508922385,38.00464643363107,cumulative,hansen,64.0,84.66666666666667,172.0,False,0.0014850136039146456,91.25964010282776,29.707276944459558,17.527389073544065,181.0,91.25964010282776,1065.0,9.0,0.0014850136039146456,519.7571701673008,64.0,ROCHOR
SELEGIE,education_institutions,education_institutions,26.13018413007581,42.77108433734939,191.0,Priority for action,Low agreement,72.97286697348477,30.456232768473026,cumulative,hansen,99.0,127.66666666666667,170.0,False,0.006931006313205429,72.97979797979798,23.064290464444507,36.827495994059234,227.0,72.97979797979798,289.0,57.0,0.006931006313205429,1109.1050569858414,99.0,ROCHOR
SELEGIE,emergency_services,emergency_services,20.738789415492136,87.95180722891565,41.0,Priority for action,Low agreement,88.88875538993047,40.578857036555895,cumulative,hansen,78.0,85.33333333333333,162.0,False,0.00013349895841241441,88.88888888888889,5.921943176053667,3.3945054525325107,170.0,88.88888888888889,8.0,8.0,0.00013349895841241441,33.374761879762644,78.0,ROCHOR
SELEGIE,essential_services,essential_services,31.764152996387992,59.036144578313255,137.0,Priority for action,Low agreement,82.76535882303422,34.182006575326625,cumulative,hansen,111.0,113.33333333333333,173.0,False,0.0030027588866793436,82.7683615819209,30.419159704675618,73.4038043112254,201.0,82.7683615819209,293.0,28.0,0.0030027588866793436,1441.3556605179929,111.0,ROCHOR
SELEGIE,transport_services,transport_services,32.39744580239491,54.21686746987952,153.0,Priority for action,Low agreement,88.35532927931865,36.737113860206335,cumulative,hansen,89.0,113.66666666666667,220.0,False,0.02455898883776249,88.37988826815642,29.428200904224592,96.72937263407368,236.0,88.37988826815642,791.0,16.0,0.02455898883776249,3930.599693395569,89.0,ROCHOR
SELETAR,community_spaces,community_spaces,14.255868699808534,13.253012048192772,289.0,Priority for action,Moderate agreement,20.908237014833322,9.682088807541623,cumulative,hansen,288.0,284.0,18.0,True,7.489604927958349e-05,20.908311910882603,20.14836769763446,11.887601832154088,273.0,20.908311910882603,244.0,288.0,7.489604927958349e-05,26.213738734547295,291.0,SELETAR
SELETAR,education_institutions,education_institutions,31.94895369801886,63.85542168674698,121.0,Priority for action,Low agreement,49.241659756365095,22.120320047627366,cumulative,hansen,164.0,176.0,168.0,False,0.0007644860591466167,49.24242424242424,44.20047900743254,70.57632950344157,98.0,49.24242424242424,195.0,164.0,0.0007644860591466167,122.3336577517209,266.0,SELETAR
SELETAR,emergency_services,emergency_services,6.261705640753713,12.349397590361445,292.0,Priority for action,Moderate agreement,22.22221021148065,9.732757362372997,cumulative,hansen,275.0,275.3333333333333,47.0,True,1.2010741572480901e-05,22.22222222222222,3.6345151861735934,2.0833333333333335,275.0,22.22222222222222,2.0,252.0,1.2010741572480901e-05,3.002687397324588,299.0,SELETAR
SELETAR,essential_services,essential_services,33.33994687002495,65.36144578313254,116.0,Priority for action,Low agreement,48.600123183382465,22.151871394146372,2sfca,hansen,171.0,177.0,162.0,False,0.00042156966856090597,48.600544753051025,48.600544753051025,117.27690413235077,99.0,45.19774011299435,160.0,171.0,0.00042156966856090597,202.35784857002517,261.0,SELETAR
SELETAR,transport_services,transport_services,25.18008942561854,23.19277108433735,256.0,Priority for action,Low agreement,36.311461141466665,17.00569244663544,cumulative,hansen,251.0,244.33333333333334,128.0,True,0.0013880205445130304,36.312849162011176,35.834206374105904,117.78566799540886,177.0,36.312849162011176,325.0,251.0,0.0013880205445130304,222.14893140473157,305.0,SELETAR
SELETAR AEROSPACE PARK,community_spaces,community_spaces,8.779493443711925,8.433734939759036,305.0,Priority for action,High agreement,14.053092651383848,6.1866575349900845,cumulative,hansen,303.0,301.6666666666667,6.0,True,3.502642249261594e-05,14.05312767780634,11.937714800447816,7.043290179293165,304.0,14.05312767780634,164.0,298.0,3.502642249261594e-05,12.259304687752032,303.0,SELETAR
SELETAR AEROSPACE PARK,education_institutions,education_institutions,12.178346011895163,12.048192771084338,293.0,Priority for action,Moderate agreement,19.444110541713606,8.570806585701604,cumulative,hansen,290.0,284.6666666666667,20.0,True,0.0003339027308408011,19.444444444444446,16.578713904374045,26.4717668571338,272.0,19.444444444444446,77.0,290.0,0.0003339027308408011,53.43137642384347,292.0,SELETAR
SELETAR AEROSPACE PARK,emergency_services,emergency_services,0.0,2.5602409638554215,317.0,Priority for action,High agreement,0.0,0.0,2sfca,2sfca,317.0,317.0,0.0,True,0.0,0.0,0.0,0.0,317.0,0.0,0.0,317.0,0.0,0.0,317.0,SELETAR
SELETAR AEROSPACE PARK,essential_services,essential_services,13.004517019199326,13.253012048192772,289.0,Priority for action,Moderate agreement,18.643902519710196,8.767037969205374,cumulative,hansen,291.0,287.3333333333333,21.0,True,0.00016527689997420823,18.64406779661017,18.551307753614598,44.76575215371044,275.0,18.64406779661017,66.0,291.0,0.00016527689997420823,79.33464001637981,296.0,SELETAR
SELETAR AEROSPACE PARK,transport_services,transport_services,13.050798521541406,5.72289156626506,314.0,Priority for action,Moderate agreement,18.992908964888414,8.839776637599238,cumulative,hansen,305.0,305.0,8.0,True,0.001504442932813255,18.994413407821227,18.50292901419463,60.81842112131676,309.0,18.994413407821227,170.0,305.0,0.001504442932813255,240.78201954937092,301.0,SELETAR
SELETAR HILLS,community_spaces,community_spaces,18.470592708588086,21.686746987951807,261.0,Priority for action,Low agreement,31.19091418030393,13.402439775041437,cumulative,hansen,241.0,243.0,16.0,True,0.00017408019306935847,31.191088260497,24.464645664861532,14.434219733976429,241.0,31.191088260497,364.0,236.0,0.00017408019306935847,60.928349944670025,252.0,SERANGOON
SELETAR HILLS,education_institutions,education_institutions,26.410417301948463,44.87951807228915,184.0,Priority for action,Low agreement,46.46322984499848,19.664677164963457,cumulative,hansen,192.0,197.0,73.0,False,0.0014166196479840035,46.464646464646464,34.23412604624955,54.66273249428307,163.0,46.464646464646464,184.0,192.0,0.0014166196479840035,226.6885852363229,236.0,SERANGOON
SELETAR HILLS,emergency_services,emergency_services,9.268218968869162,28.313253012048197,239.0,Priority for action,Low agreement,33.33331803335323,14.6419959883519,cumulative,hansen,206.0,226.66666666666666,110.0,True,1.52999800975975e-05,33.33333333333333,5.203095424416934,2.9824561403508776,206.0,33.33333333333333,3.0,182.0,1.52999800975975e-05,3.824997577471279,292.0,SERANGOON
SELETAR HILLS,essential_services,essential_services,27.187767803957733,44.27710843373494,186.0,Priority for action,Low agreement,42.937030876052205,19.03296607271608,cumulative,hansen,185.0,189.66666666666666,70.0,False,0.0008222312924221315,42.93785310734463,37.19990102620216,89.76626185057253,157.0,42.93785310734463,152.0,185.0,0.0008222312924221315,394.6796170831617,227.0,SERANGOON
SELETAR HILLS,transport_services,transport_services,27.889642410273026,34.33734939759036,219.0,Priority for action,Low agreement,44.91417178089953,19.712717286113307,cumulative,hansen,200.0,216.66666666666666,118.0,False,0.0020293364189086817,44.91620111731844,37.81158677176734,124.28524185475572,166.0,44.91620111731844,402.0,200.0,0.0020293364189086817,324.7898013493965,284.0,SERANGOON
SEMAKAU,community_spaces,community_spaces,21.530323153582362,31.024096385542173,230.0,Priority for action,Low agreement,38.90378960076086,16.29251137888772,cumulative,hansen,206.0,147.66666666666666,187.0,True,0.17076052777384707,39.0745501285347,27.32836993908653,16.12382627878145,212.0,39.0745501285347,456.0,206.0,0.17076052777384707,59766.46170650896,25.0,WESTERN ISLANDS
SEMAKAU,education_institutions,education_institutions,13.315642816214751,12.951807228915662,290.0,Priority for action,Low agreement,31.059880313921706,12.695495734959106,cumulative,hansen,268.0,274.0,18.0,True,0.0007257466843549965,31.060606060606062,14.206607760176462,22.684148518837617,286.0,31.060606060606062,123.0,268.0,0.0007257466843549965,116.1345526659278,268.0,WESTERN ISLANDS
SEMAKAU,emergency_services,emergency_services,13.677763916066128,59.63855421686747,135.0,Priority for action,Low agreement,55.55548174735306,25.06695239583792,cumulative,hansen,147.0,152.33333333333334,126.0,False,7.380820249255634e-05,55.55555555555556,5.133261324988536,2.9424266729556225,218.0,55.55555555555556,5.0,92.0,7.380820249255634e-05,18.452062939341257,147.0,WESTERN ISLANDS
SEMAKAU,essential_services,essential_services,13.477928071662301,14.457831325301203,285.0,Priority for action,Moderate agreement,28.813097184490225,11.77278171121756,cumulative,hansen,265.0,271.3333333333333,37.0,True,0.0004621375436753561,28.8135593220339,15.430155131984835,37.234167504829934,293.0,28.8135593220339,102.0,265.0,0.0004621375436753561,221.830852776521,256.0,WESTERN ISLANDS
SEMAKAU,transport_services,transport_services,18.99917870060275,9.036144578313253,303.0,Priority for action,Low agreement,38.29518883705574,15.708905735256426,cumulative,hansen,238.0,195.0,235.0,True,0.14056535288839758,38.435754189944134,22.53971651349481,74.08718748373215,291.0,38.435754189944134,344.0,238.0,0.14056535288839758,22497.104282877837,56.0,WESTERN ISLANDS
SEMBAWANG CENTRAL,community_spaces,community_spaces,30.722149928428003,65.96385542168674,114.0,Priority for action,Low agreement,46.979228885378966,20.087820587310432,2sfca,hansen,175.0,149.66666666666666,158.0,False,0.0003951498038271651,46.979624035182795,46.979624035182795,27.71812948500625,58.0,36.16109682947729,422.0,216.0,0.0003951498038271651,138.30307230045833,175.0,SEMBAWANG
SEMBAWANG CENTRAL,education_institutions,education_institutions,43.38265070021876,87.65060240963855,42.0,Needs improvement,Low agreement,63.58642039729865,28.52035024817564,2sfca,hansen,33.0,59.0,100.0,False,0.21912385928502556,63.80554425658368,63.80554425658368,101.8803690983042,22.0,57.07070707070707,226.0,122.0,0.21912385928502556,35064.37152946113,33.0,SEMBAWANG
SEMBAWANG CENTRAL,emergency_services,emergency_services,10.086040829769406,36.44578313253012,212.0,Priority for action,Low agreement,33.33313155331595,14.375253320199752,cumulative,hansen,120.0,113.33333333333333,144.0,True,0.0002017800173791228,33.33333333333333,6.83862725819505,3.9199561403508776,120.0,33.33333333333333,3.0,182.0,0.0002017800173791228,50.445038015340394,38.0,SEMBAWANG
SEMBAWANG CENTRAL,essential_services,essential_services,43.509611883053424,84.63855421686746,52.0,Needs improvement,Low agreement,66.10782158523178,28.361758430636005,2sfca,hansen,27.0,61.333333333333336,111.0,False,0.1458975494875971,66.25371913471938,66.25371913471938,159.87539042731396,23.0,51.69491525423729,183.0,134.0,0.1458975494875971,70032.34916480604,27.0,SEMBAWANG
SEMBAWANG CENTRAL,transport_services,transport_services,37.20782214035622,69.57831325301204,102.0,Priority for action,Low agreement,56.21363483687588,24.364667447763093,2sfca,hansen,195.0,145.33333333333334,151.0,False,0.007540818598962001,56.221175655474845,56.221175655474845,184.79685753142476,45.0,45.47486033519553,407.0,196.0,0.007540818598962001,1206.887607174468,195.0,SEMBAWANG
SEMBAWANG EAST,community_spaces,community_spaces,25.61973169340126,46.98795180722892,177.0,Priority for action,Low agreement,34.53395276811665,14.897321079072139,2sfca,hansen,111.0,124.66666666666667,217.0,True,2.857396578838051,37.3913493469547,37.3913493469547,22.06101653861312,111.0,30.334190231362467,354.0,240.0,2.857396578838051,1000093.4374928152,23.0,SEMBAWANG
SEMBAWANG EAST,education_institutions,education_institutions,40.584613397467955,80.12048192771084,67.0,Needs improvement,Low agreement,59.65119215780488,26.84442082538861,2sfca,hansen,141.0,130.33333333333334,186.0,False,0.0018019512371994883,59.652994109042076,59.652994109042076,95.24985843249944,32.0,53.78787878787878,213.0,141.0,0.0018019512371994883,288.3496478443636,218.0,SEMBAWANG
SEMBAWANG EAST,emergency_services,emergency_services,13.86587057708592,61.44578313253012,129.0,Priority for action,Low agreement,44.444382132455985,19.043746038330312,cumulative,hansen,125.0,110.33333333333333,122.0,False,6.231198845708911e-05,44.44444444444444,9.953925989200986,5.705670426065163,42.0,44.44444444444444,4.0,125.0,6.231198845708911e-05,15.57800751212809,164.0,SEMBAWANG
SEMBAWANG EAST,essential_services,essential_services,42.320992190789454,83.13253012048193,57.0,Needs improvement,Low agreement,64.5233240680582,27.676973921013317,2sfca,hansen,98.0,89.0,115.0,False,0.0035412270238809026,64.52686529508209,64.52686529508209,155.708357460281,27.0,50.282485875706215,178.0,142.0,0.0035412270238809026,1699.8259962505888,98.0,SEMBAWANG
SEMBAWANG EAST,transport_services,transport_services,32.83277031755287,56.024096385542165,147.0,Priority for action,Low agreement,49.295271482183885,21.5313676915385,2sfca,hansen,185.0,162.66666666666666,139.0,False,0.007954533425323264,49.30322601560921,49.30322601560921,162.05782123232655,82.0,40.89385474860335,366.0,221.0,0.007954533425323264,1273.1015453944478,185.0,SEMBAWANG
SEMBAWANG HILLS,community_spaces,community_spaces,37.4736197834724,87.65060240963855,42.0,Priority for action,Low agreement,55.78329040157101,25.586175150778786,cumulative,hansen,114.0,88.66666666666667,82.0,False,0.0007712950870817931,55.78406169665809,52.63315211122932,31.053729257827342,35.0,55.78406169665809,651.0,117.0,0.0007712950870817931,269.9545315738511,114.0,ANG MO KIO
SEMBAWANG HILLS,education_institutions,education_institutions,24.38156722421199,34.93975903614458,217.0,Priority for action,Low agreement,39.138555174669314,17.20467831351576,cumulative,hansen,181.0,197.0,66.0,True,0.0028589667448332672,39.141414141414145,33.10485341181142,52.85958648009795,172.0,39.141414141414145,155.0,238.0,0.0028589667448332672,457.4940969837989,181.0,ANG MO KIO
SEMBAWANG HILLS,emergency_services,emergency_services,9.24477565728282,26.506024096385545,245.0,Priority for action,Low agreement,33.33330078840074,14.650164649538967,cumulative,hansen,211.0,210.66666666666666,57.0,True,3.254493258508755e-05,33.33333333333333,5.156198454272758,2.9555744199207696,211.0,33.33333333333333,3.0,182.0,3.254493258508755e-05,8.13623857696869,239.0,ANG MO KIO
SEMBAWANG HILLS,essential_services,essential_services,23.38364384513617,30.120481927710845,233.0,Priority for action,Low agreement,33.43179680105751,15.73642700706568,2sfca,hansen,193.0,206.0,61.0,True,0.0013484724259400153,33.43314527348345,33.43314527348345,80.67678650526086,182.0,33.33333333333333,118.0,243.0,0.0013484724259400153,647.2808632099224,193.0,ANG MO KIO
SEMBAWANG HILLS,transport_services,transport_services,25.68282514213205,24.69879518072289,251.0,Priority for action,Low agreement,38.542767152870475,17.5876954106863,cumulative,hansen,230.0,214.0,60.0,True,0.0047188806490771834,38.547486033519554,35.94382454246683,118.14597872895853,176.0,38.547486033519554,345.0,236.0,0.0047188806490771834,755.2440760066295,230.0,ANG MO KIO
SEMBAWANG NORTH,community_spaces,community_spaces,22.079767913446098,33.433734939759034,222.0,Priority for action,Low agreement,33.67090644861226,14.440568801543293,2sfca,hansen,266.0,222.66666666666666,134.0,True,0.00012343854578782698,33.67102988715804,33.67102988715804,19.8660160755399,134.0,26.221079691516707,306.0,266.0,0.00012343854578782698,43.20369125179769,268.0,SEMBAWANG
SEMBAWANG NORTH,education_institutions,education_institutions,64.46261028809063,99.3975903614458,3.0,Adequate,Low agreement,52.76856892578076,24.238097260806274,hansen,cumulative,62.0,82.0,178.0,False,47.22222222222222,99.99079114800298,50.041856998490594,79.90344602138114,62.0,47.22222222222222,187.0,181.0,99.99079114800298,16000604.688956983,3.0,SEMBAWANG
SEMBAWANG NORTH,emergency_services,emergency_services,10.085994552691773,35.54216867469879,215.0,Priority for action,Low agreement,33.33328581024139,14.375301216973865,cumulative,hansen,182.0,166.66666666666666,78.0,True,4.752309193538389e-05,33.33333333333333,6.83862725819505,3.9199561403508776,120.0,33.33333333333333,3.0,182.0,4.752309193538389e-05,11.880780913913204,198.0,SEMBAWANG
SEMBAWANG NORTH,essential_services,essential_services,35.99147287829343,72.28915662650603,93.0,Priority for action,Low agreement,54.24046498044225,23.585987646931013,2sfca,hansen,176.0,143.0,117.0,False,0.0014798636214528068,54.2419448440637,54.2419448440637,130.890042441966,68.0,44.35028248587571,157.0,176.0,0.0014798636214528068,710.3500107977327,185.0,SEMBAWANG
SEMBAWANG NORTH,transport_services,transport_services,45.1820580904175,87.65060240963855,42.0,Needs improvement,High agreement,11.891126157258412,4.881291504352929,hansen,cumulative,124.0,134.0,206.0,False,38.100558659217874,49.99168481647629,45.12888182726208,148.33691128572002,124.0,38.100558659217874,341.0,242.0,49.99168481647629,8001033.849969859,36.0,SEMBAWANG
SEMBAWANG SPRINGS,community_spaces,community_spaces,33.54408779053722,76.20481927710844,80.0,Priority for action,Low agreement,51.04638719804761,21.94363480695305,2sfca,hansen,172.0,137.0,161.0,False,0.00041079851772855077,51.04679799656534,51.04679799656534,30.117775221107095,39.0,40.102827763496144,468.0,200.0,0.00041079851772855077,143.78014754926485,172.0,SEMBAWANG
SEMBAWANG SPRINGS,education_institutions,education_institutions,44.49134233653291,87.95180722891565,41.0,Needs improvement,Low agreement,65.63185844460234,29.368296200245585,2sfca,hansen,70.0,65.66666666666667,101.0,False,0.010933059456337518,65.64279150405868,65.64279150405868,104.813960996602,13.0,58.333333333333336,231.0,114.0,0.010933059456337518,1749.5167344239317,70.0,SEMBAWANG
SEMBAWANG SPRINGS,emergency_services,emergency_services,13.865872361403568,61.74698795180723,128.0,Priority for action,Low agreement,44.44437618473049,19.043744150595888,cumulative,hansen,125.0,106.33333333333333,110.0,False,6.825971395561172e-05,44.44444444444444,9.953925989200986,5.705670426065163,42.0,44.44444444444444,4.0,125.0,6.825971395561172e-05,17.064939879241795,152.0,SEMBAWANG
SEMBAWANG SPRINGS,essential_services,essential_services,47.95497595275072,91.56626506024097,29.0,Needs improvement,Low agreement,73.52632121310297,31.346751068932313,2sfca,hansen,66.0,65.66666666666667,109.0,False,0.006718335291413293,73.53303954839438,73.53303954839438,177.44095819288174,11.0,55.932203389830505,198.0,120.0,0.006718335291413293,3224.8711824628176,66.0,SEMBAWANG
SEMBAWANG SPRINGS,transport_services,transport_services,52.772102100312736,94.87951807228916,18.0,Needs improvement,High agreement,10.630170748894301,4.412048177333998,2sfca,cumulative,42.0,86.66666666666667,158.0,False,46.36871508379888,56.99888583269318,56.99888583269318,187.35316118649004,42.0,46.36871508379888,415.0,188.0,49.996387224021205,8001786.45757013,30.0,SEMBAWANG
SEMBAWANG STRAITS,community_spaces,community_spaces,11.86942422656343,11.44578313253012,295.0,Priority for action,Moderate agreement,18.582710739209464,7.769040096605729,2sfca,hansen,279.0,205.0,266.0,True,0.009218461943872274,18.591929201153338,18.591929201153338,10.969298106509036,279.0,12.853470437017995,150.0,301.0,0.009218461943872274,3226.4766333530524,35.0,SEMBAWANG
SEMBAWANG STRAITS,education_institutions,education_institutions,8.200394240655257,9.939759036144578,300.0,Priority for action,High agreement,12.878358461565023,5.725566124219482,cumulative,hansen,296.0,294.0,10.0,True,0.00042941722285628163,12.878787878787879,11.249015679461648,17.961665914289416,296.0,12.878787878787879,51.0,298.0,0.00042941722285628163,68.71568022082133,288.0,SEMBAWANG
SEMBAWANG STRAITS,emergency_services,emergency_services,3.130852806986856,5.421686746987952,315.0,Priority for action,High agreement,11.11110515037366,4.866378694361609,cumulative,hansen,311.0,307.6666666666667,14.0,True,5.960737450406439e-06,11.11111111111111,1.8172575930867967,1.0416666666666667,313.0,11.11111111111111,1.0,299.0,5.960737450406439e-06,1.4901853572559305,311.0,SEMBAWANG
SEMBAWANG STRAITS,essential_services,essential_services,9.26297789674518,9.63855421686747,301.0,Priority for action,High agreement,13.276710886090228,6.2442118518689185,cumulative,hansen,298.0,298.3333333333333,5.0,True,0.00012527210186180003,13.27683615819209,13.215146166952408,31.88917815616429,301.0,13.27683615819209,47.0,296.0,0.00012527210186180003,60.13191865803434,298.0,SEMBAWANG
SEMBAWANG STRAITS,transport_services,transport_services,11.9217864242014,5.421686746987952,315.0,Priority for action,Moderate agreement,16.57537367796526,7.472211913925229,2sfca,hansen,308.0,220.66666666666666,266.0,True,0.6320099563837974,17.207383634349057,17.207383634349057,56.56001292914471,310.0,15.64245810055866,140.0,308.0,0.6320099563837974,101151.48295378388,44.0,SEMBAWANG
SENGKANG TOWN CENTRE,community_spaces,community_spaces,23.28591909310994,40.06024096385542,200.0,Priority for action,Low agreement,36.76067725416539,16.298619514514023,cumulative,hansen,211.0,198.33333333333334,70.0,True,0.00024819570607959577,36.760925449871465,31.86731908884764,18.8018208954416,157.0,36.760925449871465,429.0,211.0,0.00024819570607959577,86.86889971886109,227.0,SENGKANG
SENGKANG TOWN CENTRE,education_institutions,education_institutions,46.54995994564216,90.96385542168674,31.0,Needs improvement,Low agreement,74.2321833538002,32.73784945347118,cumulative,hansen,45.0,47.0,50.0,False,0.010240888624059618,74.24242424242425,63.39680566114018,101.22772300847464,23.0,74.24242424242425,294.0,45.0,0.010240888624059618,1638.755015896153,73.0,SENGKANG
SENGKANG TOWN CENTRE,emergency_services,emergency_services,6.261721215942657,14.156626506024098,286.0,Priority for action,Moderate agreement,22.22215829418417,9.732742037162286,cumulative,hansen,252.0,228.33333333333334,117.0,True,6.392803805265283e-05,22.22222222222222,3.6345151861735934,2.0833333333333335,275.0,22.22222222222222,2.0,252.0,6.392803805265283e-05,15.982020180685437,158.0,SENGKANG
SENGKANG TOWN CENTRE,essential_services,essential_services,48.35868235787251,91.86746987951807,28.0,Needs improvement,Low agreement,69.47520795835602,32.4253678318543,2sfca,hansen,68.0,53.0,55.0,False,0.006573962068691859,69.48178192042471,69.48178192042471,167.66495763846353,18.0,68.07909604519774,241.0,73.0,0.006573962068691859,3155.570526083148,68.0,SENGKANG
SENGKANG TOWN CENTRE,transport_services,transport_services,37.04049098955791,68.67469879518072,105.0,Priority for action,Low agreement,57.029007515979856,25.608281926437467,cumulative,hansen,76.0,93.33333333333333,70.0,False,0.0659645510592496,57.09497206703911,51.203414421664625,168.303667962899,76.0,57.09497206703911,511.0,137.0,0.0659645510592496,10557.447860792512,67.0,SENGKANG
SENGKANG WEST,community_spaces,community_spaces,13.414720212723346,12.650602409638553,291.0,Priority for action,Moderate agreement,22.70772277269686,9.747848935800222,cumulative,hansen,281.0,284.0,9.0,True,7.49993682610177e-05,22.707797772065124,17.746276316999683,10.470360181318618,281.0,22.707797772065124,265.0,281.0,7.49993682610177e-05,26.24990054563997,290.0,SENGKANG
SENGKANG WEST,education_institutions,education_institutions,22.99761946037418,32.22891566265061,226.0,Priority for action,Low agreement,40.40322726349279,17.107932653433217,cumulative,hansen,231.0,225.0,80.0,False,0.0008131405476125092,40.4040404040404,29.833134874803633,47.635528037845525,182.0,40.4040404040404,160.0,231.0,0.0008131405476125092,130.11938709087426,262.0,SENGKANG
SENGKANG WEST,emergency_services,emergency_services,6.31909173281959,15.963855421686745,280.0,Priority for action,Moderate agreement,22.222213510884227,9.713296313896201,cumulative,hansen,268.0,276.6666666666667,58.0,True,8.711337992349691e-06,22.22222222222222,3.749289349947496,2.149122807017544,268.0,22.22222222222222,2.0,252.0,8.711337992349691e-06,2.1778359517280244,310.0,SENGKANG
SENGKANG WEST,essential_services,essential_services,24.64710991892214,35.54216867469879,215.0,Priority for action,Low agreement,38.41766155436084,17.149940281138736,cumulative,hansen,211.0,217.33333333333334,85.0,True,0.0004175416843596461,38.4180790960452,33.92673767441559,81.86786345673767,178.0,38.4180790960452,136.0,211.0,0.0004175416843596461,200.4243740394133,263.0,SENGKANG
SENGKANG WEST,transport_services,transport_services,23.267505258712117,18.373493975903614,272.0,Priority for action,Low agreement,36.9812516147564,16.33820855176974,cumulative,hansen,248.0,248.66666666666666,76.0,True,0.0019886087072880417,36.98324022346369,31.740521262814386,104.32988135505629,211.0,36.98324022346369,331.0,248.0,0.0019886087072880417,318.2714413360298,287.0,SENGKANG
SENJA,community_spaces,community_spaces,33.050188926301395,74.69879518072288,85.0,Priority for action,Low agreement,47.76234638759313,22.077075400361867,2sfca,hansen,170.0,149.0,171.0,False,0.00025852595666139773,47.76260491354979,47.76260491354979,28.18009072493885,53.0,45.84404455869752,535.0,170.0,0.00025852595666139773,90.4845041788894,224.0,BUKIT PANJANG
SENJA,education_institutions,education_institutions,45.175916052654756,88.85542168674698,38.0,Needs improvement,High agreement,7.032064780561498,3.2120062129952456,hansen,2sfca,110.0,109.66666666666667,193.0,False,42.97428491452202,50.00634969508352,42.97428491452202,68.61842587253581,110.0,43.43434343434344,172.0,206.0,50.00634969508352,8002055.231510749,13.0,BUKIT PANJANG
SENJA,emergency_services,emergency_services,9.818630631788846,32.831325301204814,224.0,Priority for action,Low agreement,33.33328446396569,14.458510435910943,cumulative,hansen,182.0,174.33333333333334,47.0,True,4.8869367637771296e-05,33.33333333333333,6.303898608623778,3.613445378151261,147.0,33.33333333333333,3.0,182.0,4.8869367637771296e-05,12.217350064159934,194.0,BUKIT PANJANG
SENJA,essential_services,essential_services,38.30189644796897,77.40963855421687,76.0,Priority for action,High agreement,8.917691130926698,3.7512290312480054,2sfca,hansen,131.0,126.0,213.0,False,33.33488704945971,42.25257818038641,42.25257818038641,101.95876580775884,131.0,35.87570621468927,127.0,230.0,33.33488704945971,16001094.311838277,17.0,BUKIT PANJANG
SENJA,transport_services,transport_services,45.84294202805006,89.45783132530121,36.0,Needs improvement,High agreement,9.88467233189143,4.044950547629397,hansen,cumulative,119.0,124.33333333333333,196.0,False,40.11173184357542,49.99640417546685,45.64334881338984,150.02794462381095,119.0,40.11173184357542,359.0,225.0,49.99640417546685,8001789.170603125,29.0,BUKIT PANJANG
SENNETT,community_spaces,community_spaces,32.158886624955684,72.59036144578313,92.0,Priority for action,Low agreement,76.8626594539086,31.462601312230603,cumulative,hansen,81.0,85.66666666666667,96.0,False,0.0010937594590112497,76.86375321336762,33.57161570888891,19.807361390184276,136.0,76.86375321336762,897.0,40.0,0.0010937594590112497,382.81758480919626,81.0,TOA PAYOH
SENNETT,education_institutions,education_institutions,40.75525269980791,81.32530120481928,63.0,Needs improvement,Low agreement,92.16068170088276,37.630702288219595,cumulative,hansen,69.0,56.333333333333336,90.0,False,0.011035470834413683,92.17171717171718,44.63519724842831,71.27045813070181,95.0,92.17171717171718,365.0,5.0,0.011035470834413683,1765.904683328372,69.0,TOA PAYOH
SENNETT,emergency_services,emergency_services,19.436013275126925,84.93975903614458,51.0,Priority for action,Low agreement,77.77771565250254,34.97931062982023,cumulative,hansen,77.0,92.0,133.0,False,6.21252752562185e-05,77.77777777777779,7.760878163977584,4.448597776248515,77.0,77.77777777777779,7.0,33.0,6.21252752562185e-05,15.531329180754044,166.0,TOA PAYOH
SENNETT,essential_services,essential_services,46.44348408485646,89.1566265060241,37.0,Needs improvement,Low agreement,97.44982857915286,39.858206465679544,cumulative,hansen,59.0,45.0,68.0,False,0.007798539491198229,97.45762711864407,53.89923819856056,130.06306458370508,72.0,97.45762711864407,345.0,4.0,0.007798539491198229,3743.380492278604,59.0,TOA PAYOH
SENNETT,transport_services,transport_services,41.9107236703514,81.62650602409639,62.0,Needs improvement,Low agreement,92.17080661169754,37.630716603493696,cumulative,hansen,108.0,99.66666666666667,177.0,False,0.007964338023133243,92.17877094972067,46.945160358000656,154.30694946028814,108.0,92.17877094972067,825.0,7.0,0.007964338023133243,1274.670744737318,184.0,TOA PAYOH
SENOKO NORTH,community_spaces,community_spaces,18.34622633043999,21.084337349397593,263.0,Priority for action,Moderate agreement,27.849150184478,12.005999781195635,2sfca,hansen,283.0,260.3333333333333,86.0,True,7.175983349847693e-05,27.8492219443115,27.8492219443115,16.431130639338676,206.0,22.10796915167095,258.0,283.0,7.175983349847693e-05,25.116058123996023,292.0,SEMBAWANG
SENOKO NORTH,education_institutions,education_institutions,27.408458772059998,48.795180722891565,171.0,Priority for action,Low agreement,40.06848177423812,18.18113046715487,2sfca,hansen,246.0,218.66666666666666,152.0,False,0.0006006390044513582,40.069082413242576,40.069082413242576,63.97959539809587,129.0,36.868686868686865,146.0,246.0,0.0006006390044513582,96.1147237726081,281.0,SEMBAWANG
SENOKO NORTH,emergency_services,emergency_services,6.71602178073929,18.373493975903614,272.0,Priority for action,Moderate agreement,22.222204405767723,9.585962951761223,cumulative,hansen,252.0,259.6666666666667,43.0,True,1.781645449967182e-05,22.22222222222222,4.543143982716991,2.604166666666667,242.0,22.22222222222222,2.0,252.0,1.781645449967182e-05,4.454116597908058,285.0,SEMBAWANG
SENOKO NORTH,essential_services,essential_services,28.800312058145348,48.795180722891565,171.0,Priority for action,Low agreement,43.588801685036316,18.85685138636535,2sfca,hansen,239.0,213.0,154.0,False,0.00032687264132964127,43.58912855767765,43.58912855767765,105.18396608611172,123.0,35.02824858757062,124.0,239.0,0.00032687264132964127,156.9022854079252,277.0,SEMBAWANG
SENOKO NORTH,transport_services,transport_services,43.65851681029322,84.63855421686746,52.0,Needs improvement,Moderate agreement,16.281065551153425,6.65235857782655,hansen,cumulative,137.0,133.33333333333334,249.0,False,34.41340782122905,50.694473372382475,43.13498646866533,141.78305338041508,137.0,34.41340782122905,308.0,256.0,50.694473372382475,8113513.256211506,7.0,SEMBAWANG
SENOKO SOUTH,community_spaces,community_spaces,24.18493885999643,42.46987951807229,192.0,Priority for action,Low agreement,36.235929560007826,15.874605528391982,2sfca,hansen,240.0,203.33333333333334,136.0,True,0.00017004215002617838,36.23609960215785,36.23609960215785,21.37941546854456,117.0,30.334190231362467,354.0,240.0,0.00017004215002617838,59.51502832956536,253.0,SEMBAWANG
SENOKO SOUTH,education_institutions,education_institutions,37.20372434501333,75.30120481927712,83.0,Priority for action,Low agreement,54.809309913414495,24.580522117378788,2sfca,hansen,165.0,150.0,191.0,False,0.0013619879078575862,54.81067190132235,54.81067190132235,87.51796648543721,47.0,48.98989898989899,194.0,165.0,0.0013619879078575862,217.94637140646373,238.0,SEMBAWANG
SENOKO SOUTH,emergency_services,emergency_services,10.085994785479134,35.8433734939759,214.0,Priority for action,Low agreement,33.33328503428352,14.37530097603843,cumulative,hansen,182.0,166.0,76.0,True,4.829904981064285e-05,33.33333333333333,6.83862725819505,3.9199561403508776,120.0,33.33333333333333,3.0,182.0,4.829904981064285e-05,12.07477051221022,196.0,SEMBAWANG
SENOKO SOUTH,essential_services,essential_services,37.895575256151496,76.20481927710844,80.0,Priority for action,Low agreement,57.71080894164726,24.78776397462614,2sfca,hansen,171.0,150.0,185.0,False,0.0007784534112482419,57.71158739505851,57.71158739505851,139.2625604640196,47.0,45.19774011299435,160.0,171.0,0.0007784534112482419,373.6657764063801,232.0,SEMBAWANG
SENOKO SOUTH,transport_services,transport_services,50.20952919144736,93.97590361445783,21.0,Needs improvement,High agreement,11.14033756360923,4.651839235818387,2sfca,cumulative,63.0,104.0,173.0,False,42.3463687150838,53.48670627869303,53.48670627869303,175.80876110772462,63.0,42.3463687150838,379.0,211.0,49.98967436361361,8000712.082430575,38.0,SEMBAWANG
SENOKO WEST,community_spaces,community_spaces,22.849205372619714,38.25301204819277,206.0,Priority for action,Low agreement,34.385517769646306,14.9786653606282,2sfca,hansen,127.0,153.66666666666666,180.0,True,0.0011493693858053175,34.38666713903211,34.38666713903211,20.288244358952394,127.0,28.277634961439592,330.0,257.0,0.0011493693858053175,402.2811493903573,77.0,WOODLANDS
SENOKO WEST,education_institutions,education_institutions,37.313046463405925,75.6024096385542,82.0,Priority for action,Low agreement,55.32949081625198,24.580684612606802,2sfca,hansen,171.0,138.66666666666666,155.0,False,0.002295511019108368,55.33178632727109,55.33178632727109,88.35004668593847,45.0,48.23232323232323,191.0,171.0,0.002295511019108368,367.3294705862655,200.0,WOODLANDS
SENOKO WEST,emergency_services,emergency_services,6.716031691919605,18.67469879518072,271.0,Priority for action,Moderate agreement,22.222171368500007,9.585952702367543,cumulative,hansen,242.0,227.66666666666666,63.0,True,5.085372221503421e-05,22.22222222222222,4.543143982716991,2.604166666666667,242.0,22.22222222222222,2.0,252.0,5.085372221503421e-05,12.713439039600273,189.0,WOODLANDS
SENOKO WEST,essential_services,essential_services,37.48273699800881,75.0,84.0,Priority for action,Low agreement,57.4494471740283,24.50448804970293,2sfca,hansen,179.0,145.0,158.0,False,0.0011890801275091898,57.45063625415581,57.45063625415581,138.63286501327153,49.0,43.78531073446328,155.0,179.0,0.0011890801275091898,570.7708934599679,207.0,WOODLANDS
SENOKO WEST,transport_services,transport_services,35.22677865700164,65.66265060240963,115.0,Priority for action,Low agreement,53.817628906391406,23.03064232763777,2sfca,hansen,211.0,161.66666666666666,158.0,False,0.006393802243450432,53.82402270863486,53.82402270863486,176.91750733226033,58.0,41.564245810055866,372.0,216.0,0.006393802243450432,1023.310743929954,211.0,WOODLANDS
SENTOSA,community_spaces,community_spaces,12.745474367976232,11.897590361445783,293.0,Priority for action,Moderate agreement,28.7917090164233,11.755847035965967,cumulative,hansen,293.0,280.6666666666667,41.0,True,6.47624970069784e-05,28.79177377892031,13.974200366886139,8.244823222269636,295.0,28.79177377892031,336.0,254.0,6.47624970069784e-05,22.666979001796477,293.0,SOUTHERN ISLANDS
SENTOSA,education_institutions,education_institutions,40.6703358661446,80.57228915662651,65.0,Needs improvement,Low agreement,90.25543116949744,38.80484119189064,hansen,2sfca,274.0,193.33333333333334,294.0,False,9.732032134018192,99.98746330351564,9.732032134018192,15.539449391782655,300.0,29.040404040404038,115.0,274.0,99.98746330351564,16000072.164676525,6.0,SOUTHERN ISLANDS
SENTOSA,emergency_services,emergency_services,43.55892108482663,99.24698795180723,3.0,Needs improvement,Low agreement,95.10438005256897,38.85382981691782,hansen,2sfca,92.0,106.66666666666667,226.0,False,4.895619947431031,100.0,4.895619947431031,2.8062087242376736,227.0,55.55555555555556,5.0,92.0,100.0,25000016.686766177,1.0,SOUTHERN ISLANDS
SENTOSA,essential_services,essential_services,24.11158678398182,33.58433734939759,221.0,Priority for action,Moderate agreement,21.21164516001701,9.567236319053126,cumulative,2sfca,237.0,184.66666666666666,275.0,True,14.099089303259827,35.31073446327684,14.099089303259827,34.02220186982682,296.0,35.31073446327684,125.0,237.0,33.332984132321805,16000180.891716408,21.0,SOUTHERN ISLANDS
SENTOSA,transport_services,transport_services,28.29734306049232,36.295180722891565,212.0,Priority for action,Low agreement,37.06015414576285,15.184508381533089,hansen,2sfca,259.0,204.0,275.0,False,12.92663498743478,49.98678913319763,12.92663498743478,42.48935559036274,314.0,34.18994413407821,306.0,259.0,49.98678913319763,8000250.309111512,39.0,SOUTHERN ISLANDS
SERANGOON CENTRAL,community_spaces,community_spaces,39.311203126455375,90.06024096385542,34.0,Priority for action,Low agreement,81.2335510965745,33.265074799326136,cumulative,hansen,64.0,91.33333333333333,148.0,False,0.00038206537923278846,81.23393316195373,46.12860374890172,27.216024775274207,64.0,81.23393316195373,948.0,31.0,0.00038206537923278846,133.72350246856368,179.0,SERANGOON
SERANGOON CENTRAL,education_institutions,education_institutions,48.50386422995078,92.46987951807229,26.0,Needs improvement,Low agreement,99.9944701815201,40.95578535202298,cumulative,hansen,41.0,54.0,119.0,False,0.005529818479900747,100.0,57.00441056881361,91.0207797245261,41.0,100.0,396.0,1.0,0.005529818479900747,884.8858828170999,120.0,SERANGOON
SERANGOON CENTRAL,emergency_services,emergency_services,14.108279635712687,62.34939759036144,126.0,Priority for action,Low agreement,55.55552650381015,24.896818520875545,cumulative,hansen,165.0,169.33333333333334,159.0,False,2.9051745404998824e-05,55.55555555555556,5.994319618155905,3.435992211193824,165.0,55.55555555555556,5.0,92.0,2.9051745404998824e-05,7.262941199046532,251.0,SERANGOON
SERANGOON CENTRAL,essential_services,essential_services,60.60315863547068,98.49397590361446,6.0,Adequate,Low agreement,62.70788398977058,25.61613904118014,cumulative,hansen,15.0,20.0,33.0,False,33.33731375034242,96.045197740113,62.785849924690694,151.50715161528842,39.0,96.045197740113,340.0,6.0,33.33731375034242,16002259.153633997,15.0,SERANGOON
SERANGOON CENTRAL,transport_services,transport_services,44.43974877557626,86.44578313253012,46.0,Needs improvement,Low agreement,88.03351229965844,36.224924277744634,cumulative,hansen,62.0,79.0,139.0,False,0.011180437771729166,88.04469273743017,53.654912193517426,176.36164752668228,62.0,88.04469273743017,788.0,18.0,0.011180437771729166,1789.3988049709417,157.0,SERANGOON
SERANGOON GARDEN,community_spaces,community_spaces,36.129085568376674,84.03614457831326,54.0,Priority for action,Low agreement,70.95085207031202,29.235091976029096,cumulative,hansen,72.0,112.33333333333333,143.0,False,0.00030474202731509777,70.95115681233933,43.87752556660122,25.887881397814443,72.0,70.95115681233933,828.0,61.0,0.00030474202731509777,106.66020387342218,204.0,SERANGOON
SERANGOON GARDEN,education_institutions,education_institutions,48.18036305552552,92.16867469879519,27.0,Needs improvement,Low agreement,93.43114984279296,38.57891489814869,cumulative,hansen,33.0,68.0,167.0,False,0.0031935915504754456,93.43434343434343,58.98507258238338,94.18336660240006,33.0,93.43434343434343,370.0,2.0,0.0031935915504754456,511.0410203827192,169.0,SERANGOON
SERANGOON GARDEN,emergency_services,emergency_services,8.726232358455619,23.49397590361446,255.0,Priority for action,Low agreement,33.333309712364716,14.838189811827638,cumulative,hansen,256.0,235.0,85.0,True,2.362096861158044e-05,33.33333333333333,4.119117210996738,2.361111111111111,256.0,33.33333333333333,3.0,182.0,2.362096861158044e-05,5.905246094470911,267.0,SERANGOON
SERANGOON GARDEN,essential_services,essential_services,49.641681599615836,93.37349397590361,23.0,Needs improvement,Low agreement,87.8509606116376,37.109199590312095,cumulative,hansen,30.0,63.666666666666664,121.0,False,0.002146732995154414,87.85310734463276,64.14083222158148,154.7768295528699,30.0,87.85310734463276,311.0,20.0,0.002146732995154414,1030.4542825309372,141.0,SERANGOON
SERANGOON GARDEN,transport_services,transport_services,41.48200465633006,80.42168674698796,66.0,Needs improvement,Low agreement,77.86446087582252,32.3609984133737,cumulative,hansen,72.0,89.66666666666667,89.0,False,0.01263409624452938,77.87709497206704,51.80559086608659,170.28299894115096,72.0,77.87709497206704,697.0,54.0,0.01263409624452938,2022.052909145817,143.0,SERANGOON
SERANGOON NORTH,community_spaces,community_spaces,31.810248614221955,71.08433734939759,97.0,Priority for action,Low agreement,58.095958971406205,24.311586771447267,cumulative,hansen,86.0,80.66666666666667,48.0,False,0.0017274039151284855,58.09768637532133,40.3803862359663,23.824557929728503,86.0,58.09768637532133,678.0,102.0,0.0017274039151284855,604.594172266386,54.0,SERANGOON
SERANGOON NORTH,education_institutions,education_institutions,49.654243714730924,93.67469879518072,22.0,Needs improvement,Low agreement,90.39793904727036,37.86120086535235,cumulative,hansen,25.0,49.333333333333336,103.0,False,0.00610135677006236,90.40404040404042,63.14321045378364,100.82279936699376,25.0,90.40404040404042,358.0,10.0,0.00610135677006236,976.3438875041744,113.0,SERANGOON
SERANGOON NORTH,emergency_services,emergency_services,5.898257256616963,11.44578313253012,295.0,Priority for action,Moderate agreement,22.22219976321195,9.86201693594647,cumulative,hansen,272.0,274.0,46.0,True,2.2459010271444814e-05,22.22222222222222,2.9076121489388744,1.6666666666666667,298.0,22.22222222222222,2.0,252.0,2.2459010271444814e-05,5.614756315543733,272.0,SERANGOON
SERANGOON NORTH,essential_services,essential_services,47.68122854304754,91.26506024096386,30.0,Needs improvement,Low agreement,77.96309724700012,33.97123751981996,cumulative,hansen,44.0,61.0,81.0,False,0.0030044479151356837,77.96610169491525,64.1742137393799,154.85738175825216,29.0,77.96610169491525,276.0,44.0,0.0030044479151356837,1442.1664118364292,110.0,SERANGOON
SERANGOON NORTH,transport_services,transport_services,43.214886299242565,83.43373493975903,56.0,Needs improvement,Low agreement,75.15538308383971,31.81072720223348,cumulative,hansen,47.0,51.333333333333336,17.0,False,0.4870750167189501,75.64245810055866,55.8805443482303,183.6772154317761,47.0,75.64245810055866,677.0,62.0,0.4870750167189501,77955.03813383271,45.0,SERANGOON
SERANGOON NORTH IND ESTATE,community_spaces,community_spaces,38.4863720926194,88.85542168674698,38.0,Priority for action,Low agreement,67.0946224489935,28.485401673916083,cumulative,hansen,72.0,89.0,111.0,False,0.0004932322404263535,67.09511568123393,50.13440197340097,29.57945862894503,42.0,67.09511568123393,783.0,72.0,0.0004932322404263535,172.6320842068287,153.0,SERANGOON
SERANGOON NORTH IND ESTATE,education_institutions,education_institutions,50.81426646374572,95.18072289156626,17.0,Needs improvement,Low agreement,92.42200222356789,38.71996398266896,cumulative,hansen,18.0,74.66666666666667,200.0,False,0.0022402006745377806,92.42424242424242,64.65749183738974,103.24070126059858,18.0,92.42424242424242,366.0,3.0,0.0022402006745377806,358.47866594192556,203.0,SERANGOON
SERANGOON NORTH IND ESTATE,emergency_services,emergency_services,9.26822562594249,28.614457831325304,238.0,Priority for action,Low agreement,33.3332958431088,14.641989499165348,cumulative,hansen,206.0,205.0,45.0,True,3.749022452503868e-05,33.33333333333333,5.203095424416934,2.9824561403508776,206.0,33.33333333333333,3.0,182.0,3.749022452503868e-05,9.372562387165775,227.0,SERANGOON
SERANGOON NORTH IND ESTATE,essential_services,essential_services,48.96502252607637,93.07228915662651,24.0,Needs improvement,Low agreement,80.22478549905796,34.924696283899245,cumulative,hansen,36.0,89.33333333333333,180.0,False,0.0012032015070221724,80.22598870056498,65.83892765102253,158.87446623365298,26.0,80.22598870056498,284.0,36.0,0.0012032015070221724,577.5493032702437,206.0,SERANGOON
SERANGOON NORTH IND ESTATE,transport_services,transport_services,45.77831980619756,89.1566265060241,37.0,Needs improvement,Low agreement,78.30624024849335,33.47241583763932,cumulative,hansen,53.0,67.33333333333333,77.0,False,0.01778209787537126,78.32402234636872,60.2163614151224,197.92888056419588,36.0,78.32402234636872,701.0,53.0,0.01778209787537126,2845.9766368472424,113.0,SERANGOON
SHANGRI-LA,community_spaces,community_spaces,33.051907076120436,75.0,84.0,Priority for action,Low agreement,54.2408553921306,23.59538599680875,cumulative,hansen,109.0,100.0,57.0,False,0.0007898520853409356,54.24164524421594,44.40668214330329,26.20008548228916,67.0,54.24164524421594,633.0,124.0,0.0007898520853409356,276.4495110653156,109.0,ANG MO KIO
SHANGRI-LA,education_institutions,education_institutions,31.858766980113835,63.25301204819277,123.0,Priority for action,Low agreement,55.29931919819964,23.512903439259347,cumulative,hansen,130.0,133.0,31.0,False,0.003711104830658451,55.3030303030303,41.59409517611716,66.41463243087308,119.0,55.3030303030303,219.0,130.0,0.003711104830658451,593.8539006732367,150.0,ANG MO KIO
SHANGRI-LA,emergency_services,emergency_services,9.244783361964396,27.10843373493976,243.0,Priority for action,Low agreement,33.33327510612882,14.650157152493588,cumulative,hansen,182.0,189.33333333333334,36.0,True,5.8227204502209224e-05,33.33333333333333,5.156198454272758,2.9555744199207696,211.0,33.33333333333333,3.0,182.0,5.8227204502209224e-05,14.556810841789773,175.0,ANG MO KIO
SHANGRI-LA,essential_services,essential_services,30.108813945841355,53.31325301204819,156.0,Priority for action,Low agreement,47.173798014363726,20.999420951473606,cumulative,hansen,162.0,163.66666666666666,59.0,False,0.0013432285741279192,47.175141242937855,41.34676545736309,99.77296907606272,135.0,47.175141242937855,167.0,162.0,0.0013432285741279192,644.7637595137809,194.0,ANG MO KIO
SHANGRI-LA,transport_services,transport_services,29.234543100434465,39.1566265060241,203.0,Priority for action,Low agreement,48.15128811819697,20.910415127626532,cumulative,hansen,177.0,187.66666666666666,66.0,False,0.005136462808618313,48.15642458100559,39.203434490781525,128.86019215839733,160.0,48.15642458100559,431.0,177.0,0.005136462808618313,822.0769704349232,226.0,ANG MO KIO
SHIPYARD,community_spaces,community_spaces,4.333565749284756,6.325301204819277,312.0,Priority for action,High agreement,6.336353772231544,2.8744401536486808,2sfca,hansen,311.0,310.3333333333333,4.0,True,9.429432523814254e-06,6.336363201664068,6.336363201664068,3.738474696098535,311.0,5.8269065981148245,68.0,308.0,9.429432523814254e-06,3.3003166785419578,312.0,BOON LAY
SHIPYARD,education_institutions,education_institutions,6.096136845429166,8.433734939759036,305.0,Priority for action,High agreement,8.959826080226785,4.032499853262644,2sfca,hansen,304.0,305.0,3.0,True,7.773644269706962e-05,8.959903816669481,8.959903816669481,14.30656722018951,304.0,8.080808080808081,32.0,304.0,7.773644269706962e-05,12.439446425426246,307.0,BOON LAY
SHIPYARD,emergency_services,emergency_services,7.14984030204306,19.879518072289155,267.0,Priority for action,Moderate agreement,22.2222060410335,9.461778962833511,cumulative,hansen,252.0,243.0,101.0,True,1.618118872404635e-05,22.22222222222222,5.410782006483996,3.101503759398496,188.0,22.22222222222222,2.0,252.0,1.618118872404635e-05,4.045299881128715,289.0,BOON LAY
SHIPYARD,essential_services,essential_services,7.280686714485828,8.132530120481928,306.0,Priority for action,High agreement,11.284460658658258,4.761088377884326,2sfca,hansen,304.0,304.6666666666667,4.0,True,4.788257581720265e-05,11.284508541234075,11.284508541234075,27.230399023210975,304.0,8.192090395480225,29.0,303.0,4.788257581720265e-05,22.98413702161395,307.0,BOON LAY
SHIPYARD,transport_services,transport_services,29.26725178591764,40.06024096385542,200.0,Priority for action,Low agreement,45.568567588916906,19.147469422244953,2sfca,hansen,259.0,216.33333333333334,150.0,False,0.003151330106106327,45.57171891902301,45.57171891902301,149.7924998962689,120.0,32.402234636871505,290.0,270.0,0.003151330106106327,504.36185425532653,259.0,BOON LAY
SIGLAP,community_spaces,community_spaces,60.15030818642596,98.79518072289156,5.0,Adequate,Low agreement,96.88884835345483,39.83915172460999,2sfca,hansen,99.0,69.0,100.0,False,0.000821164651032302,96.88966951810586,96.88966951810586,57.165217061998824,4.0,58.5261353898886,683.0,99.0,0.000821164651032302,287.4089598484917,104.0,BEDOK
SIGLAP,education_institutions,education_institutions,41.969520581520676,85.2409638554217,50.0,Needs improvement,Low agreement,64.73841248032609,27.43403073866791,2sfca,hansen,122.0,104.0,158.0,False,0.005443431747539706,64.74385591207363,64.74385591207363,103.37860156233798,16.0,47.97979797979798,190.0,174.0,0.005443431747539706,871.0622102667566,122.0,BEDOK
SIGLAP,emergency_services,emergency_services,10.516869628966997,40.36144578313253,199.0,Priority for action,Low agreement,33.333289171348135,14.249567853579382,cumulative,hansen,182.0,155.33333333333334,122.0,True,4.416198519545672e-05,33.33333333333333,7.700379427409547,4.413919413919414,81.0,33.33333333333333,3.0,182.0,4.416198519545672e-05,11.04050366807139,203.0,BEDOK
SIGLAP,essential_services,essential_services,41.399630164526855,81.02409638554217,64.0,Needs improvement,Low agreement,65.96193929262566,27.269036062209956,2sfca,hansen,188.0,149.66666666666666,211.0,False,0.0007267777110346782,65.9626660703367,65.9626660703367,159.17305668800145,25.0,42.090395480225986,149.0,188.0,0.0007267777110346782,348.8609000160485,236.0,BEDOK
SIGLAP,transport_services,transport_services,36.81529161449814,68.07228915662651,107.0,Priority for action,Low agreement,57.88631203904573,24.133130556879323,2sfca,hansen,189.0,152.33333333333334,192.0,False,0.007767259082229534,57.894079298127956,57.894079298127956,190.2956279237345,38.0,39.32960893854748,352.0,230.0,0.007767259082229534,1243.1287936493425,189.0,BEDOK
SIMEI,community_spaces,community_spaces,36.96326482095378,86.74698795180723,45.0,Priority for action,Low agreement,60.04261125217532,24.611446141391635,2sfca,hansen,68.0,106.33333333333333,191.0,False,0.0013564485955109866,60.04396770077083,60.04396770077083,35.426134323193146,30.0,34.70437017994858,405.0,221.0,0.0013564485955109866,474.7592086844767,68.0,TAMPINES
SIMEI,education_institutions,education_institutions,52.673760431936266,96.6867469879518,12.0,Needs improvement,Low agreement,83.12275251792016,34.56985362259419,2sfca,hansen,126.0,118.33333333333333,219.0,False,0.001591327331343093,83.1243438452515,83.1243438452515,132.7273190861426,5.0,55.55555555555556,220.0,126.0,0.001591327331343093,254.64544551773184,224.0,TAMPINES
SIMEI,emergency_services,emergency_services,11.826286565807848,46.68674698795181,178.0,Priority for action,Low agreement,33.33322121717436,13.933326323982069,cumulative,hansen,91.0,103.66666666666667,144.0,True,0.00011211615896796048,33.33333333333333,10.319172528586986,5.915032679738562,38.0,33.33333333333333,3.0,182.0,0.00011211615896796048,28.029058450551418,91.0,TAMPINES
SIMEI,essential_services,essential_services,54.30805703892651,97.59036144578313,9.0,Needs improvement,Low agreement,89.51870082573132,36.572844197533335,2sfca,hansen,159.0,128.66666666666666,219.0,False,0.000855033988498907,89.51955585971982,89.51955585971982,216.0176686059039,4.0,47.740112994350284,169.0,159.0,0.000855033988498907,410.4252541638657,223.0,TAMPINES
SIMEI,transport_services,transport_services,49.31877328158044,93.07228915662651,24.0,Needs improvement,Low agreement,80.17376269232699,32.8550181824453,2sfca,hansen,191.0,149.33333333333334,243.0,False,0.003552070109161119,80.17731476243615,80.17731476243615,263.53977199271316,7.0,46.14525139664805,413.0,191.0,0.003552070109161119,568.499207122091,250.0,TAMPINES
SIMPANG NORTH,community_spaces,community_spaces,17.37342167602724,19.57831325301205,268.0,Priority for action,Moderate agreement,25.457831979413662,11.510152842349779,2sfca,hansen,260.0,257.6666666666667,45.0,True,0.00014796051404901105,25.45797993992771,25.45797993992771,15.020290155433177,234.0,23.221936589545844,271.0,279.0,0.00014796051404901105,51.78641991958031,260.0,SIMPANG
SIMPANG NORTH,education_institutions,education_institutions,30.15604125778846,58.734939759036145,138.0,Priority for action,Low agreement,44.34883519219818,19.93987605628618,2sfca,hansen,201.0,177.0,136.0,False,0.0022821023642366402,44.351117294562414,44.351117294562414,70.81685851188341,97.0,39.8989898989899,158.0,233.0,0.0022821023642366402,365.18380713516217,201.0,SIMPANG
SIMPANG NORTH,emergency_services,emergency_services,10.2807365436122,38.55421686746988,205.0,Priority for action,Low agreement,33.3331664094662,14.317155549368701,cumulative,hansen,94.0,111.0,125.0,True,0.00016692386712651605,33.33333333333333,7.228039599570792,4.143170426065163,94.0,33.33333333333333,3.0,182.0,0.00016692386712651605,41.730994635824416,57.0,SIMPANG
SIMPANG NORTH,essential_services,essential_services,34.326217668239636,68.37349397590361,106.0,Priority for action,Low agreement,52.49229711285186,22.443757408276163,2sfca,hansen,200.0,160.66666666666666,122.0,False,0.0012163332699533756,52.49351344612181,52.49351344612181,126.67094114422692,80.0,40.3954802259887,143.0,200.0,0.0012163332699533756,583.8526867744723,202.0,SIMPANG
SIMPANG NORTH,transport_services,transport_services,23.480038449305766,18.67469879518072,271.0,Priority for action,Low agreement,35.022165745124795,15.431949170049457,2sfca,hansen,261.0,243.33333333333334,93.0,True,0.0030939122699933427,35.02525965739479,35.02525965739479,115.12669102782174,188.0,29.832402234636874,267.0,281.0,0.0030939122699933427,495.1722849895873,261.0,SIMPANG
SIMPANG SOUTH,community_spaces,community_spaces,15.11134208312811,14.156626506024098,286.0,Priority for action,Moderate agreement,22.407602069368888,9.955684806506794,2sfca,hansen,272.0,274.3333333333333,31.0,True,0.00010754448774451193,22.407709613856632,22.407709613856632,13.22062083924212,260.0,19.53727506426735,228.0,291.0,0.00010754448774451193,37.6407451553503,272.0,SIMPANG
SIMPANG SOUTH,education_institutions,education_institutions,25.003138587475654,36.74698795180723,211.0,Priority for action,Low agreement,37.276438833527635,16.437212606249883,2sfca,hansen,223.0,210.66666666666666,123.0,True,0.001603508844339913,37.278042342371975,37.278042342371975,59.52305175597947,143.0,31.818181818181817,126.0,266.0,0.001603508844339913,256.59474076520127,223.0,SIMPANG
SIMPANG SOUTH,emergency_services,emergency_services,7.149843813070261,20.481927710843372,265.0,Priority for action,Moderate agreement,22.222194337609494,9.46177516509438,cumulative,hansen,252.0,232.33333333333334,69.0,True,2.7884612725586793e-05,22.22222222222222,5.410782006483996,3.101503759398496,188.0,22.22222222222222,2.0,252.0,2.7884612725586793e-05,6.9711578344368235,257.0,SIMPANG
SIMPANG SOUTH,essential_services,essential_services,27.808708946292413,45.78313253012048,181.0,Priority for action,Low agreement,43.186621953493635,18.188332080072833,2sfca,hansen,222.0,202.0,132.0,False,0.0008858800110892361,43.187507833504725,43.187507833504725,104.21482396217624,126.0,31.07344632768362,110.0,258.0,0.0008858800110892361,425.2316675133584,222.0,SIMPANG
SIMPANG SOUTH,transport_services,transport_services,20.95010903281231,13.253012048192772,289.0,Priority for action,Low agreement,31.66122658778091,13.719013398947686,2sfca,hansen,270.0,258.0,78.0,True,0.0027216289595818114,31.66394821674049,31.66394821674049,104.07818867661108,213.0,25.58659217877095,229.0,291.0,0.0027216289595818114,435.58934876096487,270.0,SIMPANG
SINGAPORE GENERAL HOSPITAL,community_spaces,community_spaces,23.450972295244974,40.963855421686745,197.0,Priority for action,Low agreement,63.067363953240516,26.163273579759636,cumulative,hansen,198.0,181.66666666666666,181.0,False,0.00033099106111834806,63.067694944301635,21.67466801813262,12.788123936905112,264.0,63.067694944301635,736.0,83.0,0.00033099106111834806,115.84740828235051,198.0,BUKIT MERAH
SINGAPORE GENERAL HOSPITAL,education_institutions,education_institutions,19.26388989920722,23.49397590361446,255.0,Priority for action,Low agreement,54.037624536844824,22.569861609402412,cumulative,hansen,184.0,196.66666666666666,128.0,False,0.002779503559216656,54.04040404040404,16.909950480117296,27.0006629740586,267.0,54.04040404040404,214.0,139.0,0.002779503559216656,444.7783358044055,184.0,BUKIT MERAH
SINGAPORE GENERAL HOSPITAL,emergency_services,emergency_services,21.22545571678711,91.86746987951807,28.0,Priority for action,Low agreement,88.88877108820782,40.37560870581531,cumulative,hansen,89.0,68.33333333333333,100.0,False,0.00011780068106215472,88.88888888888889,6.895285197610029,3.952432926864315,108.0,88.88888888888889,8.0,8.0,0.00011780068106215472,29.450189922662886,89.0,BUKIT MERAH
SINGAPORE GENERAL HOSPITAL,essential_services,essential_services,22.429074414478535,27.40963855421687,242.0,Priority for action,Low agreement,58.19022724926445,24.01887647452442,cumulative,hansen,160.0,175.66666666666666,145.0,False,0.0018631462157719719,58.19209039548022,21.580194783035513,52.07469273415151,256.0,58.19209039548022,206.0,111.0,0.0018631462157719719,894.3296634267464,160.0,BUKIT MERAH
SINGAPORE GENERAL HOSPITAL,transport_services,transport_services,26.978735516467587,30.42168674698795,232.0,Priority for action,Low agreement,73.4002906973909,30.50517017983188,cumulative,hansen,196.0,181.0,203.0,False,0.007530531659363003,73.40782122905027,24.589824222319447,80.82581323772507,275.0,73.40782122905027,657.0,72.0,0.007530531659363003,1205.2412103337467,196.0,BUKIT MERAH
SINGAPORE POLYTECHNIC,community_spaces,community_spaces,31.390045412573826,68.07228915662651,107.0,Priority for action,Low agreement,48.5001914968268,21.75692523781366,cumulative,hansen,160.0,155.33333333333334,160.0,False,0.00023695218776572595,48.500428449014564,43.37977727422916,25.594208302249072,73.0,48.500428449014564,566.0,160.0,0.00023695218776572595,82.93365007122412,233.0,QUEENSTOWN
SINGAPORE POLYTECHNIC,education_institutions,education_institutions,26.390858329191673,44.57831325301205,185.0,Priority for action,Low agreement,47.21975466618435,19.87704881009642,cumulative,hansen,181.0,180.0,25.0,False,0.00246755603787449,47.22222222222222,33.89134723587173,54.115406519287305,167.0,47.22222222222222,187.0,181.0,0.00246755603787449,394.86024919473016,192.0,QUEENSTOWN
SINGAPORE POLYTECHNIC,emergency_services,emergency_services,18.41976849398028,81.02409638554217,64.0,Priority for action,Low agreement,66.66656779159813,29.324754543865787,cumulative,hansen,70.0,74.33333333333333,71.0,False,9.88750685257258e-05,66.66666666666666,10.17281099625278,5.831137072371294,41.0,66.66666666666666,6.0,70.0,9.88750685257258e-05,24.718783630482942,112.0,QUEENSTOWN
SINGAPORE POLYTECHNIC,essential_services,essential_services,25.83801178644105,40.06024096385542,200.0,Priority for action,Low agreement,41.52462553385317,18.243876632466602,cumulative,hansen,192.0,198.33333333333334,57.0,False,0.0007981949603868077,41.52542372881356,35.06537516438044,84.6154845056504,173.0,41.52542372881356,147.0,192.0,0.0007981949603868077,383.14192639780777,230.0,QUEENSTOWN
SINGAPORE POLYTECHNIC,transport_services,transport_services,35.190968012072446,65.06024096385542,117.0,Priority for action,Low agreement,56.99472589120465,24.913125818718513,cumulative,hansen,101.0,99.33333333333333,77.0,False,0.10024617583445754,57.09497206703911,47.48379949182857,156.0774357248377,101.0,57.09497206703911,511.0,137.0,0.10024617583445754,16044.12912119292,60.0,QUEENSTOWN
SOMERSET,community_spaces,community_spaces,29.16768677671307,61.14457831325302,130.0,Priority for action,Low agreement,81.83269980673805,34.17935843912058,cumulative,hansen,83.0,114.0,203.0,False,0.0010619756098541107,81.8337617823479,25.601231655121058,15.104809128758822,231.0,81.8337617823479,955.0,28.0,0.0010619756098541107,371.6931860485446,83.0,ORCHARD
SOMERSET,education_institutions,education_institutions,26.08678460895934,42.46987951807229,192.0,Priority for action,Low agreement,73.48199411957192,30.712827264067187,cumulative,hansen,182.0,153.66666666666666,181.0,False,0.0028543652765578077,73.48484848484848,22.777917204813356,36.37023458000749,230.0,73.48484848484848,291.0,49.0,0.0028543652765578077,456.7577664275637,182.0,ORCHARD
SOMERSET,emergency_services,emergency_services,12.597210803860627,53.915662650602414,154.0,Priority for action,Low agreement,55.555453244560546,25.517438880708237,cumulative,hansen,106.0,164.66666666666666,204.0,False,0.00010231099500840454,55.55555555555556,2.9721379989020242,1.7036534027797223,296.0,55.55555555555556,5.0,92.0,0.00010231099500840454,25.577765824497646,106.0,ORCHARD
SOMERSET,essential_services,essential_services,29.18914403304828,50.30120481927711,166.0,Priority for action,Low agreement,77.11621349919086,31.909139737208207,cumulative,hansen,133.0,135.0,172.0,False,0.0024305686057508992,77.11864406779661,27.529372097814463,66.4305214837436,222.0,77.11864406779661,273.0,50.0,0.0024305686057508992,1166.698343219488,133.0,ORCHARD
SOMERSET,transport_services,transport_services,46.682074507460925,90.36144578313254,33.0,Needs improvement,Low agreement,58.65227347939666,24.22650522847015,cumulative,2sfca,23.0,96.0,227.0,False,28.498564509430146,87.15083798882681,28.498564509430146,93.6736933032533,246.0,87.15083798882681,780.0,23.0,50.00874884993497,8003764.902340291,19.0,ORCHARD
SOUTHERN GROUP,community_spaces,community_spaces,12.745474367976232,11.897590361445783,293.0,Priority for action,Moderate agreement,28.7917090164233,11.755847035965967,cumulative,hansen,293.0,280.6666666666667,41.0,True,6.47624970069784e-05,28.79177377892031,13.974200366886139,8.244823222269636,295.0,28.79177377892031,336.0,254.0,6.47624970069784e-05,22.666979001796477,293.0,SOUTHERN ISLANDS
SOUTHERN GROUP,education_institutions,education_institutions,40.6703358661446,80.57228915662651,65.0,Needs improvement,Low agreement,90.25543116949744,38.80484119189064,hansen,2sfca,274.0,193.33333333333334,294.0,False,9.732032134018192,99.98746330351564,9.732032134018192,15.539449391782655,300.0,29.040404040404038,115.0,274.0,99.98746330351564,16000072.164676525,6.0,SOUTHERN ISLANDS
SOUTHERN GROUP,emergency_services,emergency_services,43.55892108482663,99.24698795180723,3.0,Needs improvement,Low agreement,95.10438005256897,38.85382981691782,hansen,2sfca,92.0,106.66666666666667,226.0,False,4.895619947431031,100.0,4.895619947431031,2.8062087242376736,227.0,55.55555555555556,5.0,92.0,100.0,25000016.686766177,1.0,SOUTHERN ISLANDS
SOUTHERN GROUP,essential_services,essential_services,24.11158678398182,33.58433734939759,221.0,Priority for action,Moderate agreement,21.21164516001701,9.567236319053126,cumulative,2sfca,237.0,184.66666666666666,275.0,True,14.099089303259827,35.31073446327684,14.099089303259827,34.02220186982682,296.0,35.31073446327684,125.0,237.0,33.332984132321805,16000180.891716408,21.0,SOUTHERN ISLANDS
SOUTHERN GROUP,transport_services,transport_services,28.29734306049232,36.295180722891565,212.0,Priority for action,Low agreement,37.06015414576285,15.184508381533089,hansen,2sfca,259.0,204.0,275.0,False,12.92663498743478,49.98678913319763,12.92663498743478,42.48935559036274,314.0,34.18994413407821,306.0,259.0,49.98678913319763,8000250.309111512,39.0,SOUTHERN ISLANDS
SPRINGLEAF,community_spaces,community_spaces,24.77770338448337,44.57831325301205,185.0,Priority for action,Moderate agreement,29.04342948179272,12.458397701756843,2sfca,hansen,126.0,129.0,251.0,True,5.729154613395502,34.77258409518822,34.77258409518822,20.515936605982372,126.0,28.36332476435304,331.0,256.0,5.729154613395502,2005213.4077827183,5.0,YISHUN
SPRINGLEAF,education_institutions,education_institutions,18.854440563849423,22.289156626506024,259.0,Priority for action,Moderate agreement,27.91041395538063,12.43045683252221,2sfca,hansen,283.0,255.33333333333334,103.0,True,0.00030460896150839455,27.910718564342137,27.910718564342137,44.56594395150324,190.0,24.494949494949495,97.0,283.0,0.00030460896150839455,48.7437645192277,293.0,YISHUN
SPRINGLEAF,emergency_services,emergency_services,7.1498382829314,19.57831325301205,268.0,Priority for action,Moderate agreement,22.222212771405694,9.461781146827432,cumulative,hansen,252.0,249.33333333333334,120.0,True,9.450816525849819e-06,22.22222222222222,5.410782006483996,3.101503759398496,188.0,22.22222222222222,2.0,252.0,9.450816525849819e-06,2.36270570849811,308.0,YISHUN
SPRINGLEAF,essential_services,essential_services,20.405990526353207,22.590361445783135,258.0,Priority for action,Low agreement,31.546087500871668,13.341558520276026,2sfca,hansen,283.0,254.66666666666666,101.0,True,0.00022301791931275553,31.546310518790982,31.546310518790982,76.12370711563604,190.0,23.163841807909606,82.0,283.0,0.00022301791931275553,107.05093300177175,291.0,YISHUN
SPRINGLEAF,transport_services,transport_services,19.76804881792396,10.542168674698797,298.0,Priority for action,Low agreement,30.01372803975509,12.934764050769706,2sfca,hansen,295.0,274.0,63.0,True,0.001760327166960551,30.01548836692205,30.01548836692205,98.6597640979442,232.0,23.798882681564244,213.0,295.0,0.001760327166960551,281.73559866161895,295.0,YISHUN
STRAITS VIEW,community_spaces,community_spaces,11.010218402204602,10.240963855421686,299.0,Priority for action,Low agreement,32.81909760211422,13.859006984355208,cumulative,hansen,282.0,273.0,77.0,True,9.69137383967965e-05,32.819194515852615,8.892700849825118,5.246722141545522,307.0,32.819194515852615,383.0,230.0,9.69137383967965e-05,33.91996563982201,282.0,STRAITS VIEW
STRAITS VIEW,education_institutions,education_institutions,7.7309896240828415,9.63855421686747,301.0,Priority for action,Moderate agreement,22.97936321243571,9.698683320408954,cumulative,hansen,287.0,292.3333333333333,22.0,True,0.000434767362268458,22.97979797979798,6.269799195829129,10.011190464493405,306.0,22.97979797979798,91.0,284.0,0.000434767362268458,69.57181371853845,287.0,STRAITS VIEW
STRAITS VIEW,emergency_services,emergency_services,10.29344273191284,38.855421686746986,204.0,Priority for action,Low agreement,44.444369750024364,20.321574238954167,cumulative,hansen,145.0,191.0,178.0,False,7.469442007881154e-05,44.44444444444444,2.809062869395853,1.6101774271034357,303.0,44.44444444444444,4.0,125.0,7.469442007881154e-05,18.67361748378611,145.0,STRAITS VIEW
STRAITS VIEW,essential_services,essential_services,10.917890945230848,11.144578313253012,296.0,Priority for action,Moderate agreement,29.943075277791014,12.459643183032414,cumulative,hansen,262.0,275.6666666666667,47.0,True,0.00042754706774562385,29.943502824858758,9.858124232277545,23.788422462919787,306.0,29.943502824858758,106.0,262.0,0.00042754706774562385,205.22706267452372,259.0,STRAITS VIEW
STRAITS VIEW,transport_services,transport_services,15.321736412624862,6.626506024096386,311.0,Priority for action,Low agreement,42.90244332602922,17.913667904523997,cumulative,hansen,276.0,266.0,104.0,False,0.0025846069316730704,42.90502793296089,13.479910887906362,44.30795234795406,313.0,42.90502793296089,384.0,209.0,0.0025846069316730704,413.65934405090104,276.0,STRAITS VIEW
SUDONG,community_spaces,community_spaces,0.0,2.2590361445783134,319.0,Priority for action,High agreement,0.0,0.0,2sfca,2sfca,319.0,319.0,0.0,True,0.0,0.0,0.0,0.0,319.0,0.0,0.0,319.0,0.0,0.0,319.0,WESTERN ISLANDS
SUDONG,education_institutions,education_institutions,0.0,2.4096385542168677,318.0,Priority for action,High agreement,0.0,0.0,2sfca,2sfca,318.0,318.0,0.0,True,0.0,0.0,0.0,0.0,318.0,0.0,0.0,318.0,0.0,0.0,318.0,WESTERN ISLANDS
SUDONG,emergency_services,emergency_services,0.0,2.5602409638554215,317.0,Priority for action,High agreement,0.0,0.0,2sfca,2sfca,317.0,317.0,0.0,True,0.0,0.0,0.0,0.0,317.0,0.0,0.0,317.0,0.0,0.0,317.0,WESTERN ISLANDS
SUDONG,essential_services,essential_services,0.0,1.5060240963855422,324.0,Priority for action,High agreement,0.0,0.0,2sfca,2sfca,324.0,324.0,0.0,True,0.0,0.0,0.0,0.0,324.0,0.0,0.0,324.0,0.0,0.0,324.0,WESTERN ISLANDS
SUDONG,transport_services,transport_services,0.0,1.2048192771084338,326.0,Priority for action,High agreement,0.0,0.0,2sfca,2sfca,326.0,326.0,0.0,True,0.0,0.0,0.0,0.0,326.0,0.0,0.0,326.0,0.0,0.0,326.0,WESTERN ISLANDS
SUNGEI ROAD,community_spaces,community_spaces,31.25755752908671,67.7710843373494,108.0,Priority for action,Low agreement,84.66063858298743,35.1591427399402,cumulative,hansen,98.0,103.66666666666667,171.0,False,0.000886695504419596,84.66152527849185,28.64997292947402,16.903576299511673,192.0,84.66152527849185,988.0,21.0,0.000886695504419596,310.3448648297271,98.0,ROCHOR
SUNGEI ROAD,education_institutions,education_institutions,28.448612455269846,53.31325301204819,156.0,Priority for action,Low agreement,76.51003274985145,31.74085564015145,cumulative,hansen,129.0,123.33333333333333,165.0,False,0.005118765300071725,76.51515151515152,26.288093045299043,41.975045484692025,203.0,76.51515151515152,303.0,38.0,0.005118765300071725,819.1088311399336,129.0,ROCHOR
SUNGEI ROAD,emergency_services,emergency_services,18.19108660589198,79.81927710843374,68.0,Priority for action,Low agreement,77.77764966375868,35.487681254232214,cumulative,hansen,80.0,102.33333333333333,161.0,False,0.00012811401910386728,77.77777777777779,5.270985232261382,3.0213711241743018,194.0,77.77777777777779,7.0,33.0,0.00012811401910386728,32.02852615405363,80.0,ROCHOR
SUNGEI ROAD,essential_services,essential_services,37.16918462510503,73.19277108433735,90.0,Priority for action,Low agreement,92.08778606142663,37.80991030835143,cumulative,hansen,128.0,97.66666666666667,143.0,False,0.0026094187993486585,92.09039548022598,37.500645406840064,90.4919814916924,154.0,92.09039548022598,326.0,11.0,0.0026094187993486585,1252.5483060887834,128.0,ROCHOR
SUNGEI ROAD,transport_services,transport_services,34.76387401741033,62.34939759036144,126.0,Priority for action,Low agreement,91.60738861160816,37.89309928436743,cumulative,hansen,139.0,116.0,189.0,False,0.012723120235421367,91.62011173184358,32.87206946994197,108.04923710286042,199.0,91.62011173184358,820.0,10.0,0.012723120235421367,2036.3009579403524,139.0,ROCHOR
SUNSET WAY,community_spaces,community_spaces,26.623395182056374,50.903614457831324,164.0,Priority for action,Low agreement,39.75979583802027,18.19992331664841,cumulative,hansen,203.0,178.0,105.0,True,0.00027271382206276026,39.76006855184233,37.34259931508258,22.032253862802488,113.0,39.76006855184233,464.0,203.0,0.00027271382206276026,95.45028008308816,218.0,CLEMENTI
SUNSET WAY,education_institutions,education_institutions,23.199007262476947,32.53012048192771,225.0,Priority for action,Low agreement,37.37219608366161,16.400049076285235,cumulative,hansen,229.0,216.0,71.0,True,0.0015412900757621009,37.37373737373738,31.447594801413487,50.21338824002476,174.0,37.37373737373738,148.0,245.0,0.0015412900757621009,246.6384447021597,229.0,CLEMENTI
SUNSET WAY,emergency_services,emergency_services,15.74321405835496,69.57831325301204,102.0,Priority for action,Low agreement,55.55551606425837,24.301648212182926,cumulative,hansen,92.0,120.33333333333333,169.0,False,3.949129718694963e-05,55.55555555555556,9.264182199709383,5.310303739037961,50.0,55.55555555555556,5.0,92.0,3.949129718694963e-05,9.872830886557828,219.0,CLEMENTI
SUNSET WAY,essential_services,essential_services,22.083694429244055,25.903614457831324,247.0,Priority for action,Low agreement,32.48518387552323,15.01370161419709,cumulative,hansen,239.0,227.0,54.0,True,0.0006918306914623605,32.48587570621469,31.172623477587358,75.22197114684347,194.0,32.48587570621469,115.0,248.0,0.0006918306914623605,332.08596523781955,239.0,CLEMENTI
SUNSET WAY,transport_services,transport_services,24.240281188912356,21.084337349397593,263.0,Priority for action,Low agreement,38.43272169352176,17.00065441012178,cumulative,hansen,238.0,231.66666666666666,69.0,True,0.0030324964223726273,38.435754189944134,33.10444120399363,108.81303411939776,194.0,38.435754189944134,344.0,238.0,0.0030324964223726273,485.34284480284686,263.0,CLEMENTI
SWISS CLUB,community_spaces,community_spaces,0.0,2.2590361445783134,319.0,Priority for action,High agreement,0.0,0.0,2sfca,2sfca,319.0,319.0,0.0,True,0.0,0.0,0.0,0.0,319.0,0.0,0.0,319.0,0.0,0.0,319.0,BUKIT TIMAH
SWISS CLUB,education_institutions,education_institutions,0.0,2.4096385542168677,318.0,Priority for action,High agreement,0.0,0.0,2sfca,2sfca,318.0,318.0,0.0,True,0.0,0.0,0.0,0.0,318.0,0.0,0.0,318.0,0.0,0.0,318.0,BUKIT TIMAH
SWISS CLUB,emergency_services,emergency_services,0.0,2.5602409638554215,317.0,Priority for action,High agreement,0.0,0.0,2sfca,2sfca,317.0,317.0,0.0,True,0.0,0.0,0.0,0.0,317.0,0.0,0.0,317.0,0.0,0.0,317.0,BUKIT TIMAH
SWISS CLUB,essential_services,essential_services,0.0,1.5060240963855422,324.0,Priority for action,High agreement,0.0,0.0,2sfca,2sfca,324.0,324.0,0.0,True,0.0,0.0,0.0,0.0,324.0,0.0,0.0,324.0,0.0,0.0,324.0,BUKIT TIMAH
SWISS CLUB,transport_services,transport_services,0.0,1.2048192771084338,326.0,Priority for action,High agreement,0.0,0.0,2sfca,2sfca,326.0,326.0,0.0,True,0.0,0.0,0.0,0.0,326.0,0.0,0.0,326.0,0.0,0.0,326.0,BUKIT TIMAH
TAGORE,community_spaces,community_spaces,29.425568666844953,62.34939759036144,126.0,Priority for action,Low agreement,42.638409404785484,19.62211883668608,2sfca,hansen,198.0,180.0,192.0,False,0.00013576104940528838,42.63854516583489,42.63854516583489,25.156878971057953,75.0,40.531276778063415,473.0,198.0,0.00013576104940528838,47.516587505882235,267.0,ANG MO KIO
TAGORE,education_institutions,education_institutions,18.446834427852995,21.385542168674696,262.0,Priority for action,Moderate agreement,27.774996146148425,12.648885695571964,cumulative,hansen,209.0,223.0,94.0,True,0.0027816316293548383,27.77777777777778,25.780888765617267,41.165176063087856,209.0,27.77777777777778,110.0,277.0,0.0027816316293548383,445.11887125412534,183.0,ANG MO KIO
TAGORE,emergency_services,emergency_services,6.319092737966137,16.265060240963855,279.0,Priority for action,Moderate agreement,22.222210160395743,9.713295318500217,cumulative,hansen,268.0,272.6666666666667,46.0,True,1.2061826479209325e-05,22.22222222222222,3.749289349947496,2.149122807017544,268.0,22.22222222222222,2.0,252.0,1.2061826479209325e-05,3.015458632531113,298.0,ANG MO KIO
TAGORE,essential_services,essential_services,17.626312063853206,18.67469879518072,271.0,Priority for action,Moderate agreement,25.871259318905,11.6659913088398,2sfca,hansen,233.0,226.33333333333334,114.0,True,0.0017710845969267058,25.87303040350193,25.87303040350193,62.43363982158668,233.0,23.44632768361582,83.0,280.0,0.0017710845969267058,850.1391238440576,166.0,ANG MO KIO
TAGORE,transport_services,transport_services,19.176788883377903,9.939759036144578,300.0,Priority for action,Moderate agreement,27.803750879569428,12.78168860580358,2sfca,hansen,289.0,281.0,52.0,True,0.0014630335417649585,27.805213913111192,27.805213913111192,91.3946763692699,251.0,26.368715083798882,236.0,289.0,0.0014630335417649585,234.15455858860605,303.0,ANG MO KIO
TAI SENG,community_spaces,community_spaces,29.42242884927252,62.048192771084345,127.0,Priority for action,Low agreement,59.72550460065204,24.500673643994357,cumulative,hansen,124.0,142.0,120.0,False,0.0002880300249160989,59.725792630676956,34.9543678282593,20.62318959395347,124.0,59.725792630676956,697.0,91.0,0.0002880300249160989,100.81097592572182,211.0,HOUGANG
TAI SENG,education_institutions,education_institutions,37.075635606706875,75.0,84.0,Priority for action,Low agreement,72.978240971406,30.059460953352094,cumulative,hansen,92.0,125.33333333333333,170.0,False,0.001557008391983513,72.97979797979798,44.95841781645936,71.78655482974014,92.0,72.97979797979798,289.0,57.0,0.001557008391983513,249.15370197082729,227.0,HOUGANG
TAI SENG,emergency_services,emergency_services,11.294628277275114,45.18072289156627,183.0,Priority for action,Low agreement,44.444405212205744,19.914340762724315,cumulative,hansen,220.0,191.66666666666666,105.0,False,3.923223870161697e-05,44.44444444444444,4.811455237429229,2.757964835615574,230.0,44.44444444444444,4.0,125.0,3.923223870161697e-05,9.80806622199618,220.0,HOUGANG
TAI SENG,essential_services,essential_services,41.96563781510508,82.53012048192771,59.0,Needs improvement,Low agreement,75.4226555537282,31.706973488750478,cumulative,hansen,74.0,115.66666666666667,151.0,False,0.001073259831112321,75.42372881355932,53.76114014888776,129.72982322160442,74.0,75.42372881355932,267.0,61.0,0.001073259831112321,515.1759402470876,212.0,HOUGANG
TAI SENG,transport_services,transport_services,37.82546971137312,71.08433734939759,97.0,Priority for action,Low agreement,71.0571212396447,29.527810800795528,cumulative,hansen,104.0,140.33333333333334,155.0,False,0.004331274321779219,71.06145251396649,47.223759652566564,155.22269470300145,104.0,71.06145251396649,636.0,81.0,0.004331274321779219,693.2087323978182,236.0,HOUGANG
TAMAN JURONG,community_spaces,community_spaces,21.652203341126334,31.92771084337349,227.0,Priority for action,Low agreement,33.07466698127745,14.934075068108504,cumulative,hansen,176.0,153.33333333333334,168.0,True,0.001596943315521056,33.07626392459297,30.072942946426164,17.743133192381293,176.0,33.07626392459297,386.0,226.0,0.001596943315521056,558.9327507874591,58.0,JURONG WEST
TAMAN JURONG,education_institutions,education_institutions,30.37955398170321,59.63855421686747,135.0,Priority for action,Low agreement,46.711875249391085,21.010485580086435,cumulative,hansen,126.0,142.33333333333334,73.0,False,0.005296467780629508,46.717171717171716,42.069061395869355,67.17302630308878,114.0,46.717171717171716,185.0,187.0,0.005296467780629508,847.5449212139038,126.0,JURONG WEST
TAMAN JURONG,emergency_services,emergency_services,13.337491098755773,58.13253012048193,140.0,Priority for action,Low agreement,44.444407334425854,19.20090388382348,cumulative,hansen,125.0,136.33333333333334,176.0,False,3.7110018586136796e-05,44.44444444444444,8.897182153722614,5.099936361279374,54.0,44.44444444444444,4.0,125.0,3.7110018586136796e-05,9.277510838996228,230.0,JURONG WEST
TAMAN JURONG,essential_services,essential_services,29.955095557884405,52.40963855421686,159.0,Priority for action,Low agreement,43.40808632395,19.971337706657977,2sfca,hansen,125.0,142.33333333333334,88.0,False,0.0030810316099155943,43.41116735555992,43.41116735555992,104.7545318288192,125.0,41.24293785310734,146.0,195.0,0.0030810316099155943,1478.9273860405476,107.0,JURONG WEST
TAMAN JURONG,transport_services,transport_services,39.76772800004757,76.80722891566265,78.0,Priority for action,Low agreement,57.43219258938081,26.55884066163142,2sfca,hansen,122.0,102.66666666666667,106.0,False,0.0156569501322062,57.447849539513015,57.447849539513015,188.82888774678807,40.0,55.19553072625698,494.0,146.0,0.0156569501322062,2505.852492368585,122.0,JURONG WEST
TAMPINES EAST,community_spaces,community_spaces,52.22642403303041,96.98795180722891,11.0,Needs improvement,Low agreement,83.30387021223841,34.41737101721096,2sfca,hansen,136.0,102.66666666666667,148.0,False,0.0004590592388365168,83.30432927147724,83.30432927147724,49.14982256305786,12.0,52.870608397600684,617.0,136.0,0.0004590592388365168,160.6714782193585,160.0,TAMPINES
TAMPINES EAST,education_institutions,education_institutions,59.485562846317464,97.89156626506023,8.0,Needs improvement,Low agreement,92.80869459595999,38.67666754335263,2sfca,hansen,29.0,41.666666666666664,88.0,False,0.5055598394622365,93.31425443542223,93.31425443542223,148.9978777672276,4.0,63.38383838383839,251.0,92.0,0.5055598394622365,80900.08134723474,29.0,TAMPINES
TAMPINES EAST,emergency_services,emergency_services,16.25461369275503,72.89156626506023,91.0,Priority for action,Low agreement,44.444400318593146,18.484774162685298,cumulative,hansen,125.0,114.0,191.0,False,4.4125851299225545e-05,44.44444444444444,14.731423132221499,8.444170208876091,13.0,44.44444444444444,4.0,125.0,4.4125851299225545e-05,11.031470187984016,204.0,TAMPINES
TAMPINES EAST,essential_services,essential_services,53.817756517559076,97.28915662650603,10.0,Needs improvement,Low agreement,87.3832814309076,35.820217393624,2sfca,hansen,45.0,63.333333333333336,135.0,False,0.016401814778483455,87.39968324568609,87.39968324568609,210.90225069048597,5.0,50.56497175141242,179.0,140.0,0.016401814778483455,7873.042580477871,45.0,TAMPINES
TAMPINES EAST,transport_services,transport_services,61.605529278047214,98.79518072289156,5.0,Adequate,Low agreement,99.97412028360426,40.98708012591926,2sfca,hansen,85.0,70.33333333333333,124.0,False,0.0258797163957351,100.0,100.0,328.6961814243548,1.0,57.988826815642454,519.0,125.0,0.0258797163957351,4141.978564436221,85.0,TAMPINES
TAMPINES NORTH,community_spaces,community_spaces,55.445071091684845,97.89156626506023,8.0,Needs improvement,Low agreement,89.81014168104859,36.84846461276088,2sfca,hansen,137.0,130.66666666666666,239.0,False,0.00019311600723864695,89.81033479705583,89.81033479705583,52.98838677662207,8.0,52.69922879177378,615.0,137.0,0.00019311600723864695,67.59091578135893,247.0,TAMPINES
TAMPINES NORTH,education_institutions,education_institutions,39.18885938383045,78.3132530120482,73.0,Priority for action,Low agreement,60.90154638760716,25.633829270311566,2sfca,hansen,205.0,164.33333333333334,226.0,False,0.0008905658164047633,60.90243695342357,60.90243695342357,97.24488409423394,31.0,43.686868686868685,173.0,205.0,0.0008905658164047633,142.50903922441313,257.0,TAMPINES
TAMPINES NORTH,emergency_services,emergency_services,11.609377429580944,45.78313253012048,181.0,Priority for action,Low agreement,33.33330226360248,13.97869433602468,cumulative,hansen,182.0,156.66666666666666,200.0,True,3.106973085405684e-05,33.33333333333333,9.885402883990043,5.666392431098314,44.0,33.33333333333333,3.0,182.0,3.106973085405684e-05,7.76743789804755,244.0,TAMPINES
TAMPINES NORTH,essential_services,essential_services,34.803160949377094,68.97590361445783,104.0,Priority for action,Low agreement,55.93338328509205,23.021814396722146,2sfca,hansen,240.0,187.33333333333334,210.0,False,0.0003888934258404441,55.93377217851789,55.93377217851789,134.97255372078902,56.0,34.18079096045198,121.0,240.0,0.0003888934258404441,186.6729104224665,266.0,TAMPINES
TAMPINES NORTH,transport_services,transport_services,34.41752230566864,60.8433734939759,131.0,Priority for action,Low agreement,54.39612082095323,22.599035909455722,2sfca,hansen,252.0,197.66666666666666,235.0,False,0.001981000274955443,54.39810182122818,54.39810182122818,178.80448345370945,53.0,36.089385474860336,323.0,252.0,0.001981000274955443,317.0537323337866,288.0,TAMPINES
TAMPINES WEST,community_spaces,community_spaces,36.45089871989855,85.54216867469879,49.0,Priority for action,Low agreement,57.305115239240585,23.896683285780238,2sfca,hansen,118.0,118.66666666666667,176.0,False,0.0007112939425106804,57.305826533183094,57.305826533183094,33.81062221576153,31.0,38.988860325621246,455.0,207.0,0.0007112939425106804,248.95403364785827,118.0,TAMPINES
TAMPINES WEST,education_institutions,education_institutions,60.96209521535103,98.49397590361446,6.0,Adequate,Low agreement,95.20808826706832,39.89052135618226,2sfca,hansen,51.0,44.666666666666664,77.0,False,0.030897185604409575,95.23898545267274,95.23898545267274,152.07115782050766,3.0,66.66666666666666,264.0,80.0,0.030897185604409575,4944.191831883147,51.0,TAMPINES
TAMPINES WEST,emergency_services,emergency_services,15.72596044577351,69.27710843373494,103.0,Priority for action,Low agreement,44.44438862735647,18.5864255512595,cumulative,hansen,125.0,106.33333333333333,162.0,False,5.581708797416219e-05,44.44444444444444,13.674109623516456,7.838109602815486,16.0,44.44444444444444,4.0,125.0,5.581708797416219e-05,13.954281307607504,178.0,TAMPINES
TAMPINES WEST,essential_services,essential_services,58.97426610129352,98.19277108433735,7.0,Needs improvement,Low agreement,95.44099903363501,39.168183550383795,2sfca,hansen,48.0,56.666666666666664,116.0,False,0.013535914210846694,95.45453494784586,95.45453494784586,230.3392359274712,3.0,56.21468926553672,199.0,119.0,0.013535914210846694,6497.380344002708,48.0,TAMPINES
TAMPINES WEST,transport_services,transport_services,57.50390116580122,96.6867469879518,12.0,Needs improvement,Low agreement,92.04603028449483,37.951592225673984,2sfca,hansen,98.0,78.66666666666667,132.0,False,0.021498590894764302,92.0675288753896,92.0675288753896,302.6224517451708,3.0,57.31843575418994,513.0,135.0,0.021498590894764302,3440.791285733413,98.0,TAMPINES
TANGLIN,community_spaces,community_spaces,27.95546676427164,55.12048192771084,150.0,Priority for action,Low agreement,74.12132288022627,30.685123574843853,cumulative,hansen,189.0,154.33333333333334,180.0,False,0.0003566399108267796,74.1216795201371,26.262047736541945,15.494692745044922,227.0,74.1216795201371,865.0,47.0,0.0003566399108267796,124.82454728455122,189.0,ORCHARD
TANGLIN,education_institutions,education_institutions,27.27332610080511,48.493975903614455,172.0,Priority for action,Low agreement,73.73468206934915,30.613408843655545,cumulative,hansen,187.0,149.0,166.0,False,0.002691668024575287,73.73737373737373,25.050087705845982,39.99828245573103,213.0,73.73737373737373,292.0,47.0,0.002691668024575287,430.7228247788004,187.0,ORCHARD
TANGLIN,emergency_services,emergency_services,12.71601631462586,55.12048192771084,150.0,Priority for action,Low agreement,55.55550383793895,25.466310298822478,cumulative,hansen,187.0,189.33333333333334,197.0,False,5.171761660892156e-05,55.55555555555556,3.209779376459529,1.8398713514976712,289.0,55.55555555555556,5.0,92.0,5.171761660892156e-05,12.929412782228145,187.0,ORCHARD
TANGLIN,essential_services,essential_services,30.758750736489816,54.51807228915663,152.0,Priority for action,Low agreement,77.68196382720053,31.959760823314152,cumulative,hansen,175.0,140.0,153.0,False,0.0016519920085027047,77.68361581920904,30.44306395009091,73.46148711935378,199.0,77.68361581920904,275.0,46.0,0.0016519920085027047,792.9734362451771,175.0,ORCHARD
TANGLIN,transport_services,transport_services,47.707194037765234,92.16867469879519,27.0,Needs improvement,Low agreement,55.342089694827294,22.953445382432708,cumulative,2sfca,31.0,93.33333333333333,193.0,False,30.914893545396172,86.25698324022346,30.914893545396172,101.61607457512154,221.0,86.25698324022346,772.0,28.0,49.99450205674153,8001484.741649314,31.0,ORCHARD
TANGLIN HALT,community_spaces,community_spaces,29.181050954104375,61.44578313253012,129.0,Priority for action,Low agreement,58.782871731078004,24.13548209540107,cumulative,hansen,125.0,140.0,99.0,False,0.0003330675509622867,58.783204798628965,34.84862014822659,20.56079812215943,125.0,58.783204798628965,686.0,98.0,0.0003330675509622867,116.57418309594254,197.0,QUEENSTOWN
TANGLIN HALT,education_institutions,education_institutions,25.85186100452765,40.66265060240964,198.0,Priority for action,Low agreement,55.54534681613331,22.690324395129156,cumulative,hansen,126.0,128.66666666666666,110.0,False,0.010208739422244697,55.55555555555556,29.47537454317973,47.06428058499092,185.0,55.55555555555556,220.0,126.0,0.010208739422244697,1633.6104754499768,75.0,QUEENSTOWN
TANGLIN HALT,emergency_services,emergency_services,14.07449881165466,62.048192771084345,127.0,Priority for action,Low agreement,55.55548731680041,24.909965491365533,cumulative,hansen,153.0,138.0,77.0,False,6.823875514878329e-05,55.55555555555556,5.926734457834007,3.3972518537802885,169.0,55.55555555555556,5.0,92.0,6.823875514878329e-05,17.059700174037335,153.0,QUEENSTOWN
TANGLIN HALT,essential_services,essential_services,24.746734631012252,36.144578313253014,213.0,Priority for action,Low agreement,48.29694562700873,19.919647453367308,cumulative,hansen,156.0,139.33333333333334,148.0,False,0.008139118753977463,48.30508474576271,30.166551892467027,72.79424196318998,205.0,48.30508474576271,171.0,156.0,0.008139118753977463,3906.8620992899346,57.0,QUEENSTOWN
TANGLIN HALT,transport_services,transport_services,42.807751101059225,82.83132530120481,58.0,Needs improvement,Moderate agreement,23.537801912290995,9.921291340708732,cumulative,2sfca,141.0,120.33333333333333,172.0,False,32.998510936871014,56.53631284916201,32.998510936871014,108.4648453763931,196.0,56.53631284916201,506.0,141.0,50.00411020930437,8003022.500462068,24.0,QUEENSTOWN
TANJONG IRAU,community_spaces,community_spaces,9.568410916646922,9.036144578313253,303.0,Priority for action,High agreement,11.411088931842157,4.6695667479721585,2sfca,hansen,292.0,205.66666666666666,283.0,True,2.857717596397879,14.268806528240036,14.268806528240036,8.41864180628752,292.0,7.883461868037704,92.0,304.0,2.857717596397879,1000205.7941594684,21.0,SIMPANG
TANJONG IRAU,education_institutions,education_institutions,5.971581062262567,8.132530120481928,306.0,Priority for action,High agreement,9.343306862896561,4.162309870744963,cumulative,hansen,303.0,303.3333333333333,3.0,True,0.00012748053778243736,9.343434343434344,8.205711898828728,13.102324675817744,305.0,9.343434343434344,37.0,303.0,0.00012748053778243736,20.399535468953665,302.0,SIMPANG
TANJONG IRAU,emergency_services,emergency_services,0.0,2.5602409638554215,317.0,Priority for action,High agreement,0.0,0.0,2sfca,2sfca,317.0,317.0,0.0,True,0.0,0.0,0.0,0.0,317.0,0.0,0.0,317.0,0.0,0.0,317.0,SIMPANG
TANJONG IRAU,essential_services,essential_services,4.710134946317155,6.927710843373494,310.0,Priority for action,High agreement,6.779614609485531,3.179272514911993,cumulative,hansen,308.0,307.0,5.0,True,4.640746362129446e-05,6.779661016949152,6.708377641376477,16.1878383365636,309.0,6.779661016949152,24.0,304.0,4.640746362129446e-05,22.27606774475548,308.0,SIMPANG
TANJONG IRAU,transport_services,transport_services,7.421510982279051,4.518072289156627,318.0,Priority for action,High agreement,10.953975000639351,4.898908941682396,2sfca,hansen,316.0,316.0,4.0,True,0.00048675468385548433,10.954461755323207,10.954461755323207,36.006897485338726,318.0,9.720670391061452,87.0,314.0,0.00048675468385548433,77.90376972603137,316.0,SIMPANG
TANJONG PAGAR,community_spaces,community_spaces,17.02869459194487,18.072289156626507,273.0,Priority for action,Low agreement,39.271577585225174,17.116881954631907,cumulative,hansen,175.0,161.66666666666666,296.0,False,5.715568944337811,44.987146529562985,12.633189205461859,7.45362231812106,303.0,44.987146529562985,525.0,175.0,5.715568944337811,2000458.4015756096,7.0,DOWNTOWN CORE
TANJONG PAGAR,education_institutions,education_institutions,14.732839791148406,15.36144578313253,282.0,Priority for action,Low agreement,42.67328028965928,17.924594370046506,cumulative,hansen,215.0,221.66666666666666,138.0,False,0.00348738710839643,42.676767676767675,12.392880079324705,19.7881110706511,294.0,42.676767676767675,169.0,215.0,0.00348738710839643,558.0544155933553,156.0,DOWNTOWN CORE
TANJONG PAGAR,emergency_services,emergency_services,15.685394382992325,68.67469879518072,105.0,Priority for action,Low agreement,66.66627372673385,30.378905417181596,cumulative,hansen,70.0,109.66666666666667,221.0,False,0.00039293993280318276,66.66666666666666,4.7038863353583045,2.696305475883923,240.0,66.66666666666666,6.0,70.0,0.00039293993280318276,98.23504876976348,19.0,DOWNTOWN CORE
TANJONG PAGAR,essential_services,essential_services,17.60252756044799,18.373493975903614,272.0,Priority for action,Low agreement,47.454248578204705,19.69397695341274,cumulative,hansen,160.0,184.0,190.0,False,0.0033785404393641113,47.45762711864407,16.219977149174728,39.14006961893708,291.0,47.45762711864407,168.0,160.0,0.0033785404393641113,1621.7347347364384,101.0,DOWNTOWN CORE
TANJONG PAGAR,transport_services,transport_services,37.97418407893393,71.6867469879518,95.0,Priority for action,Low agreement,43.376304800949285,18.095626062659004,cumulative,2sfca,103.0,141.66666666666666,286.0,False,20.422577880614963,63.79888268156425,20.422577880614963,67.12823364199632,304.0,63.79888268156425,571.0,103.0,50.010395341045346,8004028.418786198,18.0,DOWNTOWN CORE
TANJONG RHU,community_spaces,community_spaces,33.97665527444873,77.71084337349397,75.0,Priority for action,Low agreement,75.92049837027217,30.994921755254286,cumulative,hansen,109.0,92.0,83.0,False,0.0006670110474509491,75.92116538131962,37.58444418974115,22.174943117745247,109.0,75.92116538131962,886.0,42.0,0.0006670110474509491,233.4549485469622,125.0,KALLANG
TANJONG RHU,education_institutions,education_institutions,25.641294082788036,39.1566265060241,203.0,Priority for action,Low agreement,54.03746893503459,22.095859159964153,cumulative,hansen,177.0,166.33333333333334,44.0,False,0.002935105369455751,54.04040404040404,29.66466548619278,47.36652753493596,183.0,54.04040404040404,214.0,139.0,0.002935105369455751,469.6778593098917,177.0,KALLANG
TANJONG RHU,emergency_services,emergency_services,16.206163069910723,72.28915662650603,93.0,Priority for action,Low agreement,66.66654436073014,30.164026679637274,cumulative,hansen,85.0,111.33333333333333,109.0,False,0.00012230593651824567,66.66666666666666,5.7455860895928685,3.2934161523168908,179.0,66.66666666666666,6.0,70.0,0.00012230593651824567,30.576504538467063,85.0,KALLANG
TANJONG RHU,essential_services,essential_services,30.96562828483821,55.12048192771084,150.0,Priority for action,Low agreement,60.16866640413538,24.83588616666716,cumulative,hansen,152.0,158.33333333333334,127.0,False,0.000825121288341385,60.16949152542372,37.86296488673393,91.36628664865523,152.0,60.16949152542372,213.0,98.0,0.000825121288341385,396.0668453403384,225.0,KALLANG
TANJONG RHU,transport_services,transport_services,44.77990898135055,87.04819277108435,44.0,Needs improvement,Low agreement,33.50938258546423,13.680733836801668,cumulative,2sfca,96.0,108.33333333333333,165.0,False,32.97106434191007,66.4804469273743,32.97106434191007,108.37462946682548,197.0,66.4804469273743,595.0,96.0,49.994291416402184,8001451.029233109,32.0,KALLANG
TEBAN GARDENS,community_spaces,community_spaces,25.72103681248873,47.59036144578313,175.0,Priority for action,Low agreement,40.016830363911005,17.882214059794716,cumulative,hansen,202.0,175.33333333333334,80.0,False,0.0003075966716828056,40.01713796058269,35.43503388274138,20.90678411414809,122.0,40.01713796058269,467.0,202.0,0.0003075966716828056,107.65933403255514,202.0,JURONG EAST
TEBAN GARDENS,education_institutions,education_institutions,24.65541835899453,35.54216867469879,215.0,Priority for action,Low agreement,42.41875283153487,18.09379038704153,cumulative,hansen,173.0,170.66666666666666,97.0,False,0.005489592707553275,42.42424242424242,32.33784599266756,51.634881011725575,173.0,42.42424242424242,168.0,218.0,0.005489592707553275,878.4489232306196,121.0,JURONG EAST
TEBAN GARDENS,emergency_services,emergency_services,12.62136909896998,54.51807228915663,152.0,Priority for action,Low agreement,44.44441311253174,19.43225946606936,cumulative,hansen,125.0,150.0,161.0,False,3.133191270520792e-05,44.44444444444444,7.464941621014558,4.278964569912846,82.0,44.44444444444444,4.0,125.0,3.133191270520792e-05,7.832983404584992,243.0,JURONG EAST
TEBAN GARDENS,essential_services,essential_services,26.232217628634476,40.963855421686745,197.0,Priority for action,Low agreement,40.11153815272766,18.100880724784034,cumulative,hansen,189.0,185.66666666666666,38.0,False,0.0014561975548287804,40.11299435028249,36.41836379862306,87.88035157980539,165.0,40.11299435028249,142.0,203.0,0.0014561975548287804,698.9900513810579,189.0,JURONG EAST
TEBAN GARDENS,transport_services,transport_services,35.06851909922194,64.45783132530121,119.0,Priority for action,Low agreement,52.830365157192325,24.04571359930375,cumulative,hansen,106.0,117.33333333333333,74.0,False,0.018796853980866692,52.84916201117319,48.98609528158608,161.01542461946948,86.0,52.84916201117319,473.0,160.0,0.018796853980866692,3008.385605045423,106.0,JURONG EAST
TECK WHYE,community_spaces,community_spaces,33.60660967155035,76.50602409638554,79.0,Priority for action,Low agreement,49.78499091435192,22.90511884345738,cumulative,hansen,110.0,105.66666666666667,97.0,False,0.0007845783644424225,49.78577549271637,47.298438398995486,27.906230986440622,55.0,49.78577549271637,581.0,152.0,0.0007845783644424225,274.60370019648747,110.0,CHOA CHU KANG
TECK WHYE,education_institutions,education_institutions,33.83395522498944,68.97590361445783,104.0,Priority for action,Low agreement,49.99229832669276,23.035588780451462,cumulative,hansen,93.0,109.0,84.0,False,0.0077016733072392115,50.0,47.66328944599453,76.1055105441903,75.0,50.0,198.0,159.0,0.0077016733072392115,1232.4277927776727,93.0,CHOA CHU KANG
TECK WHYE,emergency_services,emergency_services,9.818648218874426,33.734939759036145,221.0,Priority for action,Low agreement,33.3332258403471,14.458492578913644,cumulative,hansen,147.0,143.0,82.0,True,0.00010749298623263331,33.33333333333333,6.303898608623778,3.613445378151261,147.0,33.33333333333333,3.0,182.0,0.00010749298623263331,26.8732644952616,100.0,CHOA CHU KANG
TECK WHYE,essential_services,essential_services,33.49654967662085,65.96385542168674,114.0,Priority for action,Low agreement,49.47467168465426,22.10344490614135,2sfca,hansen,124.0,133.33333333333334,82.0,False,0.002689609251332701,49.477361293905595,49.477361293905595,119.39273081548696,97.0,43.78531073446328,155.0,179.0,0.002689609251332701,1291.0405614608144,124.0,CHOA CHU KANG
TECK WHYE,transport_services,transport_services,32.547814831536975,55.72289156626506,148.0,Priority for action,Low agreement,47.02183910387059,21.7337840033343,2sfca,hansen,155.0,153.33333333333334,93.0,False,0.01120289838478303,47.03304200225537,47.03304200225537,154.5958130691263,106.0,45.13966480446928,404.0,199.0,0.01120289838478303,1792.9935652994795,155.0,CHOA CHU KANG
TELOK BLANGAH DRIVE,community_spaces,community_spaces,20.714788356203044,28.313253012048197,239.0,Priority for action,Low agreement,40.10193061849646,16.563661728195722,cumulative,hansen,200.0,177.0,139.0,False,0.0008971449996842189,40.102827763496144,25.387907320007823,14.978947084002073,235.0,40.102827763496144,468.0,200.0,0.0008971449996842189,314.00220512216606,96.0,BUKIT MERAH
TELOK BLANGAH DRIVE,education_institutions,education_institutions,15.66234567066526,16.566265060240966,278.0,Priority for action,Low agreement,40.14906036133133,16.54716134843833,cumulative,hansen,232.0,235.33333333333334,86.0,False,0.0024547901838217635,40.15151515151515,15.26261240661417,24.37030517500464,280.0,40.15151515151515,159.0,232.0,0.0024547901838217635,392.8174472339751,194.0,BUKIT MERAH
TELOK BLANGAH DRIVE,emergency_services,emergency_services,13.677843580317244,59.93975903614458,134.0,Priority for action,Low agreement,55.55521619984934,25.06688096191337,cumulative,hansen,92.0,111.33333333333333,194.0,False,0.0003393557062155995,55.55555555555556,5.133261324988536,2.9424266729556225,218.0,55.55555555555556,5.0,92.0,0.0003393557062155995,84.83898318139309,24.0,BUKIT MERAH
TELOK BLANGAH DRIVE,essential_services,essential_services,17.13998905126943,17.16867469879518,276.0,Priority for action,Low agreement,40.9590797711405,16.765849798866963,cumulative,hansen,198.0,223.0,89.0,False,0.0013722062606267346,40.96045197740113,17.894973987822038,43.18196759901475,280.0,40.96045197740113,145.0,198.0,0.0013722062606267346,658.6733520052287,191.0,BUKIT MERAH
TELOK BLANGAH DRIVE,transport_services,transport_services,19.781505160896693,10.843373493975903,297.0,Priority for action,Low agreement,45.445869885264834,18.564870296026097,cumulative,hansen,196.0,191.66666666666666,217.0,False,0.028990449930699033,45.47486033519553,21.355671917756748,70.1952781111797,298.0,45.47486033519553,407.0,196.0,0.028990449930699033,4639.843047356786,81.0,BUKIT MERAH
TELOK BLANGAH RISE,community_spaces,community_spaces,22.678705411978235,37.04819277108434,210.0,Priority for action,Low agreement,55.01265100061485,22.54404430297837,cumulative,hansen,240.0,203.0,129.0,False,0.00020246982216321356,55.012853470437015,23.35214795388837,13.77784250155256,249.0,55.012853470437015,642.0,120.0,0.00020246982216321356,70.86476617750712,240.0,BUKIT MERAH
TELOK BLANGAH RISE,education_institutions,education_institutions,16.563265258964577,18.373493975903614,272.0,Priority for action,Low agreement,44.930966459557474,18.66721867079584,cumulative,hansen,199.0,179.33333333333334,227.0,False,0.018528489937474114,44.94949494949495,15.135615444168687,24.167525031694844,283.0,44.94949494949495,178.0,199.0,0.018528489937474114,2964.9434669840753,56.0,BUKIT MERAH
TELOK BLANGAH RISE,emergency_services,emergency_services,18.73730954248957,82.53012048192771,59.0,Priority for action,Low agreement,77.7776060321022,35.26071056564015,cumulative,hansen,54.0,76.66666666666667,110.0,False,0.00017174567558242903,77.77777777777779,6.363404926462675,3.6475548780838274,143.0,77.77777777777779,7.0,33.0,0.00017174567558242903,42.93644755440656,54.0,BUKIT MERAH
TELOK BLANGAH RISE,essential_services,essential_services,20.05469895522517,22.289156626506024,259.0,Priority for action,Low agreement,49.99870705012992,20.54174574482121,cumulative,hansen,197.0,202.66666666666666,121.0,False,0.0012929498700759645,50.0,20.108622140528293,48.52367320142755,266.0,50.0,177.0,145.0,0.0012929498700759645,620.6294558871132,197.0,BUKIT MERAH
TELOK BLANGAH RISE,transport_services,transport_services,22.054574206713113,16.265060240963855,279.0,Priority for action,Low agreement,57.52542503599764,23.763276159742443,cumulative,hansen,132.0,184.33333333333334,185.0,False,0.016474405343139067,57.54189944134078,21.08250399368403,69.2973855758765,303.0,57.54189944134078,515.0,132.0,0.016474405343139067,2636.683986396418,118.0,BUKIT MERAH
TELOK BLANGAH WAY,community_spaces,community_spaces,21.831932974586966,32.22891566265061,226.0,Priority for action,Low agreement,50.2996494984127,20.54870317271089,cumulative,hansen,222.0,206.33333333333334,99.0,False,0.0002648117843884116,50.29991431019709,23.54374133802446,13.89088321524532,248.0,50.29991431019709,587.0,149.0,0.0002648117843884116,92.68455407940172,222.0,BUKIT MERAH
TELOK BLANGAH WAY,education_institutions,education_institutions,17.122529690004896,18.97590361445783,270.0,Priority for action,Low agreement,44.94466710798279,18.580999997669945,cumulative,hansen,199.0,202.0,139.0,False,0.004827841512159872,44.94949494949495,16.262364695304512,25.966641878427343,273.0,44.94949494949495,178.0,199.0,0.004827841512159872,772.5549788146589,134.0,BUKIT MERAH
TELOK BLANGAH WAY,emergency_services,emergency_services,18.737302176538368,82.2289156626506,60.0,Priority for action,Low agreement,77.77763058527287,35.26071707563941,cumulative,hansen,69.0,81.66666666666667,110.0,False,0.0001471925049131158,77.77777777777779,6.363404926462675,3.6475548780838274,143.0,77.77777777777779,7.0,33.0,0.0001471925049131158,36.798150789948075,69.0,BUKIT MERAH
TELOK BLANGAH WAY,essential_services,essential_services,20.68973965832705,24.096385542168676,253.0,Priority for action,Low agreement,50.559102370050994,20.73252455074272,cumulative,hansen,140.0,157.0,187.0,False,0.005869381361428133,50.56497175141242,21.14996898727227,51.036524341978854,259.0,50.56497175141242,179.0,140.0,0.005869381361428133,2817.3644199547243,72.0,BUKIT MERAH
TELOK BLANGAH WAY,transport_services,transport_services,38.20287384184101,72.89156626506023,91.0,Priority for action,Low agreement,34.30478513054119,14.702200438555254,cumulative,2sfca,131.0,150.33333333333334,252.0,False,23.348846154375003,57.653631284916194,23.348846154375003,76.74676571607795,286.0,57.653631284916194,516.0,131.0,49.99241502556755,8001150.7179585695,34.0,BUKIT MERAH
TENGAH INDUSTRIAL ESTATE,community_spaces,community_spaces,16.96683077944704,17.771084337349397,274.0,Priority for action,Moderate agreement,26.56378187808496,11.829806428565927,cumulative,hansen,265.0,270.6666666666667,47.0,True,5.702508556455081e-05,26.563838903170524,23.308091782574532,13.751849218588523,250.0,26.563838903170524,310.0,265.0,5.702508556455081e-05,19.95887244631781,297.0,TENGAH
TENGAH INDUSTRIAL ESTATE,education_institutions,education_institutions,24.517353567471943,35.24096385542169,216.0,Priority for action,Low agreement,38.38322730010439,17.093683468917916,cumulative,hansen,241.0,229.33333333333334,109.0,True,0.000611083733992743,38.38383838383838,33.680805131168135,53.779227154502365,169.0,38.38383838383838,152.0,241.0,0.000611083733992743,97.78609757169528,278.0,TENGAH
TENGAH INDUSTRIAL ESTATE,emergency_services,emergency_services,9.557616663571023,30.42168674698795,232.0,Priority for action,Low agreement,33.3333057148466,14.543503775445398,cumulative,hansen,182.0,205.0,83.0,True,2.7618486725675665e-05,33.33333333333333,5.781883422716678,3.3142220755650884,175.0,33.33333333333333,3.0,182.0,2.7618486725675665e-05,6.904626290051218,258.0,TENGAH
TENGAH INDUSTRIAL ESTATE,essential_services,essential_services,23.204722423032347,29.518072289156628,235.0,Priority for action,Low agreement,33.30160815658244,15.574292035971968,2sfca,hansen,245.0,236.33333333333334,98.0,True,0.00030753544618322476,33.30191569202862,33.30191569202862,80.3601192925412,183.0,32.7683615819209,116.0,245.0,0.00030753544618322476,147.6202295603939,281.0,TENGAH
TENGAH INDUSTRIAL ESTATE,transport_services,transport_services,23.03444105759993,17.46987951807229,275.0,Priority for action,Low agreement,33.96519790251998,15.673068290190361,cumulative,hansen,262.0,257.6666666666667,107.0,True,0.0012825444073862895,33.96648044692737,32.48152040978448,106.76551725553404,202.0,33.96648044692737,304.0,262.0,0.0012825444073862895,205.26776113385128,309.0,TENGAH
TENGEH,community_spaces,community_spaces,0.0,2.2590361445783134,319.0,Priority for action,High agreement,0.0,0.0,2sfca,2sfca,319.0,319.0,0.0,True,0.0,0.0,0.0,0.0,319.0,0.0,0.0,319.0,0.0,0.0,319.0,TUAS
TENGEH,education_institutions,education_institutions,0.19786555443967924,4.819277108433735,317.0,Priority for action,High agreement,0.2947171709754829,0.13013085860070997,2sfca,hansen,315.0,315.0,4.0,True,2.398058609056748e-06,0.29471956903409197,0.29471956903409197,0.4705882352941176,315.0,0.25252525252525254,1.0,313.0,2.398058609056748e-06,0.3837392162211469,317.0,TUAS
TENGEH,emergency_services,emergency_services,12.076938972574995,48.493975903614455,172.0,Priority for action,Moderate agreement,22.222180098335535,9.281083309339259,cumulative,hansen,210.0,157.33333333333334,242.0,True,4.212388668714018e-05,22.22222222222222,15.264963781929088,8.75,10.0,22.22222222222222,2.0,252.0,4.212388668714018e-05,10.53097870089952,210.0,TUAS
TENGEH,essential_services,essential_services,1.852601345818377,5.120481927710843,316.0,Priority for action,High agreement,3.2532043848573413,1.3485948992345542,2sfca,hansen,316.0,314.6666666666667,4.0,True,1.3066030918005898e-05,3.2532174508882594,3.2532174508882594,7.850267379679145,316.0,1.1299435028248588,4.0,312.0,1.3066030918005898e-05,6.271831450642213,316.0,TUAS
TENGEH,transport_services,transport_services,35.79307487530366,66.86746987951807,111.0,Priority for action,Low agreement,61.92930124148287,25.486872250533878,2sfca,hansen,285.0,203.66666666666666,262.0,False,0.002010765130159888,61.93131200661303,61.93131200661303,203.56585767174,32.0,24.134078212290504,216.0,294.0,0.002010765130159888,321.8175168492412,285.0,TUAS
THE WHARVES,community_spaces,community_spaces,17.036903820301376,18.373493975903614,272.0,Priority for action,Moderate agreement,26.018813983126954,11.140882820355266,2sfca,hansen,283.0,267.3333333333333,61.0,True,9.511475699122351e-05,26.018909097883945,26.018909097883945,15.351240165175756,229.0,20.137103684661525,235.0,290.0,9.511475699122351e-05,33.290319229796296,283.0,SEMBAWANG
THE WHARVES,education_institutions,education_institutions,21.13514205210022,28.012048192771083,240.0,Priority for action,Low agreement,31.059795416134047,14.36390546865277,cumulative,hansen,263.0,237.33333333333334,87.0,True,0.0008106444720135771,31.060606060606062,29.845555293274806,47.65536012035406,181.0,31.060606060606062,123.0,268.0,0.0008106444720135771,129.71996311918923,263.0,SEMBAWANG
THE WHARVES,emergency_services,emergency_services,6.500820497696422,17.46987951807229,275.0,Priority for action,Moderate agreement,22.22220349232372,9.653405422973139,cumulative,hansen,257.0,263.6666666666667,30.0,True,1.8729898498464154e-05,22.22222222222222,4.112740868564855,2.3574561403508776,257.0,22.22222222222222,2.0,252.0,1.8729898498464154e-05,4.682477750030406,282.0,SEMBAWANG
THE WHARVES,essential_services,essential_services,22.855114632552215,28.614457831325304,238.0,Priority for action,Low agreement,33.50615991132963,15.137857337471074,2sfca,hansen,260.0,234.0,80.0,True,0.00042470204145109007,33.50658461337108,33.50658461337108,80.85400135886607,181.0,30.508474576271187,108.0,261.0,0.00042470204145109007,203.8614203073859,260.0,SEMBAWANG
THE WHARVES,transport_services,transport_services,21.670939128565806,14.759036144578314,284.0,Priority for action,Low agreement,31.93931013358891,14.31236145868825,2sfca,hansen,245.0,245.0,76.0,True,0.003700049281230014,31.94301018287014,31.94301018287014,104.99545470308696,207.0,28.49162011173184,255.0,283.0,0.003700049281230014,592.1828730989481,245.0,SEMBAWANG
TIONG BAHRU,community_spaces,community_spaces,24.61946936100886,43.97590361445783,187.0,Priority for action,Low agreement,65.46644946514306,27.11347697537654,cumulative,hansen,140.0,156.0,180.0,False,0.0005599607352653086,65.46700942587832,23.05179897522523,13.6006356368267,254.0,65.46700942587832,764.0,74.0,0.0005599607352653086,195.9871656388046,140.0,BUKIT MERAH
TIONG BAHRU,education_institutions,education_institutions,20.844224856363464,27.10843373493976,243.0,Priority for action,Low agreement,58.07226829318319,24.228161441265534,cumulative,hansen,117.0,153.33333333333334,171.0,False,0.008539787624883648,58.080808080808076,18.451002607828766,29.461310577652572,257.0,58.080808080808076,230.0,117.0,0.008539787624883648,1366.5435021026844,86.0,BUKIT MERAH
TIONG BAHRU,emergency_services,emergency_services,21.225456346637955,92.16867469879519,27.0,Priority for action,Low agreement,88.88876898870501,40.37560815240461,cumulative,hansen,87.0,67.66666666666667,100.0,False,0.00011990018387298978,88.88888888888889,6.895285197610029,3.952432926864315,108.0,88.88888888888889,8.0,8.0,0.00011990018387298978,29.975065975710773,87.0,BUKIT MERAH
TIONG BAHRU,essential_services,essential_services,23.13678358265937,29.21686746987952,236.0,Priority for action,Low agreement,59.88155451422847,24.709775538483935,cumulative,hansen,101.0,142.66666666666666,177.0,False,0.005451135489045028,59.887005649717516,22.31549422413831,53.84902762074495,252.0,59.887005649717516,212.0,101.0,0.005451135489045028,2616.6020283015146,75.0,BUKIT MERAH
TIONG BAHRU,transport_services,transport_services,28.013820815315835,35.24096385542169,216.0,Priority for action,Low agreement,75.41077014412615,31.28972928202374,cumulative,hansen,182.0,171.33333333333334,204.0,False,0.008224269281689867,75.41899441340783,25.855109303699525,84.98475698435342,268.0,75.41899441340783,675.0,64.0,0.008224269281689867,1316.272039152812,182.0,BUKIT MERAH
TIONG BAHRU STATION,community_spaces,community_spaces,27.389628277466898,53.31325301204819,156.0,Priority for action,Low agreement,68.80845407153491,28.29238035934969,cumulative,hansen,161.0,147.0,150.0,False,0.0004576679680859944,68.808911739503,27.255417258351738,16.080783962193923,215.0,68.808911739503,803.0,65.0,0.0004576679680859944,160.18453119993603,161.0,BUKIT MERAH
TIONG BAHRU STATION,education_institutions,education_institutions,20.87706061868601,27.40963855421687,242.0,Priority for action,Low agreement,57.31782432566437,23.855487157507433,cumulative,hansen,123.0,166.0,133.0,False,0.005407997567952335,57.32323232323232,18.82158350953832,30.05302904799625,254.0,57.32323232323232,227.0,121.0,0.005407997567952335,865.392005105405,123.0,BUKIT MERAH
TIONG BAHRU STATION,emergency_services,emergency_services,21.22548496808512,93.07228915662651,24.0,Priority for action,Low agreement,88.88867358388113,40.37558300453951,cumulative,hansen,35.0,50.333333333333336,100.0,False,0.00021530500775514746,88.88888888888889,6.895285197610029,3.952432926864315,108.0,88.88888888888889,8.0,8.0,0.00021530500775514746,53.826287866230075,35.0,BUKIT MERAH
TIONG BAHRU STATION,essential_services,essential_services,24.2467646092602,34.33734939759036,219.0,Priority for action,Low agreement,61.01344941176667,25.092135853020682,cumulative,hansen,100.0,145.66666666666666,147.0,False,0.0034997407757045634,61.016949152542374,24.084649713038026,58.11813776593296,242.0,61.016949152542374,216.0,95.0,0.0034997407757045634,1679.9121633724694,100.0,BUKIT MERAH
TIONG BAHRU STATION,transport_services,transport_services,27.70687948018911,32.831325301204814,224.0,Priority for action,Low agreement,73.2841942450234,30.32991227600935,cumulative,hansen,148.0,162.33333333333334,193.0,False,0.011895140451450566,73.29608938547486,26.0881861219174,85.75087158562097,266.0,73.29608938547486,656.0,73.0,0.011895140451450566,1903.785034483063,148.0,BUKIT MERAH
TOA PAYOH CENTRAL,community_spaces,community_spaces,32.02002761609806,71.6867469879518,95.0,Priority for action,Low agreement,75.3204128054392,30.80020624188101,cumulative,hansen,94.0,90.0,86.0,False,0.0009239554862495854,75.32133676092545,33.910966154534194,20.007579246039107,131.0,75.32133676092545,879.0,45.0,0.0009239554862495854,323.38591890855116,94.0,TOA PAYOH
TOA PAYOH CENTRAL,education_institutions,education_institutions,31.81608674020132,62.951807228915655,124.0,Priority for action,Low agreement,75.96489980958746,31.095894491167826,cumulative,hansen,47.0,85.66666666666667,130.0,False,0.04520120051355081,76.01010101010101,33.20101235605411,53.01312656577064,170.0,76.01010101010101,301.0,40.0,0.04520120051355081,7233.131497210386,47.0,TOA PAYOH
TOA PAYOH CENTRAL,emergency_services,emergency_services,10.743638662645973,41.265060240963855,196.0,Priority for action,Low agreement,44.44436289861871,20.133997048300323,cumulative,hansen,137.0,178.0,147.0,False,8.154582573496529e-05,44.44444444444444,3.709450620018726,2.1262869266409785,272.0,44.44444444444444,4.0,125.0,8.154582573496529e-05,20.38647004110259,137.0,TOA PAYOH
TOA PAYOH CENTRAL,essential_services,essential_services,34.343700416220535,68.67469879518072,105.0,Priority for action,Low agreement,76.50567863189094,31.23355988343103,cumulative,hansen,56.0,81.0,115.0,False,0.04799368449323893,76.55367231638418,38.03713569519145,91.78657439048852,151.0,76.55367231638418,271.0,56.0,0.04799368449323893,23037.47034779208,36.0,TOA PAYOH
TOA PAYOH CENTRAL,transport_services,transport_services,31.97943474734468,51.80722891566265,161.0,Priority for action,Low agreement,73.90804888234838,30.2037607537521,cumulative,hansen,70.0,104.33333333333333,137.0,False,0.17016340815442968,74.0782122905028,34.22548653359558,112.49786730983544,190.0,74.0782122905028,663.0,70.0,0.17016340815442968,27234.19291964152,53.0,TOA PAYOH
TOA PAYOH WEST,community_spaces,community_spaces,33.40725019399035,75.90361445783132,81.0,Priority for action,Low agreement,67.69462865487037,27.775284329601305,cumulative,hansen,92.0,120.66666666666667,130.0,False,0.00031564675772043955,67.6949443016281,39.73633327927483,23.444564611020677,92.0,67.6949443016281,790.0,70.0,0.00031564675772043955,110.47687720353636,200.0,TOA PAYOH
TOA PAYOH WEST,education_institutions,education_institutions,34.18500440633274,69.27710843373494,103.0,Priority for action,Low agreement,73.48147999689033,30.017100898536146,cumulative,hansen,134.0,115.0,113.0,False,0.003368487958156131,73.48484848484848,38.97404832595118,62.231119175718675,134.0,73.48484848484848,291.0,49.0,0.003368487958156131,539.0280804778348,162.0,TOA PAYOH
TOA PAYOH WEST,emergency_services,emergency_services,13.692766368879132,60.24096385542169,133.0,Priority for action,Low agreement,55.555465853809096,25.060929893476775,cumulative,hansen,126.0,142.0,116.0,False,8.970174645828825e-05,55.55555555555556,5.1632566944881635,2.959620259974312,208.0,55.55555555555556,5.0,92.0,8.970174645828825e-05,22.425451582892748,126.0,TOA PAYOH
TOA PAYOH WEST,essential_services,essential_services,37.50137309717748,75.6024096385542,82.0,Priority for action,Low agreement,75.42184440599804,30.97319859577831,cumulative,hansen,117.0,112.0,97.0,False,0.0018844075612791701,75.42372881355932,44.83212402439447,108.18341107027403,117.0,75.42372881355932,267.0,61.0,0.0018844075612791701,904.5353315651292,158.0,TOA PAYOH
TOA PAYOH WEST,transport_services,transport_services,31.969031834055574,51.50602409638554,162.0,Priority for action,Low agreement,66.69441075774674,27.28968991292434,cumulative,hansen,168.0,144.66666666666666,78.0,False,0.009499856778401492,66.70391061452514,37.250799508234046,122.44195553360764,168.0,66.70391061452514,597.0,94.0,0.009499856778401492,1520.4263655623977,172.0,TOA PAYOH
TOH GUAN,community_spaces,community_spaces,36.75934488602488,86.14457831325302,47.0,Priority for action,Low agreement,59.725434012911606,26.102379902227508,cumulative,hansen,91.0,107.66666666666667,144.0,False,0.0003586177653530351,59.725792630676956,49.62815754911976,29.280772788190315,44.0,59.725792630676956,697.0,91.0,0.0003586177653530351,125.51679957696066,188.0,JURONG EAST
TOH GUAN,education_institutions,education_institutions,34.286616024588426,69.57831325301204,102.0,Priority for action,Low agreement,58.328914466562956,24.988393987045416,cumulative,hansen,114.0,114.33333333333333,49.0,False,0.004418866770379674,58.333333333333336,45.23724739578128,72.23177100629381,90.0,58.333333333333336,231.0,114.0,0.004418866770379674,707.110520421413,139.0,JURONG EAST
TOH GUAN,emergency_services,emergency_services,12.14665528467015,50.30120481927711,166.0,Priority for action,Low agreement,44.44439786218827,19.596938981551027,cumulative,hansen,133.0,152.33333333333334,74.0,False,4.658225617443287e-05,44.44444444444444,6.515504842208817,3.7347397729706575,133.0,44.44444444444444,4.0,125.0,4.658225617443287e-05,11.645571816680386,199.0,JURONG EAST
TOH GUAN,essential_services,essential_services,38.142116709712504,76.80722891566265,78.0,Priority for action,Low agreement,57.34291422057246,26.14010756139147,cumulative,hansen,114.0,120.0,92.0,False,0.0017185477891151929,57.34463276836158,53.34534918340691,128.72648720046374,77.0,57.34463276836158,203.0,114.0,0.0017185477891151929,824.9209068035243,169.0,JURONG EAST
TOH GUAN,transport_services,transport_services,36.02282919524597,67.46987951807229,109.0,Priority for action,Low agreement,57.938133940512394,25.42814987064174,cumulative,hansen,88.0,94.0,56.0,False,0.050692875130059954,57.988826815642454,48.81971193915692,160.4685289263786,88.0,57.988826815642454,519.0,125.0,0.050692875130059954,8113.257461853506,69.0,JURONG EAST
TOH TUCK,community_spaces,community_spaces,34.3331904040989,78.91566265060241,71.0,Priority for action,Low agreement,55.09835229877246,24.224971647652744,cumulative,hansen,119.0,142.33333333333334,188.0,False,0.00019097457801450435,55.09854327335047,46.626848914110795,27.50999102741367,60.0,55.09854327335047,643.0,119.0,0.00019097457801450435,66.84141207935924,248.0,CLEMENTI
TOH TUCK,education_institutions,education_institutions,31.248490664797288,61.14457831325302,130.0,Priority for action,Low agreement,53.53405423270903,22.873100166540123,cumulative,hansen,143.0,169.66666666666666,118.0,False,0.0012993026445068984,53.535353535353536,41.08206033386645,65.59704989431614,124.0,53.535353535353536,212.0,143.0,0.0012993026445068984,207.91542648461677,242.0,CLEMENTI
TOH TUCK,emergency_services,emergency_services,12.206574663311695,51.204819277108435,163.0,Priority for action,Low agreement,44.44436523665273,19.575658530194634,cumulative,hansen,128.0,132.0,18.0,False,7.920779171313581e-05,44.44444444444444,6.635324024170584,3.803421091651976,128.0,44.44444444444444,4.0,125.0,7.920779171313581e-05,19.80196114550295,143.0,CLEMENTI
TOH TUCK,essential_services,essential_services,32.512770027755295,61.14457831325302,130.0,Priority for action,Low agreement,49.43428091789323,22.38264751710424,cumulative,hansen,149.0,166.33333333333334,118.0,False,0.0007473306943406195,49.43502824858757,45.25108035765896,109.1943853706972,116.0,49.43502824858757,175.0,149.0,0.0007473306943406195,358.72654689164915,234.0,CLEMENTI
TOH TUCK,transport_services,transport_services,33.88641495245777,58.13253012048193,140.0,Priority for action,Low agreement,55.06882698112581,24.060010271661856,cumulative,hansen,126.0,130.0,30.0,False,0.014971901555761424,55.08379888268157,45.73032721090946,150.31383929512205,117.0,55.08379888268157,493.0,147.0,0.014971901555761424,2396.212321825626,126.0,CLEMENTI
TOWNSVILLE,community_spaces,community_spaces,37.4860793879961,87.95180722891565,41.0,Priority for action,Low agreement,63.838228080670106,27.338673904105992,cumulative,hansen,80.0,82.66666666666667,78.0,False,0.0006750898526052034,63.83890317052271,49.436192453871556,29.16751276374426,45.0,63.83890317052271,745.0,80.0,0.0006750898526052034,236.28254345534495,123.0,ANG MO KIO
TOWNSVILLE,education_institutions,education_institutions,41.63982587754962,84.33734939759037,53.0,Needs improvement,Low agreement,75.99805715669069,31.806771664060175,cumulative,hansen,54.0,52.333333333333336,23.0,False,0.012043853410317811,76.01010101010101,52.86838503901264,84.41665444849016,54.0,76.01010101010101,301.0,40.0,0.012043853410317811,1927.2668526544655,63.0,ANG MO KIO
TOWNSVILLE,emergency_services,emergency_services,12.07279378591318,47.59036144578313,175.0,Priority for action,Low agreement,44.444267314914505,19.623332170185343,cumulative,hansen,125.0,105.0,90.0,False,0.00017712952993481987,44.44444444444444,6.367703516330622,3.6500188643652143,140.0,44.44444444444444,4.0,125.0,0.00017712952993481987,44.28241204089546,50.0,ANG MO KIO
TOWNSVILLE,essential_services,essential_services,50.103397620065934,93.97590361445783,21.0,Needs improvement,Low agreement,33.04528289808397,13.608362138159585,cumulative,hansen,75.0,55.0,66.0,False,33.33889789287649,66.38418079096046,53.64978418802179,129.46111260501766,75.0,66.38418079096046,235.0,78.0,33.33889789287649,16003019.558613127,12.0,ANG MO KIO
TOWNSVILLE,transport_services,transport_services,37.16024327137994,69.27710843373494,103.0,Priority for action,Low agreement,64.9086837761875,27.536924360309186,cumulative,hansen,100.0,129.66666666666666,105.0,False,0.0075173411309401245,64.91620111731844,48.34949569115394,158.92294607475594,92.0,64.91620111731844,581.0,100.0,0.0075173411309401245,1203.1301019604668,197.0,ANG MO KIO
TRAFALGAR,community_spaces,community_spaces,28.688902498484282,57.831325301204814,141.0,Priority for action,Low agreement,49.78497349167629,21.17076428599757,cumulative,hansen,110.0,123.33333333333333,44.0,False,0.0008020010400784654,49.78577549271637,37.46301359925797,22.103298678276495,110.0,49.78577549271637,581.0,152.0,0.0008020010400784654,280.7016649299155,108.0,HOUGANG
TRAFALGAR,education_institutions,education_institutions,51.56644122783935,95.78313253012048,15.0,Needs improvement,Low agreement,90.65134200098129,38.37550851818133,cumulative,hansen,12.0,49.666666666666664,119.0,False,0.005223655584373956,90.65656565656566,66.86712199970182,106.7688889616834,12.0,90.65656565656566,359.0,9.0,0.005223655584373956,835.8934565595698,128.0,HOUGANG
TRAFALGAR,emergency_services,emergency_services,9.210838123500327,25.903614457831324,247.0,Priority for action,Low agreement,33.33329724495951,14.662044946814133,cumulative,hansen,222.0,212.33333333333334,51.0,True,3.608837381809156e-05,33.33333333333333,5.08832126064303,2.916666666666667,222.0,33.33333333333333,3.0,182.0,3.608837381809156e-05,9.022099476505446,233.0,HOUGANG
TRAFALGAR,essential_services,essential_services,51.04870247554556,95.78313253012048,15.0,Needs improvement,Low agreement,80.22329153098012,35.653602412903005,cumulative,hansen,36.0,58.333333333333336,107.0,False,0.0026971695848587345,80.22598870056498,70.00539116911422,168.9284675841523,16.0,80.22598870056498,284.0,36.0,0.0026971695848587345,1294.6696005992858,123.0,HOUGANG
TRAFALGAR,transport_services,transport_services,44.430192150921194,86.14457831325302,47.0,Needs improvement,Low agreement,74.61031106130204,32.125075476703714,cumulative,hansen,68.0,62.666666666666664,46.0,False,0.02656044707783509,74.63687150837988,58.98969943024374,193.89688946091553,37.0,74.63687150837988,668.0,68.0,0.02656044707783509,4250.927667675886,83.0,HOUGANG
TUAS BAY,community_spaces,community_spaces,0.0,2.2590361445783134,319.0,Priority for action,High agreement,0.0,0.0,2sfca,2sfca,319.0,319.0,0.0,True,0.0,0.0,0.0,0.0,319.0,0.0,0.0,319.0,0.0,0.0,319.0,TUAS
TUAS BAY,education_institutions,education_institutions,0.0,2.4096385542168677,318.0,Priority for action,High agreement,0.0,0.0,2sfca,2sfca,318.0,318.0,0.0,True,0.0,0.0,0.0,0.0,318.0,0.0,0.0,318.0,0.0,0.0,318.0,TUAS
TUAS BAY,emergency_services,emergency_services,21.56818559140939,95.48192771084338,16.0,Priority for action,Low agreement,33.333311128563366,14.951000183788318,cumulative,hansen,182.0,153.33333333333334,270.0,True,2.2204769963694412e-05,33.33333333333333,29.803024526623467,17.083333333333336,4.0,33.33333333333333,3.0,182.0,2.2204769963694412e-05,5.551196196181647,274.0,TUAS
TUAS BAY,essential_services,essential_services,1.6010860455890663,4.518072289156627,318.0,Priority for action,High agreement,2.8631807484908935,1.2008857952554444,2sfca,hansen,318.0,317.6666666666667,7.0,True,5.182399863555078e-06,2.863185930890757,2.863185930890757,6.909090909090909,318.0,0.847457627118644,3.0,314.0,5.182399863555078e-06,2.487606118339815,321.0,TUAS
TUAS BAY,transport_services,transport_services,40.5877332085143,79.51807228915662,69.0,Needs improvement,Low agreement,71.76432769307846,29.87829479838158,2sfca,hansen,121.0,143.33333333333334,283.0,False,0.01603991475934637,71.7803676078378,71.7803676078378,235.93932733932735,13.0,23.463687150837988,210.0,296.0,0.01603991475934637,2567.144944430127,121.0,TUAS
TUAS NORTH,community_spaces,community_spaces,0.0,2.2590361445783134,319.0,Priority for action,High agreement,0.0,0.0,2sfca,2sfca,319.0,319.0,0.0,True,0.0,0.0,0.0,0.0,319.0,0.0,0.0,319.0,0.0,0.0,319.0,TUAS
TUAS NORTH,education_institutions,education_institutions,0.19786557390321263,5.120481927710843,316.0,Priority for action,High agreement,0.2947171060970382,0.13013082828585612,2sfca,hansen,315.0,314.3333333333333,2.0,True,2.4629370537621126e-06,0.29471956903409197,0.29471956903409197,0.4705882352941176,315.0,0.25252525252525254,1.0,313.0,2.4629370537621126e-06,0.3941211157405571,315.0,TUAS
TUAS NORTH,emergency_services,emergency_services,12.076934795514031,48.19277108433735,173.0,Priority for action,Moderate agreement,22.22219402187208,9.281089558047665,cumulative,hansen,252.0,172.33333333333334,245.0,True,2.820035013884847e-05,22.22222222222222,15.264963781929088,8.75,10.0,22.22222222222222,2.0,252.0,2.820035013884847e-05,7.050092240438607,255.0,TUAS
TUAS NORTH,essential_services,essential_services,1.852599952750578,4.819277108433735,317.0,Priority for action,High agreement,3.2532090284166713,1.3485965761532095,2sfca,hansen,316.0,315.3333333333333,6.0,True,8.422471587946125e-06,3.2532174508882594,3.2532174508882594,7.850267379679145,316.0,1.1299435028248588,4.0,312.0,8.422471587946125e-06,4.042874422149529,318.0,TUAS
TUAS NORTH,transport_services,transport_services,39.827983401508135,77.10843373493977,77.0,Priority for action,Low agreement,68.96695693547538,28.393758954280564,2sfca,hansen,232.0,179.66666666666666,265.0,False,0.004653513581766431,68.97161044905715,68.97161044905715,226.70704981293215,21.0,26.70391061452514,239.0,286.0,0.004653513581766431,744.7822538026653,232.0,TUAS
TUAS PROMENADE,community_spaces,community_spaces,0.0,2.2590361445783134,319.0,Priority for action,High agreement,0.0,0.0,2sfca,2sfca,319.0,319.0,0.0,True,0.0,0.0,0.0,0.0,319.0,0.0,0.0,319.0,0.0,0.0,319.0,TUAS
TUAS PROMENADE,education_institutions,education_institutions,0.0,2.4096385542168677,318.0,Priority for action,High agreement,0.0,0.0,2sfca,2sfca,318.0,318.0,0.0,True,0.0,0.0,0.0,0.0,318.0,0.0,0.0,318.0,0.0,0.0,318.0,TUAS
TUAS PROMENADE,emergency_services,emergency_services,12.07693439215838,47.89156626506024,174.0,Priority for action,Moderate agreement,22.222195366390917,9.28109016145086,cumulative,hansen,252.0,174.0,250.0,True,2.6855831302954276e-05,22.22222222222222,15.264963781929088,8.75,10.0,22.22222222222222,2.0,252.0,2.6855831302954276e-05,6.713962307108344,260.0,TUAS
TUAS PROMENADE,essential_services,essential_services,0.8853164135863001,3.614457831325301,321.0,Priority for action,High agreement,1.6576264318215048,0.7240742486489564,2sfca,hansen,320.0,320.6666666666667,2.0,True,7.528167880770613e-06,1.6576339599893857,1.6576339599893857,4.0,320.0,0.2824858757062147,1.0,322.0,7.528167880770613e-06,3.6135992924420206,320.0,TUAS
TUAS PROMENADE,transport_services,transport_services,30.33849356827195,44.87951807228915,184.0,Priority for action,Low agreement,54.00563979531875,22.582369089545438,2sfca,hansen,194.0,186.0,250.0,False,0.0075809150813594735,54.01322071040011,54.01322071040011,177.53939393939393,57.0,16.64804469273743,149.0,307.0,0.0075809150813594735,1213.3049406591192,194.0,TUAS
TUAS VIEW,community_spaces,community_spaces,0.0,2.2590361445783134,319.0,Priority for action,High agreement,0.0,0.0,2sfca,2sfca,319.0,319.0,0.0,True,0.0,0.0,0.0,0.0,319.0,0.0,0.0,319.0,0.0,0.0,319.0,TUAS
TUAS VIEW,education_institutions,education_institutions,0.0,2.4096385542168677,318.0,Priority for action,High agreement,0.0,0.0,2sfca,2sfca,318.0,318.0,0.0,True,0.0,0.0,0.0,0.0,318.0,0.0,0.0,318.0,0.0,0.0,318.0,TUAS
TUAS VIEW,emergency_services,emergency_services,9.491263347849367,29.819277108433734,234.0,Priority for action,High agreement,14.538024900427846,6.205321599527493,2sfca,hansen,234.0,182.33333333333334,285.0,True,3.584426652721466e-05,14.538060744694373,14.538060744694373,8.333333333333334,14.0,11.11111111111111,1.0,299.0,3.584426652721466e-05,8.961072613052607,234.0,TUAS
TUAS VIEW,essential_services,essential_services,0.0,1.5060240963855422,324.0,Priority for action,High agreement,0.0,0.0,2sfca,2sfca,324.0,324.0,0.0,True,0.0,0.0,0.0,0.0,324.0,0.0,0.0,324.0,0.0,0.0,324.0,TUAS
TUAS VIEW,transport_services,transport_services,21.663858473128393,14.457831325301203,285.0,Priority for action,Low agreement,39.25376404155897,16.63465806583027,2sfca,hansen,237.0,236.33333333333334,154.0,True,0.004321124095349254,39.25808516565432,39.25808516565432,129.03982683982684,159.0,10.167597765363128,91.0,313.0,0.004321124095349254,691.5842161297797,237.0,TUAS
TUAS VIEW EXTENSION,community_spaces,community_spaces,0.0,2.2590361445783134,319.0,Priority for action,High agreement,0.0,0.0,2sfca,2sfca,319.0,319.0,0.0,True,0.0,0.0,0.0,0.0,319.0,0.0,0.0,319.0,0.0,0.0,319.0,TUAS
TUAS VIEW EXTENSION,education_institutions,education_institutions,0.0,2.4096385542168677,318.0,Priority for action,High agreement,0.0,0.0,2sfca,2sfca,318.0,318.0,0.0,True,0.0,0.0,0.0,0.0,318.0,0.0,0.0,318.0,0.0,0.0,318.0,TUAS
TUAS VIEW EXTENSION,emergency_services,emergency_services,9.491255753666284,29.518072289156628,235.0,Priority for action,High agreement,14.53805021437146,6.205333225389398,2sfca,hansen,299.0,204.66666666666666,287.0,True,1.0530322913625724e-05,14.538060744694373,14.538060744694373,8.333333333333334,14.0,11.11111111111111,1.0,299.0,1.0530322913625724e-05,2.632582485576793,301.0,TUAS
TUAS VIEW EXTENSION,essential_services,essential_services,0.0,1.5060240963855422,324.0,Priority for action,High agreement,0.0,0.0,2sfca,2sfca,324.0,324.0,0.0,True,0.0,0.0,0.0,0.0,324.0,0.0,0.0,324.0,0.0,0.0,324.0,TUAS
TUAS VIEW EXTENSION,transport_services,transport_services,5.484814800786677,4.216867469879518,319.0,Priority for action,High agreement,10.34384437381786,4.552461069845328,2sfca,hansen,322.0,322.0,4.0,True,5.431483321854116e-05,10.343898688651077,10.343898688651077,34.0,320.0,1.564245810055866,14.0,322.0,5.431483321854116e-05,8.69294205091059,324.0,TUAS
TUKANG,community_spaces,community_spaces,19.32064083216398,23.19277108433735,256.0,Priority for action,Moderate agreement,28.96298486210393,13.226680438981555,cumulative,hansen,253.0,241.66666666666666,36.0,True,0.00016852264328676576,28.963153384747216,27.0559191968431,15.96307946339327,218.0,28.963153384747216,338.0,253.0,0.00016852264328676576,58.98319850602346,254.0,BOON LAY
TUKANG,education_institutions,education_institutions,26.66662904856706,46.3855421686747,179.0,Priority for action,Low agreement,38.38299644510563,17.999306006609377,cumulative,hansen,241.0,214.0,119.0,True,0.0008419387327460172,38.38383838383838,37.97921758035912,60.64264085879245,141.0,38.38383838383838,152.0,241.0,0.0008419387327460172,134.72769522395637,260.0,BOON LAY
TUKANG,emergency_services,emergency_services,13.337497859866689,58.43373493975904,139.0,Priority for action,Low agreement,44.44438479738947,19.200896927205278,cumulative,hansen,125.0,117.0,118.0,False,5.964705497659536e-05,44.44444444444444,8.897182153722614,5.099936361279374,54.0,44.44444444444444,4.0,125.0,5.964705497659536e-05,14.911773697313436,172.0,BOON LAY
TUKANG,essential_services,essential_services,24.91391348038311,37.04819277108434,210.0,Priority for action,Low agreement,37.058692709537965,16.39329747953428,2sfca,hansen,250.0,221.0,97.0,True,0.00048291831708741263,37.059175627855055,37.059175627855055,89.4266804912524,158.0,31.92090395480226,113.0,250.0,0.00048291831708741263,231.8058412846836,255.0,BOON LAY
TUKANG,transport_services,transport_services,45.404625827257696,88.55421686746988,39.0,Needs improvement,Low agreement,67.99415371937913,29.796126410749054,2sfca,hansen,130.0,97.0,117.0,False,0.013626153594247363,68.00777987297337,68.00777987297337,223.5389755139444,22.0,56.98324022346368,510.0,139.0,0.013626153594247363,2180.829002917094,130.0,BOON LAY
TURF CLUB,community_spaces,community_spaces,20.82307430838435,29.21686746987952,236.0,Priority for action,Low agreement,32.90569572491967,13.672575511063231,2sfca,hansen,284.0,240.66666666666666,154.0,True,5.81216730028398e-05,32.90575384659267,32.90575384659267,19.41450074693109,142.0,21.85089974293059,255.0,284.0,5.81216730028398e-05,20.342679828461396,296.0,SUNGEI KADUT
TURF CLUB,education_institutions,education_institutions,17.3804524419572,19.57831325301205,268.0,Priority for action,Moderate agreement,27.083758504995494,11.373143392688236,2sfca,hansen,291.0,261.0,104.0,True,0.00023668884451712933,27.08399519384001,27.08399519384001,43.24588809882928,194.0,19.19191919191919,76.0,291.0,0.00023668884451712933,37.875134219099806,298.0,SUNGEI KADUT
TURF CLUB,emergency_services,emergency_services,9.152800192169687,25.0,250.0,Priority for action,Moderate agreement,22.222200457978595,9.107270796020059,cumulative,hansen,252.0,192.0,228.0,True,2.1764243626244294e-05,22.22222222222222,9.41669843690431,5.397727272727273,48.0,22.22222222222222,2.0,252.0,2.1764243626244294e-05,5.441064538309518,276.0,SUNGEI KADUT
TURF CLUB,essential_services,essential_services,15.38686829641207,15.963855421686745,280.0,Priority for action,Moderate agreement,24.897854661592625,10.21921934690529,2sfca,hansen,293.0,276.6666666666667,65.0,True,0.00010982283890352153,24.89796448443153,24.89796448443153,60.08072972778855,236.0,14.689265536723164,52.0,293.0,0.00010982283890352153,52.71611091052285,301.0,SUNGEI KADUT
TURF CLUB,transport_services,transport_services,26.87844748659603,29.518072289156628,235.0,Priority for action,Low agreement,43.74374692244562,17.920128150616826,2sfca,hansen,293.0,245.33333333333334,177.0,False,0.0012342914930605384,43.74498121393868,43.74498121393868,143.7880828150178,133.0,25.027932960893857,224.0,293.0,0.0012342914930605384,197.54501279485575,310.0,SUNGEI KADUT
TYERSALL,community_spaces,community_spaces,20.27379975237571,26.20481927710843,246.0,Priority for action,Low agreement,40.716130373370994,16.646324884384985,cumulative,hansen,184.0,153.66666666666666,257.0,False,2.8999793095767354,43.61610968294773,21.361168045826286,12.603157943575212,267.0,43.61610968294773,509.0,184.0,2.8999793095767354,1014997.4623235582,10.0,TANGLIN
TYERSALL,education_institutions,education_institutions,22.00307012480629,29.819277108433734,234.0,Priority for action,Low agreement,48.988627284968054,19.99956459150794,cumulative,hansen,218.0,208.66666666666666,78.0,False,0.0012717049309381653,48.98989898989899,24.409417630694417,38.97530389662337,218.0,48.98989898989899,194.0,165.0,0.0012717049309381653,203.49921875125912,243.0,TANGLIN
TYERSALL,emergency_services,emergency_services,2.488164018943415,5.120481927710843,316.0,Priority for action,High agreement,11.111105573952726,5.117070374664474,cumulative,hansen,312.0,309.0,17.0,True,5.537158384588978e-06,11.11111111111111,0.531880271147355,0.3048780487804878,316.0,11.11111111111111,1.0,299.0,5.537158384588978e-06,1.3842905201199172,312.0,TANGLIN
TYERSALL,essential_services,essential_services,18.32589139273804,18.97590361445783,270.0,Priority for action,Low agreement,38.9826618017836,15.931730776104851,cumulative,hansen,260.0,244.66666666666666,56.0,True,0.0003890456740293828,38.983050847457626,21.05832901908861,50.81538995309545,260.0,38.983050847457626,138.0,209.0,0.0003890456740293828,186.745991144966,265.0,TANGLIN
TYERSALL,transport_services,transport_services,19.818108514220896,11.144578313253012,296.0,Priority for action,Low agreement,46.254778167544,18.906896787798303,cumulative,hansen,281.0,257.0,112.0,False,0.0022050726794592373,46.25698324022346,21.132100688744725,69.46040801865368,301.0,46.25698324022346,414.0,189.0,0.0022050726794592373,352.91591421184404,281.0,TANGLIN
ULU PANDAN,community_spaces,community_spaces,25.48881607405355,46.08433734939759,180.0,Priority for action,Low agreement,43.35792162419206,18.576045381515712,cumulative,hansen,135.0,133.0,106.0,False,0.0011186500153106157,43.359040274207366,33.633344848414964,19.84378178131171,135.0,43.359040274207366,506.0,185.0,0.0011186500153106157,391.5293198882184,79.0,BUKIT TIMAH
ULU PANDAN,education_institutions,education_institutions,27.054895339887377,47.59036144578313,175.0,Priority for action,Low agreement,47.47231957611593,20.109239270681275,cumulative,hansen,179.0,177.66666666666666,40.0,False,0.002427898631541683,47.474747474747474,35.11843495069684,56.074737025107375,157.0,47.474747474747474,188.0,179.0,0.002427898631541683,388.5142399829283,197.0,BUKIT TIMAH
ULU PANDAN,emergency_services,emergency_services,14.834585728444175,65.06024096385542,117.0,Priority for action,Low agreement,55.55551450881632,24.62228358141912,cumulative,hansen,92.0,130.33333333333334,129.0,False,4.104673923096012e-05,55.55555555555556,7.446924606622586,4.268637072371294,85.0,55.55555555555556,5.0,92.0,4.104673923096012e-05,10.26169165711343,214.0,BUKIT TIMAH
ULU PANDAN,essential_services,essential_services,23.60990524298083,31.32530120481928,229.0,Priority for action,Low agreement,38.13458392027229,16.71332715874129,cumulative,hansen,214.0,206.33333333333334,27.0,True,0.001009300066692364,38.13559322033898,31.96496761778605,77.1339593404342,189.0,38.13559322033898,135.0,214.0,0.001009300066692364,484.4745846034278,216.0,BUKIT TIMAH
ULU PANDAN,transport_services,transport_services,27.387597660482207,31.92771084337349,227.0,Priority for action,Low agreement,48.13630200698268,20.37464533132693,cumulative,hansen,177.0,153.66666666666666,80.0,False,0.020122574022907295,48.15642458100559,35.500551944148434,116.68895862498545,182.0,48.15642458100559,431.0,177.0,0.020122574022907295,3220.5635096487586,102.0,BUKIT TIMAH
UPPER PAYA LEBAR,community_spaces,community_spaces,29.057573551670608,60.8433734939759,131.0,Priority for action,Low agreement,65.03819863413959,26.55247142114649,cumulative,hansen,152.0,138.33333333333334,109.0,False,0.00036177717145618993,65.03856041131105,32.099505872513916,18.93881184559372,152.0,65.03856041131105,759.0,77.0,0.00036177717145618993,126.62259683784517,186.0,SERANGOON
UPPER PAYA LEBAR,education_institutions,education_institutions,41.79992367459944,84.63855421686746,52.0,Needs improvement,Low agreement,88.37757856269472,36.130410728584444,cumulative,hansen,73.0,65.66666666666667,98.0,False,0.0062598211436549,88.38383838383838,48.24255610297734,77.03044428634955,73.0,88.38383838383838,350.0,13.0,0.0062598211436549,1001.7014806387704,111.0,SERANGOON
UPPER PAYA LEBAR,emergency_services,emergency_services,10.929766863424184,43.373493975903614,189.0,Priority for action,Low agreement,44.444415922250656,20.058565556909763,cumulative,hansen,254.0,213.33333333333334,136.0,False,2.8522193788078238e-05,44.44444444444444,4.081738835754318,2.3396855258268303,261.0,44.44444444444444,4.0,125.0,2.8522193788078238e-05,7.130553206451346,254.0,SERANGOON
UPPER PAYA LEBAR,essential_services,essential_services,46.540554125126235,89.7590361445783,35.0,Needs improvement,Low agreement,90.67598439956718,37.41102939127558,cumulative,hansen,52.0,71.66666666666667,137.0,False,0.0019817021277383252,90.67796610169492,56.80873278829785,137.08390189752538,52.0,90.67796610169492,321.0,13.0,0.0019817021277383252,951.2377407148128,150.0,SERANGOON
UPPER PAYA LEBAR,transport_services,transport_services,40.65628219733047,79.81927710843374,68.0,Needs improvement,Low agreement,82.67378694296166,33.90737931878162,cumulative,hansen,96.0,108.0,148.0,False,0.0077773028483944205,82.68156424581005,48.235272314627885,158.54749819782086,96.0,82.68156424581005,740.0,40.0,0.0077773028483944205,1244.736271240095,188.0,SERANGOON
UPPER THOMSON,community_spaces,community_spaces,28.16057155114841,55.72289156626506,148.0,Priority for action,Low agreement,46.61483897075321,20.199653244248125,cumulative,hansen,165.0,146.66666666666666,63.0,False,0.0004138141653855858,46.615252784918596,37.674793699830154,22.22824961968061,106.0,46.615252784918596,544.0,165.0,0.0004138141653855858,144.83562912082107,169.0,BISHAN
UPPER THOMSON,education_institutions,education_institutions,26.62754227682185,45.78313253012048,181.0,Priority for action,Low agreement,46.71496510357015,19.789544751231606,cumulative,hansen,187.0,184.0,47.0,False,0.0022066136015632524,46.717171717171716,34.56689189861407,55.19407045648078,159.0,46.717171717171716,185.0,187.0,0.0022066136015632524,353.1040362269839,206.0,BISHAN
UPPER THOMSON,emergency_services,emergency_services,8.702793442406172,22.89156626506024,257.0,Priority for action,Low agreement,33.33327781562258,14.847007460827571,cumulative,hansen,182.0,208.33333333333334,81.0,True,5.5517710752015996e-05,33.33333333333333,4.0722202408525625,2.3342293906810037,262.0,33.33333333333333,3.0,182.0,5.5517710752015996e-05,13.87943695211458,181.0,BISHAN
UPPER THOMSON,essential_services,essential_services,27.560806395023473,45.18072289156627,183.0,Priority for action,Low agreement,45.76137034289653,19.803059012759864,cumulative,hansen,169.0,175.0,36.0,False,0.0013415215102553933,45.76271186440678,36.81572313137808,88.83921063396609,160.0,45.76271186440678,162.0,169.0,0.0013415215102553933,643.9443510070085,196.0,BISHAN
UPPER THOMSON,transport_services,transport_services,24.037316465694417,19.879518072289155,267.0,Priority for action,Low agreement,41.672529203820325,17.726410450809176,cumulative,hansen,216.0,227.0,37.0,False,0.0034484498109619913,41.675977653631286,31.402172800049744,103.2177428780409,216.0,41.675977653631286,373.0,214.0,0.0034484498109619913,551.9150588486576,251.0,BISHAN
VICTORIA,community_spaces,community_spaces,31.402601886276415,68.37349397590361,106.0,Priority for action,Low agreement,86.80228274413288,36.16528194938934,cumulative,hansen,63.0,94.0,187.0,False,0.001487607195318164,86.8037703513282,28.082803067704358,16.56894425442014,203.0,86.8037703513282,1013.0,16.0,0.001487607195318164,520.664931365521,63.0,ROCHOR
VICTORIA,education_institutions,education_institutions,25.422143896720286,38.25301204819277,206.0,Priority for action,Low agreement,70.69939614981108,29.486933902400366,cumulative,hansen,94.0,131.66666666666666,167.0,False,0.007674557259636551,70.70707070707071,22.556854776256504,36.017257075034394,234.0,70.70707070707071,280.0,67.0,0.007674557259636551,1228.0886616093344,94.0,ROCHOR
VICTORIA,emergency_services,emergency_services,20.738797855687363,88.25301204819277,40.0,Priority for action,Low agreement,88.88872725594638,40.578849732811555,cumulative,hansen,61.0,79.66666666666667,162.0,False,0.00016163294250474652,88.88888888888889,5.921943176053667,3.3945054525325107,170.0,88.88888888888889,8.0,8.0,0.00016163294250474652,40.40826259749781,61.0,ROCHOR
VICTORIA,essential_services,essential_services,31.536397955052806,58.13253012048193,140.0,Priority for action,Low agreement,81.63566654124678,33.68661636162698,cumulative,hansen,121.0,118.33333333333333,170.0,False,0.0027515378492704115,81.63841807909604,30.415777755757638,73.39564340477774,202.0,81.63841807909604,289.0,32.0,0.0027515378492704115,1320.766935956428,121.0,ROCHOR
VICTORIA,transport_services,transport_services,61.55422299417285,98.49397590361446,6.0,Adequate,Low agreement,71.29165239171756,30.848120965013827,hansen,2sfca,30.0,92.0,238.0,False,28.700029207553808,99.99168159927137,28.700029207553808,94.33590007290388,242.0,86.03351955307262,770.0,30.0,99.99168159927137,16003398.007652303,4.0,ROCHOR
WATERWAY EAST,community_spaces,community_spaces,14.99590050387621,13.855421686746988,287.0,Priority for action,Moderate agreement,21.519250105693263,10.060982373128336,2sfca,hansen,265.0,197.0,246.0,True,0.003998983881232203,21.523249089574495,21.523249089574495,12.69878628139063,265.0,21.165381319622963,247.0,286.0,0.003998983881232203,1399.6508450661745,40.0,PUNGGOL
WATERWAY EAST,education_institutions,education_institutions,31.228475777650047,60.8433734939759,131.0,Priority for action,Low agreement,45.896447001228964,21.19677758823043,cumulative,hansen,100.0,111.33333333333333,152.0,False,0.06314895836699261,45.95959595959596,44.03522379644152,70.31246118153715,100.0,45.95959595959596,182.0,193.0,0.06314895836699261,10105.145761413762,41.0,PUNGGOL
WATERWAY EAST,emergency_services,emergency_services,6.261727732054427,14.759036144578314,284.0,Priority for action,Moderate agreement,22.222136573811603,9.732735625643725,cumulative,hansen,252.0,219.66666666666666,143.0,True,8.56484106190706e-05,22.22222222222222,3.6345151861735934,2.0833333333333335,275.0,22.22222222222222,2.0,252.0,8.56484106190706e-05,21.412116946717664,132.0,PUNGGOL
WATERWAY EAST,essential_services,essential_services,34.21697598560782,67.7710843373494,108.0,Priority for action,Low agreement,50.493338986199504,22.538294772740418,2sfca,hansen,90.0,99.66666666666667,139.0,False,0.05469102523960014,50.5480300114391,50.5480300114391,121.9763379166358,90.0,44.632768361581924,158.0,174.0,0.05469102523960014,26252.263929124467,35.0,PUNGGOL
WATERWAY EAST,transport_services,transport_services,21.79068069725463,15.060240963855422,283.0,Priority for action,Low agreement,31.380264092701427,14.703176217623232,cumulative,hansen,219.0,204.66666666666666,157.0,True,0.0163839519913101,31.39664804469274,31.012871805437374,101.938125374503,219.0,31.39664804469274,281.0,276.0,0.0163839519913101,2622.2071722525534,119.0,PUNGGOL
WENYA,community_spaces,community_spaces,19.8398236844071,24.397590361445783,252.0,Priority for action,Moderate agreement,29.648565381570965,13.566027484058921,cumulative,hansen,249.0,243.66666666666666,68.0,True,0.00010642648387947228,29.648671808054843,27.820114789701933,16.413957324375495,207.0,29.648671808054843,346.0,249.0,0.00010642648387947228,37.249441989105016,275.0,JURONG WEST
WENYA,education_institutions,education_institutions,26.710119086233927,46.68674698795181,178.0,Priority for action,Low agreement,39.14034599678454,18.134780914347726,cumulative,hansen,238.0,210.0,108.0,True,0.0010681446296048117,39.141414141414145,37.763031629124434,60.29744978233853,142.0,39.141414141414145,155.0,238.0,0.0010681446296048117,170.92533995097116,250.0,JURONG WEST
WENYA,emergency_services,emergency_services,9.557622956560426,30.72289156626506,231.0,Priority for action,Low agreement,33.33328473821526,14.543497506865338,cumulative,hansen,182.0,184.0,20.0,True,4.8595118068222406e-05,33.33333333333333,5.781883422716678,3.3142220755650884,175.0,33.33333333333333,3.0,182.0,4.8595118068222406e-05,12.148787626009328,195.0,JURONG WEST
WENYA,essential_services,essential_services,24.73426939115821,35.8433734939759,214.0,Priority for action,Low agreement,36.58627832139887,16.31220515986063,2sfca,hansen,247.0,219.33333333333334,87.0,True,0.0005653304463486644,36.58684365184522,36.58684365184522,88.28690660290165,162.0,32.20338983050847,114.0,249.0,0.0005653304463486644,271.3645249782007,247.0,JURONG WEST
WENYA,transport_services,transport_services,29.379773585245683,40.36144578313253,199.0,Priority for action,Low agreement,42.97947262339346,19.479944170376722,2sfca,hansen,229.0,216.0,141.0,False,0.002211396405467002,42.98168401979893,42.98168401979893,141.2791540849612,139.0,39.4413407821229,353.0,229.0,0.002211396405467002,353.92800944391723,280.0,JURONG WEST
WEST COAST,community_spaces,community_spaces,21.62729636570219,31.32530120481928,229.0,Priority for action,Low agreement,33.07498721198168,14.924247198566365,cumulative,hansen,177.0,157.66666666666666,156.0,True,0.00127671261129604,33.07626392459297,30.023321134000412,17.713856163236326,177.0,33.07626392459297,386.0,226.0,0.00127671261129604,446.8514848718353,70.0,CLEMENTI
WEST COAST,education_institutions,education_institutions,21.10872923360385,27.710843373493976,241.0,Priority for action,Low agreement,35.85631662757394,15.370278817470599,cumulative,hansen,202.0,214.66666666666666,60.0,True,0.002269231011914051,35.858585858585855,27.872662585166207,44.50517874293062,191.0,35.858585858585855,142.0,251.0,0.002269231011914051,363.124123258662,202.0,CLEMENTI
WEST COAST,emergency_services,emergency_services,12.572866771720278,53.01204819277109,157.0,Priority for action,Low agreement,44.444373846545076,19.448669271947125,cumulative,hansen,125.0,121.33333333333333,59.0,False,7.059789936508946e-05,44.44444444444444,7.36791340692316,4.22334721729883,90.0,44.44444444444444,4.0,125.0,7.059789936508946e-05,17.649486621778756,149.0,CLEMENTI
WEST COAST,essential_services,essential_services,20.521375276940546,23.49397590361446,255.0,Priority for action,Low agreement,31.354425889306437,14.1554604014701,cumulative,hansen,213.0,216.66666666666666,71.0,True,0.001506314083393602,31.35593220338983,28.499473884075122,68.77145273799196,213.0,31.35593220338983,111.0,254.0,0.001506314083393602,723.0465090782994,183.0,CLEMENTI
WEST COAST,transport_services,transport_services,31.36626079981874,48.795180722891565,171.0,Priority for action,Low agreement,47.70539917059325,21.594633118873425,cumulative,hansen,181.0,185.0,106.0,False,0.004098036110657267,47.70949720670391,43.64626389528952,143.4636027582135,134.0,47.70949720670391,427.0,181.0,0.004098036110657267,655.8795879782224,240.0,CLEMENTI
WOODGROVE,community_spaces,community_spaces,20.329605489506108,27.10843373493976,243.0,Priority for action,Low agreement,31.747254107224954,13.307872670571639,2sfca,hansen,266.0,236.0,122.0,True,0.00013585549257327548,31.747389962717527,31.747389962717527,18.731062324776826,160.0,22.279348757497857,260.0,282.0,0.00013585549257327548,47.54964276787123,266.0,WOODLANDS
WOODGROVE,education_institutions,education_institutions,57.576874817495494,97.59036144578313,9.0,Needs improvement,Low agreement,67.16041717606166,29.72929820093285,hansen,cumulative,116.0,128.0,258.0,False,32.82828282828283,99.9887000043445,42.029216501071154,67.10940467528164,116.0,32.82828282828283,130.0,263.0,99.9887000043445,16000270.062511455,5.0,WOODLANDS
WOODGROVE,emergency_services,emergency_services,7.7898573711403625,21.686746987951807,261.0,Priority for action,Moderate agreement,22.22219921202602,9.308404194180497,cumulative,hansen,252.0,215.66666666666666,143.0,True,2.301019620125239e-05,22.22222222222222,6.690812047274114,3.835227272727273,126.0,22.22222222222222,2.0,252.0,2.301019620125239e-05,5.752552889970735,269.0,WOODLANDS
WOODGROVE,essential_services,essential_services,45.94456201384355,87.65060240963855,42.0,Needs improvement,Low agreement,39.26495605657033,16.286112484782944,hansen,cumulative,137.0,137.66666666666666,264.0,False,27.401129943502823,66.66608600007315,40.92902045024208,98.76491780007731,137.0,27.401129943502823,97.0,270.0,66.66608600007315,32000418.29766996,6.0,WOODLANDS
WOODGROVE,transport_services,transport_services,29.451884246935876,40.963855421686745,197.0,Priority for action,Low agreement,47.03569208549951,19.4146699552646,2sfca,hansen,123.0,170.0,177.0,False,0.015313118361139584,47.051005203860655,47.051005203860655,154.65485742686442,105.0,29.608938547486037,265.0,282.0,0.015313118361139584,2450.8231480066524,123.0,WOODLANDS
WOODLANDS EAST,community_spaces,community_spaces,26.859059222930423,51.80722891566265,161.0,Priority for action,Low agreement,36.140576151353486,15.707752296395558,2sfca,hansen,101.0,115.0,222.0,True,2.8882775587457594,39.02885371009925,39.02885371009925,23.027149386673212,101.0,32.390745501285345,378.0,233.0,2.8882775587457594,1010901.8305516484,11.0,WOODLANDS
WOODLANDS EAST,education_institutions,education_institutions,42.51267472013467,86.14457831325302,47.0,Needs improvement,Low agreement,62.893311818808115,28.029668120112675,2sfca,hansen,102.0,86.0,104.0,False,0.006765937655684335,62.9000777564638,62.9000777564638,100.43458155251668,26.0,55.3030303030303,219.0,130.0,0.006765937655684335,1082.6906411660643,102.0,WOODLANDS
WOODLANDS EAST,emergency_services,emergency_services,10.086009780905638,36.144578313253014,213.0,Priority for action,Low agreement,33.33323504952851,14.375285455749932,cumulative,hansen,120.0,138.66666666666666,68.0,True,9.828380481896797e-05,33.33333333333333,6.83862725819505,3.9199561403508776,120.0,33.33333333333333,3.0,182.0,9.828380481896797e-05,24.570967605130697,114.0,WOODLANDS
WOODLANDS EAST,essential_services,essential_services,42.10220551613108,82.83132530120481,58.0,Needs improvement,Low agreement,64.42209596288114,27.52429867671901,2sfca,hansen,79.0,85.33333333333333,121.0,False,0.005189856216239543,64.42728581909738,64.42728581909738,155.46806441998797,28.0,49.43502824858757,175.0,149.0,0.005189856216239543,2491.1852455871767,79.0,WOODLANDS
WOODLANDS EAST,transport_services,transport_services,40.563618927028365,79.21686746987952,70.0,Needs improvement,Low agreement,61.82128687831958,26.51157465736185,2sfca,hansen,82.0,97.33333333333333,144.0,False,0.02711321458432011,61.8484000929039,61.8484000929039,203.29332937743223,33.0,48.15642458100559,431.0,177.0,0.02711321458432011,4339.396610996886,82.0,WOODLANDS
WOODLANDS REGIONAL CENTRE,community_spaces,community_spaces,20.875610716772172,29.518072289156628,235.0,Priority for action,Low agreement,31.776049742494635,13.655597812160977,2sfca,hansen,158.0,191.0,131.0,True,0.0005491449523401973,31.776598887446976,31.776598887446976,18.748295684438503,158.0,24.93573264781491,291.0,273.0,0.0005491449523401973,192.20162407105025,142.0,WOODLANDS
WOODLANDS REGIONAL CENTRE,education_institutions,education_institutions,32.47135333472822,65.06024096385542,117.0,Priority for action,Low agreement,48.573852965288545,21.32162361134695,2sfca,hansen,167.0,154.66666666666666,161.0,False,0.003260837832207731,48.57711380312075,48.57711380312075,77.56464334965075,68.0,40.909090909090914,162.0,229.0,0.003260837832207731,521.8018230371147,167.0,WOODLANDS
WOODLANDS REGIONAL CENTRE,emergency_services,emergency_services,10.920722012769254,42.77108433734939,191.0,Priority for action,Low agreement,33.333264913592885,14.141296310198316,cumulative,hansen,151.0,132.66666666666666,117.0,True,6.841974044390898e-05,33.33333333333333,8.50806964036091,4.8768939393939394,65.0,33.33333333333333,3.0,182.0,6.841974044390898e-05,17.104946528019354,151.0,WOODLANDS
WOODLANDS REGIONAL CENTRE,essential_services,essential_services,32.41997767484867,60.54216867469879,132.0,Priority for action,Low agreement,50.03513090480574,21.193874797750556,2sfca,hansen,177.0,165.0,128.0,False,0.0016028486787140208,50.036733753484455,50.036733753484455,120.74254017769968,95.0,37.005649717514125,131.0,223.0,0.0016028486787140208,769.3841241356212,177.0,WOODLANDS
WOODLANDS REGIONAL CENTRE,transport_services,transport_services,35.01956333129995,64.1566265060241,120.0,Priority for action,Low agreement,54.37935396676095,22.898714303744516,2sfca,hansen,161.0,149.66666666666666,180.0,False,0.010821622050177879,54.39017558881113,54.39017558881113,178.77843023042377,54.0,39.10614525139665,350.0,234.0,0.010821622050177879,1731.9713198887223,161.0,WOODLANDS
WOODLANDS SOUTH,community_spaces,community_spaces,25.703620197263106,47.28915662650602,176.0,Priority for action,Low agreement,40.09144271531142,16.82067796566701,2sfca,hansen,88.0,129.33333333333334,214.0,False,0.002964809149345613,40.09440752446077,40.09440752446077,23.65582956890703,88.0,28.277634961439592,330.0,257.0,0.002964809149345613,1037.688011401254,43.0,WOODLANDS
WOODLANDS SOUTH,education_institutions,education_institutions,33.03315349447111,67.16867469879519,110.0,Priority for action,Low agreement,49.314060865960826,21.661119498724833,2sfca,hansen,66.0,111.33333333333333,182.0,False,0.05348716019670333,49.36754802615753,49.36754802615753,78.82675515089299,66.0,41.66666666666667,165.0,225.0,0.05348716019670333,8559.057253338446,43.0,WOODLANDS
WOODLANDS SOUTH,emergency_services,emergency_services,10.920714515205857,42.168674698795186,193.0,Priority for action,Low agreement,33.33328990547088,14.141304526419296,cumulative,hansen,182.0,150.66666666666666,140.0,True,4.342786245384029e-05,33.33333333333333,8.50806964036091,4.8768939393939394,65.0,33.33333333333333,3.0,182.0,4.342786245384029e-05,10.856972860165936,205.0,WOODLANDS
WOODLANDS SOUTH,essential_services,essential_services,32.90814985876421,63.55421686746988,122.0,Priority for action,Low agreement,50.732057831678254,21.491111101684435,2sfca,hansen,87.0,115.0,178.0,False,0.034995811424715764,50.76705364310297,50.76705364310297,122.5048590182794,87.0,37.570621468926554,133.0,218.0,0.034995811424715764,16798.35537751613,40.0,WOODLANDS
WOODLANDS SOUTH,transport_services,transport_services,34.11779061604479,59.337349397590366,136.0,Priority for action,Low agreement,52.80516435763269,22.30403238016376,2sfca,hansen,201.0,168.0,169.0,False,0.0071390381556692495,52.81230339578836,52.81230339578836,173.5920245842012,67.0,38.547486033519554,345.0,236.0,0.0071390381556692495,1142.58373466362,201.0,WOODLANDS
WOODLANDS WEST,community_spaces,community_spaces,23.185492519049156,39.75903614457831,201.0,Priority for action,Low agreement,36.22326326527646,15.17801413003242,2sfca,hansen,118.0,152.33333333333334,201.0,True,0.0012806924181135093,36.22454395769457,36.22454395769457,21.372597601094707,118.0,25.36418166238218,296.0,270.0,0.0012806924181135093,448.24442371347783,69.0,WOODLANDS
WOODLANDS WEST,education_institutions,education_institutions,27.60059741444055,50.30120481927711,166.0,Priority for action,Low agreement,41.961441173576475,18.008240636885493,2sfca,hansen,116.0,139.33333333333334,224.0,False,0.06777532749467871,42.029216501071154,42.029216501071154,67.10940467528164,116.0,32.82828282828283,130.0,263.0,0.06777532749467871,10845.460971518774,39.0,WOODLANDS
WOODLANDS WEST,emergency_services,emergency_services,7.789860026408143,21.987951807228914,260.0,Priority for action,Moderate agreement,22.222190361133418,9.308401139524937,cumulative,hansen,241.0,206.33333333333334,126.0,True,3.186108880510352e-05,22.22222222222222,6.690812047274114,3.835227272727273,126.0,22.22222222222222,2.0,252.0,3.186108880510352e-05,7.965277517861272,241.0,WOODLANDS
WOODLANDS WEST,essential_services,essential_services,26.56467998465697,42.168674698795186,193.0,Priority for action,Low agreement,41.94051846467814,17.43671819319978,2sfca,hansen,184.0,195.33333333333334,136.0,False,0.0015005166685598435,41.9420189813467,41.9420189813467,101.20936224452176,133.0,27.966101694915253,99.0,269.0,0.0015005166685598435,720.2636893440617,184.0,WOODLANDS
WOODLANDS WEST,transport_services,transport_services,31.69704985923567,50.602409638554214,165.0,Priority for action,Low agreement,50.38616319145684,20.82567806745158,2sfca,hansen,80.0,138.33333333333334,207.0,False,0.08526759195389567,50.47143078341073,50.47143078341073,165.89766569530738,80.0,32.17877094972067,288.0,271.0,0.08526759195389567,13646.84731136902,64.0,WOODLANDS
WOODLEIGH,community_spaces,community_spaces,33.15379928659149,75.6024096385542,82.0,Priority for action,Low agreement,74.20711539804668,30.29577059904827,cumulative,hansen,114.0,128.66666666666666,180.0,False,0.00025392500388106724,74.20736932305056,36.62449848896044,21.60857206264936,114.0,74.20736932305056,866.0,46.0,0.00025392500388106724,88.87416324270264,226.0,TOA PAYOH
WOODLEIGH,education_institutions,education_institutions,40.13768767070884,79.21686746987952,70.0,Needs improvement,Low agreement,87.1192162615189,35.57712501427529,cumulative,hansen,89.0,105.0,194.0,False,0.0019958596932297215,87.12121212121212,45.425692977116896,72.53266814000074,89.0,87.12121212121212,345.0,16.0,0.0019958596932297215,319.37903080217336,210.0,TOA PAYOH
WOODLEIGH,emergency_services,emergency_services,16.80457177575552,74.69879518072288,85.0,Priority for action,Low agreement,66.66662854950773,29.925125224959828,cumulative,hansen,106.0,133.33333333333334,154.0,False,3.811715892698882e-05,66.66666666666666,6.942454014549017,3.9794704720633898,106.0,66.66666666666666,6.0,70.0,3.811715892698882e-05,9.529296092268387,224.0,TOA PAYOH
WOODLEIGH,essential_services,essential_services,44.060125546756794,85.54216867469879,49.0,Needs improvement,Low agreement,87.5694031857157,36.01817396272831,cumulative,hansen,79.0,100.33333333333333,180.0,False,0.0012182832108602675,87.57062146892656,53.09127153601645,128.1133780255236,79.0,87.57062146892656,310.0,21.0,0.0012182832108602675,584.788678797106,201.0,TOA PAYOH
WOODLEIGH,transport_services,transport_services,39.15066734034146,75.6024096385542,82.0,Priority for action,Low agreement,82.00625383013693,33.54563146883344,cumulative,hansen,121.0,129.66666666666666,186.0,False,0.004919354220618024,82.01117318435755,45.49391379440752,149.5367574227053,121.0,82.01117318435755,734.0,41.0,0.004919354220618024,787.3293285403463,227.0,TOA PAYOH
XILIN,community_spaces,community_spaces,41.92477102595133,91.86746987951807,28.0,Needs improvement,Low agreement,73.80657504801277,30.640240214029973,2sfca,hansen,272.0,192.66666666666666,270.0,False,7.631402072305987e-05,73.80665136203349,73.80665136203349,43.54616200792671,18.0,25.107112253641816,293.0,272.0,7.631402072305987e-05,26.710031039814076,288.0,TAMPINES
XILIN,education_institutions,education_institutions,36.245953786326005,73.49397590361446,89.0,Priority for action,Low agreement,58.34941375314722,23.99842655431521,2sfca,hansen,254.0,188.66666666666666,236.0,False,0.0006747988066539923,58.350088551953874,58.350088551953874,93.16946713417302,38.0,35.35353535353536,140.0,254.0,0.0006747988066539923,107.9818333857246,274.0,TAMPINES
XILIN,emergency_services,emergency_services,4.645237226522619,9.036144578313253,303.0,Priority for action,High agreement,11.111094843828884,4.54840077795451,cumulative,hansen,288.0,272.0,70.0,True,1.6267282227446148e-05,11.11111111111111,4.846020248231457,2.7777777777777777,229.0,11.11111111111111,1.0,299.0,1.6267282227446148e-05,4.0668232713448855,288.0,TAMPINES
XILIN,essential_services,essential_services,43.9499539760498,85.2409638554217,50.0,Needs improvement,Low agreement,75.13092549826368,30.787289583302222,2sfca,hansen,250.0,175.66666666666666,257.0,False,0.00038804494688552977,75.13131354321057,75.13131354321057,181.29771796830624,10.0,31.92090395480226,113.0,250.0,0.00038804494688552977,186.26563165295843,267.0,TAMPINES
XILIN,transport_services,transport_services,42.049291476592295,82.2289156626506,60.0,Needs improvement,Low agreement,71.53461688912982,29.276584259119712,2sfca,hansen,255.0,182.0,261.0,False,0.0033167788610419333,71.53793366799087,71.53793366799087,235.14245623657388,15.0,31.39664804469274,281.0,276.0,0.0033167788610419333,530.8414796877317,255.0,TAMPINES
YEW TEE,community_spaces,community_spaces,23.294862972929668,40.36144578313253,199.0,Priority for action,Low agreement,33.39301775822621,15.647556016395454,2sfca,hansen,206.0,190.66666666666666,90.0,True,0.00029908685082448243,33.39331684507703,33.39331684507703,19.7021644862996,138.0,32.99057412167952,385.0,228.0,0.00029908685082448243,104.68088292861027,206.0,CHOA CHU KANG
YEW TEE,education_institutions,education_institutions,27.609003499172804,50.602409638554214,165.0,Priority for action,Low agreement,39.65269718857282,18.51366071800291,2sfca,hansen,130.0,161.33333333333334,126.0,True,0.006096408885763817,39.65879359745859,39.65879359745859,63.32447402148187,130.0,38.88888888888889,154.0,240.0,0.006096408885763817,975.5521231846932,114.0,CHOA CHU KANG
YEW TEE,emergency_services,emergency_services,14.76675117749026,64.1566265060241,120.0,Priority for action,Low agreement,44.44435579558015,18.803221862109346,cumulative,hansen,125.0,93.33333333333333,101.0,False,8.86488642923164e-05,44.44444444444444,11.755671387884165,6.73844537815126,27.0,44.44444444444444,4.0,125.0,8.86488642923164e-05,22.1622308657078,128.0,CHOA CHU KANG
YEW TEE,essential_services,essential_services,26.830581890540973,43.373493975903614,189.0,Priority for action,Low agreement,40.5492757360578,17.570208416963535,2sfca,hansen,142.0,167.66666666666666,129.0,False,0.0028396326598654435,40.552115368717665,40.552115368717665,97.85541644906296,142.0,32.7683615819209,116.0,245.0,0.0028396326598654435,1363.0533661046136,116.0,CHOA CHU KANG
YEW TEE,transport_services,transport_services,32.01624909180738,53.01204819277109,157.0,Priority for action,Low agreement,49.07750650323841,20.791729073902882,2sfca,hansen,83.0,127.66666666666667,198.0,False,0.2127915879447162,49.290298091183125,49.290298091183125,162.01532763840058,83.0,36.53631284916201,327.0,249.0,0.2127915879447162,34056.71771985137,51.0,CHOA CHU KANG
YIO CHU KANG,community_spaces,community_spaces,36.41316683934283,84.93975903614458,51.0,Priority for action,Low agreement,54.75516061734694,24.957668875677545,cumulative,hansen,121.0,96.66666666666667,89.0,False,0.0006234443497226078,54.75578406169666,50.92364598739715,30.045115139070123,40.0,54.75578406169666,639.0,121.0,0.0006234443497226078,218.20653367377537,129.0,ANG MO KIO
YIO CHU KANG,education_institutions,education_institutions,27.033093566751177,47.28915662650602,176.0,Priority for action,Low agreement,43.42804874398646,19.081976261821715,cumulative,hansen,146.0,154.0,96.0,False,0.006294690356980494,43.43434343434344,36.688672945550785,58.58198664348822,146.0,43.43434343434344,172.0,206.0,0.006294690356980494,1007.2812794565629,110.0,ANG MO KIO
YIO CHU KANG,emergency_services,emergency_services,9.371238542684898,29.21686746987952,236.0,Priority for action,Low agreement,32.911757837060485,14.527947734825926,cumulative,hansen,182.0,132.33333333333334,207.0,True,0.42157549627284346,33.33333333333333,5.156198454272758,2.9555744199207696,211.0,33.33333333333333,3.0,182.0,0.42157549627284346,105393.9444155282,4.0,ANG MO KIO
YIO CHU KANG,essential_services,essential_services,26.41293042527358,41.566265060240966,195.0,Priority for action,Low agreement,38.411732233719576,17.884746019093708,cumulative,hansen,155.0,145.33333333333334,141.0,True,0.006346862325620711,38.4180790960452,37.4548210947337,90.38140385341416,155.0,38.4180790960452,136.0,211.0,0.006346862325620711,3046.560275000429,70.0,ANG MO KIO
YIO CHU KANG,transport_services,transport_services,28.69077169818499,38.25301204819277,206.0,Priority for action,Low agreement,43.088364201411856,19.638459825734596,cumulative,hansen,157.0,145.33333333333334,135.0,False,0.04012741869987639,43.12849162011173,40.10607029710536,131.8271215859527,157.0,43.12849162011173,386.0,207.0,0.04012741869987639,6422.284756120263,72.0,ANG MO KIO
YIO CHU KANG EAST,community_spaces,community_spaces,17.791630026243766,20.180722891566266,266.0,Priority for action,Moderate agreement,28.277380166622265,12.493443221649235,cumulative,hansen,242.0,241.33333333333334,32.0,True,0.000254794817325067,28.277634961439592,24.272053191021296,14.320589554140518,242.0,28.277634961439592,330.0,257.0,0.000254794817325067,89.17859935900152,225.0,ANG MO KIO
YIO CHU KANG EAST,education_institutions,education_institutions,20.05288982746779,24.69879518072289,251.0,Priority for action,Low agreement,33.332677712412114,14.417680190428381,cumulative,hansen,261.0,244.33333333333334,78.0,True,0.0006556209212119112,33.33333333333333,26.772052949049524,42.74779986203269,197.0,33.33333333333333,132.0,261.0,0.0006556209212119112,104.91297314163832,275.0,ANG MO KIO
YIO CHU KANG EAST,emergency_services,emergency_services,6.31909457592621,16.566265060240966,278.0,Priority for action,Moderate agreement,22.222204033862162,9.713293498369925,cumulative,hansen,268.0,268.0,32.0,True,1.8188360058196575e-05,22.22222222222222,3.749289349947496,2.149122807017544,268.0,22.22222222222222,2.0,252.0,1.8188360058196575e-05,4.547093049598258,284.0,ANG MO KIO
YIO CHU KANG EAST,essential_services,essential_services,20.48240596676843,23.19277108433735,256.0,Priority for action,Low agreement,30.790613279667085,14.037069143064038,cumulative,hansen,260.0,248.33333333333334,63.0,True,0.00034717231031527866,30.7909604519774,28.648219449359708,69.13038738550736,211.0,30.7909604519774,109.0,260.0,0.00034717231031527866,166.6463387612887,274.0,ANG MO KIO
YIO CHU KANG EAST,transport_services,transport_services,22.49606155626671,16.566265060240966,278.0,Priority for action,Low agreement,33.965098818261936,15.442938603432777,cumulative,hansen,262.0,261.0,91.0,True,0.001381628665435031,33.96648044692737,31.404701956563212,103.22605611892293,215.0,33.96648044692737,304.0,262.0,0.001381628665435031,221.12592845822692,306.0,ANG MO KIO
YIO CHU KANG NORTH,community_spaces,community_spaces,34.91867298403834,81.02409638554217,64.0,Priority for action,Low agreement,52.356259156993985,23.90682525271427,cumulative,hansen,141.0,142.66666666666666,191.0,False,0.00021042312598758395,52.35646958011997,48.894631882153085,28.84799028226112,48.0,52.35646958011997,611.0,141.0,0.00021042312598758395,73.64843541685849,239.0,ANG MO KIO
YIO CHU KANG NORTH,education_institutions,education_institutions,28.583196829485257,55.12048192771084,150.0,Priority for action,Low agreement,46.967859815910174,20.419195750684885,cumulative,hansen,184.0,179.66666666666666,79.0,False,0.0018371537867943127,46.96969696969697,38.377412578819644,61.27845164747748,138.0,46.96969696969697,186.0,184.0,0.0018371537867943127,293.98278739294926,217.0,ANG MO KIO
YIO CHU KANG NORTH,emergency_services,emergency_services,6.319119461564478,16.867469879518072,277.0,Priority for action,Moderate agreement,22.222121081734606,9.713268854194558,cumulative,hansen,252.0,209.66666666666666,159.0,True,0.00010114048761649663,22.22222222222222,3.749289349947496,2.149122807017544,268.0,22.22222222222222,2.0,252.0,0.00010114048761649663,25.285138781200835,109.0,ANG MO KIO
YIO CHU KANG NORTH,essential_services,essential_services,27.349914185129077,44.87951807228915,184.0,Priority for action,Low agreement,40.394350082504936,18.62036255972882,cumulative,hansen,200.0,185.66666666666666,61.0,False,0.0011301434837666128,40.3954802259887,38.54095819377241,93.0023373652871,148.0,40.3954802259887,143.0,200.0,0.0011301434837666128,542.4806882599634,209.0,ANG MO KIO
YIO CHU KANG NORTH,transport_services,transport_services,30.8632338994717,46.3855421686747,179.0,Priority for action,Low agreement,45.685629862634684,21.02424080704003,cumulative,hansen,141.0,156.66666666666666,59.0,False,0.012694159711683948,45.69832402234637,43.43952169417785,142.78404903776678,135.0,45.69832402234637,409.0,194.0,0.012694159711683948,2031.6659044992332,141.0,ANG MO KIO
YIO CHU KANG WEST,community_spaces,community_spaces,37.44169868307102,87.34939759036145,43.0,Priority for action,Low agreement,56.126442852425114,25.631897161166275,cumulative,hansen,116.0,111.66666666666667,147.0,False,0.00037805588679730776,56.12682090831191,52.432442169285196,30.93530974566673,36.0,56.12682090831191,655.0,116.0,0.00037805588679730776,132.3201736124649,183.0,ANG MO KIO
YIO CHU KANG WEST,education_institutions,education_institutions,26.33798548723,43.97590361445783,187.0,Priority for action,Low agreement,42.924381735141075,18.731054554038263,cumulative,hansen,154.0,166.33333333333334,81.0,False,0.00491119415185011,42.92929292929293,35.50130708625172,56.68608130470363,154.0,42.92929292929293,170.0,213.0,0.00491119415185011,785.8931334802268,132.0,ANG MO KIO
YIO CHU KANG WEST,emergency_services,emergency_services,9.244794786092587,27.40963855421687,242.0,Priority for action,Low agreement,33.33323702570152,14.650146036249629,cumulative,hansen,182.0,169.33333333333334,96.0,True,9.630763180431531e-05,33.33333333333333,5.156198454272758,2.9555744199207696,211.0,33.33333333333333,3.0,182.0,9.630763180431531e-05,24.07692402170816,115.0,ANG MO KIO
YIO CHU KANG WEST,essential_services,essential_services,26.549472909214785,41.86746987951807,194.0,Priority for action,Low agreement,39.262853648066205,18.083081170396824,cumulative,hansen,156.0,163.0,83.0,True,0.0026830750976348386,39.26553672316384,37.39112128410545,90.2276912433548,156.0,39.26553672316384,139.0,208.0,0.0026830750976348386,1287.90409936894,125.0,ANG MO KIO
YIO CHU KANG WEST,transport_services,transport_services,26.74863109023204,28.313253012048197,239.0,Priority for action,Low agreement,41.08358016303652,18.479105791556073,cumulative,hansen,169.0,154.33333333333334,142.0,False,0.03373827271766932,41.11731843575419,37.030091842531796,121.7164978643335,169.0,41.11731843575419,368.0,218.0,0.03373827271766932,5399.719234199914,76.0,ANG MO KIO
YISHUN CENTRAL,community_spaces,community_spaces,22.45770173881472,35.24096385542169,216.0,Priority for action,Moderate agreement,29.10087068077851,12.90649403286805,2sfca,hansen,155.0,146.0,239.0,True,2.857519159128659,31.95838983990717,31.95838983990717,18.855552931872424,155.0,28.10625535561268,328.0,261.0,2.857519159128659,1000136.340793362,22.0,YISHUN
YISHUN CENTRAL,education_institutions,education_institutions,29.931372899214686,58.43373493975904,139.0,Priority for action,Low agreement,44.09657071934568,19.771280819508927,2sfca,hansen,124.0,152.33333333333334,135.0,False,0.005374575942462098,44.10194529528814,44.10194529528814,70.41899754931657,99.0,39.39393939393939,156.0,234.0,0.005374575942462098,860.0438504264396,124.0,YISHUN
YISHUN CENTRAL,emergency_services,emergency_services,10.280714888773847,38.25301204819277,206.0,Priority for action,Low agreement,33.33323859226071,14.31717827123181,cumulative,hansen,120.0,132.0,88.0,True,9.47410726175077e-05,33.33333333333333,7.228039599570792,4.143170426065163,94.0,33.33333333333333,3.0,182.0,9.47410726175077e-05,23.685283963598188,120.0,YISHUN
YISHUN CENTRAL,essential_services,essential_services,33.898270682914664,67.16867469879519,110.0,Priority for action,Low agreement,51.97215820077389,22.15935984309597,2sfca,hansen,104.0,130.66666666666666,124.0,False,0.003233828442133648,51.975392029216025,51.975392029216025,125.42067376454776,82.0,39.548022598870055,140.0,206.0,0.003233828442133648,1552.271463050427,104.0,YISHUN
YISHUN CENTRAL,transport_services,transport_services,24.118674314201762,20.481927710843372,265.0,Priority for action,Low agreement,36.01812827697695,15.837998272247471,2sfca,hansen,175.0,202.66666666666666,127.0,True,0.011314395619257053,36.02944267259621,36.02944267259621,118.42740225330076,175.0,30.502793296089386,273.0,280.0,0.011314395619257053,1810.838395904402,153.0,YISHUN
YISHUN EAST,community_spaces,community_spaces,16.150224347488727,16.265060240963855,279.0,Priority for action,Moderate agreement,23.83361611653916,10.66207389219763,2sfca,hansen,246.0,233.0,119.0,True,0.000425031618192306,23.834041148157354,23.834041148157354,14.062161038173624,246.0,21.165381319622963,247.0,286.0,0.000425031618192306,148.76175579867555,167.0,YISHUN
YISHUN EAST,education_institutions,education_institutions,42.45274008226927,85.8433734939759,48.0,Needs improvement,High agreement,14.153306662370028,5.886010395509037,hansen,cumulative,127.0,130.0,239.0,False,35.858585858585855,50.01189252095588,40.55491030853068,64.75533245773386,127.0,35.858585858585855,142.0,251.0,50.01189252095588,8002942.198846691,12.0,YISHUN
YISHUN EAST,emergency_services,emergency_services,10.280701639263995,37.65060240963856,208.0,Priority for action,Low agreement,33.33328275729355,14.317192173622708,cumulative,hansen,182.0,155.33333333333334,96.0,True,5.057603977581178e-05,33.33333333333333,7.228039599570792,4.143170426065163,94.0,33.33333333333333,3.0,182.0,5.057603977581178e-05,12.644018383458445,190.0,YISHUN
YISHUN EAST,essential_services,essential_services,31.78566104549509,59.337349397590366,136.0,Priority for action,Low agreement,48.749725517828594,20.771954553327138,2sfca,hansen,98.0,123.66666666666667,173.0,False,0.012085428847459553,48.76181094667605,48.76181094667605,117.66605203235169,98.0,37.005649717514125,131.0,223.0,0.012085428847459553,5801.13220423663,50.0,YISHUN
YISHUN EAST,transport_services,transport_services,21.474494766194827,14.156626506024098,286.0,Priority for action,Low agreement,32.29638369412269,14.072541016241088,2sfca,hansen,204.0,219.0,121.0,True,0.009833956179424022,32.30621765030211,32.30621765030211,106.18930377918396,204.0,26.59217877094972,238.0,287.0,0.009833956179424022,1573.898070439904,166.0,YISHUN
YISHUN SOUTH,community_spaces,community_spaces,22.525908641364836,36.144578313253014,213.0,Priority for action,Low agreement,33.808740033596145,14.77796677802491,2sfca,hansen,187.0,193.33333333333334,129.0,True,0.00035944180528498876,33.80909947540143,33.80909947540143,19.94747757727533,132.0,28.10625535561268,328.0,261.0,0.00035944180528498876,125.80521488979554,187.0,YISHUN
YISHUN SOUTH,education_institutions,education_institutions,41.548319248023326,84.03614457831326,54.0,Needs improvement,Moderate agreement,15.907866495008491,6.607594190056326,hansen,cumulative,131.0,135.66666666666666,242.0,False,34.090909090909086,49.99877558591758,39.46100950813247,63.00866579106719,131.0,34.090909090909086,135.0,259.0,49.99877558591758,8000843.216631739,17.0,YISHUN
YISHUN SOUTH,emergency_services,emergency_services,37.14981776410397,98.79518072289156,5.0,Priority for action,Low agreement,94.58915904824111,41.20289509565057,hansen,2sfca,188.0,147.66666666666666,249.0,False,5.410782006483996,99.99994105472511,5.410782006483996,3.101503759398496,188.0,22.22222222222222,2.0,252.0,99.99994105472511,25000001.95043762,3.0,YISHUN
YISHUN SOUTH,essential_services,essential_services,31.12178587265325,56.024096385542165,147.0,Priority for action,Low agreement,48.002393374782464,20.344210074024144,2sfca,hansen,132.0,155.33333333333334,132.0,False,0.0024313968317574665,48.004824771614224,48.004824771614224,115.839385365685,101.0,35.59322033898305,126.0,233.0,0.0024313968317574665,1167.0959003620376,132.0,YISHUN
YISHUN SOUTH,transport_services,transport_services,38.13815302861382,72.59036144578313,92.0,Priority for action,Moderate agreement,21.639857117115163,9.062665997708132,hansen,cumulative,189.0,163.33333333333334,269.0,False,28.37988826815642,50.019745385271584,34.912503518802126,114.7560659059461,189.0,28.37988826815642,254.0,285.0,50.019745385271584,8005524.868058263,16.0,YISHUN
YISHUN WEST,community_spaces,community_spaces,26.657853417474577,51.204819277108435,163.0,Priority for action,Low agreement,39.6308774967578,17.540002178508164,2sfca,hansen,93.0,117.33333333333333,185.0,True,0.00546049575262903,39.63633799251043,39.63633799251043,23.3855670697813,93.0,34.19023136246786,399.0,222.0,0.00546049575262903,1911.1823707307656,37.0,YISHUN
YISHUN WEST,education_institutions,education_institutions,36.40121403653528,73.79518072289156,88.0,Priority for action,Low agreement,53.32874424098633,24.06900643070542,2sfca,hansen,51.0,88.0,125.0,False,0.049840273840520144,53.378584514826855,53.378584514826855,85.23130639630034,51.0,48.484848484848484,192.0,169.0,0.049840273840520144,7975.479643231663,44.0,YISHUN
YISHUN WEST,emergency_services,emergency_services,10.280700914682921,37.34939759036144,209.0,Priority for action,Low agreement,33.3332851725638,14.317192933908624,cumulative,hansen,182.0,157.66666666666666,103.0,True,4.816076953127621e-05,33.33333333333333,7.228039599570792,4.143170426065163,94.0,33.33333333333333,3.0,182.0,4.816076953127621e-05,12.040200419294052,197.0,YISHUN
YISHUN WEST,essential_services,essential_services,41.1488241973113,80.72289156626506,65.0,Needs improvement,Low agreement,62.805101053295544,26.884324897197917,2sfca,hansen,39.0,77.33333333333333,117.0,False,0.03594943296217976,62.84105048625772,62.84105048625772,151.64035487463136,38.0,48.58757062146893,172.0,155.0,0.03594943296217976,17256.103685951122,39.0,YISHUN
YISHUN WEST,transport_services,transport_services,30.520808069016454,45.18072289156627,183.0,Priority for action,Low agreement,45.64784181119137,20.034101917636676,2sfca,hansen,146.0,167.33333333333334,120.0,False,0.012170406789926931,45.6600122179813,45.6600122179813,150.08271659839838,118.0,38.435754189944134,344.0,238.0,0.012170406789926931,1947.840666934578,146.0,YISHUN
YUHUA EAST,community_spaces,community_spaces,35.250919195813424,82.83132530120481,58.0,Priority for action,Low agreement,58.26828632815917,25.26532944448318,cumulative,hansen,101.0,89.66666666666667,56.0,False,0.0007796529890659052,58.26906598114824,47.1937442073741,27.844461076202165,56.0,58.26906598114824,680.0,101.0,0.0007796529890659052,272.879810825399,112.0,JURONG EAST
YUHUA EAST,education_institutions,education_institutions,35.57139689011443,72.28915662650603,93.0,Priority for action,Low agreement,60.096382177924,25.816766937381235,cumulative,hansen,102.0,105.33333333333333,60.0,False,0.004627923086100352,60.1010101010101,47.09961298597316,75.20547017202347,77.0,60.1010101010101,238.0,102.0,0.004627923086100352,740.5638757471565,137.0,JURONG EAST
YUHUA EAST,emergency_services,emergency_services,15.360118842601494,67.46987951807229,109.0,Priority for action,Low agreement,55.55547590230559,24.43367798984784,cumulative,hansen,92.0,101.0,71.0,False,7.965324997196467e-05,55.55555555555556,8.497967671030779,4.871103409334294,70.0,55.55555555555556,5.0,92.0,7.965324997196467e-05,19.913325784542742,141.0,JURONG EAST
YUHUA EAST,essential_services,essential_services,38.79549527624168,78.3132530120482,73.0,Priority for action,Low agreement,58.18971491450064,26.56377415598176,cumulative,hansen,111.0,104.0,69.0,False,0.0023754809795777368,58.19209039548022,54.312729105703525,131.06085038472864,66.0,58.19209039548022,206.0,111.0,0.0023754809795777368,1140.2557066956497,135.0,JURONG EAST
YUHUA EAST,transport_services,transport_services,37.45525861111749,69.87951807228916,101.0,Priority for action,Low agreement,59.43354738609299,26.278096987233386,cumulative,hansen,115.0,126.33333333333333,110.0,False,0.007793396029916435,59.44134078212291,51.12930487176788,168.06007270231763,77.0,59.44134078212291,532.0,115.0,0.007793396029916435,1247.311941385721,187.0,JURONG EAST
YUHUA WEST,community_spaces,community_spaces,32.74628148041886,73.49397590361446,89.0,Priority for action,Low agreement,53.898311415517355,23.41505218038036,cumulative,hansen,127.0,111.33333333333333,65.0,False,0.000574617044762078,53.89888603256212,43.932663777586,25.920413119875548,71.0,53.89888603256212,629.0,127.0,0.000574617044762078,201.1168977362453,136.0,JURONG EAST
YUHUA WEST,education_institutions,education_institutions,36.231104990480446,73.19277108433735,90.0,Priority for action,Low agreement,59.077358636137795,25.771472988127424,cumulative,hansen,67.0,78.66666666666667,47.0,False,0.013550454771300893,59.09090909090909,48.81771607173447,77.94882074705185,67.0,59.09090909090909,234.0,108.0,0.013550454771300893,2168.35438205758,61.0,JURONG EAST
YUHUA WEST,emergency_services,emergency_services,15.563832136513849,68.37349397590361,106.0,Priority for action,Low agreement,55.541789060417464,24.360280089385867,cumulative,hansen,54.0,50.666666666666664,86.0,False,0.013766495138095986,55.55555555555556,8.897182153722614,5.099936361279374,54.0,55.55555555555556,5.0,92.0,0.013766495138095986,3441.626081706851,6.0,JURONG EAST
YUHUA WEST,essential_services,essential_services,35.838689479840255,71.98795180722891,94.0,Priority for action,Low agreement,52.539370787854665,24.335448463532266,cumulative,hansen,112.0,111.0,45.0,False,0.0030020935012728188,52.54237288135594,50.658628551037374,122.24322081664342,88.0,52.54237288135594,186.0,133.0,0.0030020935012728188,1441.0362685660198,112.0,JURONG EAST
YUHUA WEST,transport_services,transport_services,39.02188533516369,75.0,84.0,Priority for action,Low agreement,59.87491325595943,26.960849819216772,cumulative,hansen,112.0,100.0,78.0,False,0.013354900465161471,59.88826815642459,54.08045046747845,177.76037558369129,55.0,59.88826815642459,536.0,112.0,0.013354900465161471,2137.4156737665794,133.0,JURONG EAST
YUNNAN,community_spaces,community_spaces,17.453381378476337,19.879518072289155,267.0,Priority for action,Moderate agreement,25.278186546444598,11.803983572179686,cumulative,hansen,239.0,237.66666666666666,68.0,True,0.0003053130241265682,25.278491859468723,24.795182825350707,14.62923772320478,239.0,25.278491859468723,295.0,271.0,0.0003053130241265682,106.86005368363406,203.0,JURONG WEST
YUNNAN,education_institutions,education_institutions,25.204418318326024,37.34939759036144,209.0,Priority for action,Low agreement,36.35822884295355,16.84949958997132,2sfca,hansen,148.0,170.66666666666666,146.0,True,0.0063773458090375735,36.364606188762586,36.364606188762586,58.06453880758695,148.0,35.1010101010101,139.0,255.0,0.0063773458090375735,1020.507869611198,109.0,JURONG WEST
YUNNAN,emergency_services,emergency_services,9.55805186925433,31.32530120481928,229.0,Priority for action,Low agreement,33.331855029235584,14.543070267322628,cumulative,hansen,175.0,122.33333333333333,172.0,True,0.0014783040977482636,33.33333333333333,5.781883422716678,3.3142220755650884,175.0,33.33333333333333,3.0,182.0,0.0014783040977482636,369.5762711182141,10.0,JURONG WEST
YUNNAN,essential_services,essential_services,22.51386684685978,27.710843373493976,241.0,Priority for action,Low agreement,33.61105557863197,14.792666707193154,2sfca,hansen,180.0,191.0,141.0,True,0.002655460347824449,33.613711038979794,33.613711038979794,81.11250577707767,180.0,28.53107344632768,101.0,267.0,0.002655460347824449,1274.6487307379243,126.0,JURONG WEST
YUNNAN,transport_services,transport_services,45.31262785110631,87.95180722891565,41.0,Needs improvement,Low agreement,70.0515805935962,29.603171800462768,2sfca,hansen,74.0,85.66666666666667,145.0,False,0.037317892605937195,70.08889848620214,70.08889848620214,230.37953292653887,19.0,51.28491620111731,459.0,164.0,0.037317892605937195,5972.6277089032355,74.0,JURONG WEST
